"scenario","region","subRegion","param","classLabel1","class1","classLabel2","class2","xLabel","x","vintage","units","value"
"Baseline_NDC","EU-12","EU-12","emissGHGBySectorPowerGWPAR5","sector","CO2_biomass","ghg","CO2","Year",1990,"Vint_1990","GHG emissions - (MTCO2eq)",0.197694222
"Baseline_NDC","EU-12","EU-12","emissGHGBySectorPowerGWPAR5","sector","CO2_coal","ghg","CO2","Year",1990,"Vint_1990","GHG emissions - (MTCO2eq)",585.378962593333
"Baseline_NDC","EU-12","EU-12","emissGHGBySectorPowerGWPAR5","sector","CO2_natural gas","ghg","CO2","Year",1990,"Vint_1990","GHG emissions - (MTCO2eq)",69.74121
"Baseline_NDC","EU-12","EU-12","emissGHGBySectorPowerGWPAR5","sector","CO2_refined liquids","ghg","CO2","Year",1990,"Vint_1990","GHG emissions - (MTCO2eq)",61.6780274
"Baseline_NDC","EU-12","EU-12","emissGHGBySectorPowerGWPAR5","sector","CO2_biomass","ghg","CO2","Year",2005,"Vint_2005","GHG emissions - (MTCO2eq)",6.149627
"Baseline_NDC","EU-12","EU-12","emissGHGBySectorPowerGWPAR5","sector","CO2_coal","ghg","CO2","Year",2005,"Vint_2005","GHG emissions - (MTCO2eq)",556.476873333333
"Baseline_NDC","EU-12","EU-12","emissGHGBySectorPowerGWPAR5","sector","CO2_natural gas","ghg","CO2","Year",2005,"Vint_2005","GHG emissions - (MTCO2eq)",45.7917533333333
"Baseline_NDC","EU-12","EU-12","emissGHGBySectorPowerGWPAR5","sector","CO2_refined liquids","ghg","CO2","Year",2005,"Vint_2005","GHG emissions - (MTCO2eq)",18.5134048
"Baseline_NDC","EU-12","EU-12","emissGHGBySectorPowerGWPAR5","sector","CO2_biomass","ghg","CO2","Year",2010,"Vint_2010","GHG emissions - (MTCO2eq)",19.0979374666667
"Baseline_NDC","EU-12","EU-12","emissGHGBySectorPowerGWPAR5","sector","CO2_coal","ghg","CO2","Year",2010,"Vint_2010","GHG emissions - (MTCO2eq)",553.26832
"Baseline_NDC","EU-12","EU-12","emissGHGBySectorPowerGWPAR5","sector","CO2_natural gas","ghg","CO2","Year",2010,"Vint_2010","GHG emissions - (MTCO2eq)",40.7166871892
"Baseline_NDC","EU-12","EU-12","emissGHGBySectorPowerGWPAR5","sector","CO2_refined liquids","ghg","CO2","Year",2010,"Vint_2010","GHG emissions - (MTCO2eq)",17.8210024666667
"Baseline_NDC","EU-12","EU-12","emissGHGBySectorPowerGWPAR5","sector","CO2_biomass","ghg","CO2","Year",2015,"Vint_2015","GHG emissions - (MTCO2eq)",28.509536
"Baseline_NDC","EU-12","EU-12","emissGHGBySectorPowerGWPAR5","sector","CO2_coal","ghg","CO2","Year",2015,"Vint_2015","GHG emissions - (MTCO2eq)",497.71282
"Baseline_NDC","EU-12","EU-12","emissGHGBySectorPowerGWPAR5","sector","CO2_natural gas","ghg","CO2","Year",2015,"Vint_2015","GHG emissions - (MTCO2eq)",31.9928878903333
"Baseline_NDC","EU-12","EU-12","emissGHGBySectorPowerGWPAR5","sector","CO2_refined liquids","ghg","CO2","Year",2015,"Vint_2015","GHG emissions - (MTCO2eq)",11.561385
"Baseline_NDC","EU-12","EU-12","emissGHGBySectorPowerGWPAR5","sector","CO2_biomass","ghg","CO2","Year",2020,"Vint_2020","GHG emissions - (MTCO2eq)",28.3342898666667
"Baseline_NDC","EU-12","EU-12","emissGHGBySectorPowerGWPAR5","sector","CO2_coal","ghg","CO2","Year",2020,"Vint_2020","GHG emissions - (MTCO2eq)",577.525578666667
"Baseline_NDC","EU-12","EU-12","emissGHGBySectorPowerGWPAR5","sector","CO2_natural gas","ghg","CO2","Year",2020,"Vint_2020","GHG emissions - (MTCO2eq)",34.7462515414667
"Baseline_NDC","EU-12","EU-12","emissGHGBySectorPowerGWPAR5","sector","CO2_refined liquids","ghg","CO2","Year",2020,"Vint_2020","GHG emissions - (MTCO2eq)",8.09975591333333
"Baseline_NDC","EU-12","EU-12","emissGHGBySectorPowerGWPAR5","sector","backup_electricity_CO2","ghg","CO2","Year",2020,"Vint_2020","GHG emissions - (MTCO2eq)",0.328429933333333
"Baseline_NDC","EU-12","EU-12","emissGHGBySectorPowerGWPAR5","sector","CO2_biomass","ghg","CO2","Year",2025,"Vint_2025","GHG emissions - (MTCO2eq)",52.3344219346667
"Baseline_NDC","EU-12","EU-12","emissGHGBySectorPowerGWPAR5","sector","CO2_coal","ghg","CO2","Year",2025,"Vint_2025","GHG emissions - (MTCO2eq)",122.10217712
"Baseline_NDC","EU-12","EU-12","emissGHGBySectorPowerGWPAR5","sector","CO2_natural gas","ghg","CO2","Year",2025,"Vint_2025","GHG emissions - (MTCO2eq)",9.28033562001333
"Baseline_NDC","EU-12","EU-12","emissGHGBySectorPowerGWPAR5","sector","CO2_refined liquids","ghg","CO2","Year",2025,"Vint_2025","GHG emissions - (MTCO2eq)",5.07356648333333
"Baseline_NDC","EU-12","EU-12","emissGHGBySectorPowerGWPAR5","sector","backup_electricity_CO2","ghg","CO2","Year",2025,"Vint_2025","GHG emissions - (MTCO2eq)",1.82106466666667
"Baseline_NDC","EU-12","EU-12","emissGHGBySectorPowerGWPAR5","sector","CO2_biomass","ghg","CO2","Year",2030,"Vint_2030","GHG emissions - (MTCO2eq)",55.8426442273333
"Baseline_NDC","EU-12","EU-12","emissGHGBySectorPowerGWPAR5","sector","CO2_coal","ghg","CO2","Year",2030,"Vint_2030","GHG emissions - (MTCO2eq)",185.63580464
"Baseline_NDC","EU-12","EU-12","emissGHGBySectorPowerGWPAR5","sector","CO2_natural gas","ghg","CO2","Year",2030,"Vint_2030","GHG emissions - (MTCO2eq)",12.7210289211867
"Baseline_NDC","EU-12","EU-12","emissGHGBySectorPowerGWPAR5","sector","CO2_refined liquids","ghg","CO2","Year",2030,"Vint_2030","GHG emissions - (MTCO2eq)",3.53123853573333
"Baseline_NDC","EU-12","EU-12","emissGHGBySectorPowerGWPAR5","sector","backup_electricity_CO2","ghg","CO2","Year",2030,"Vint_2030","GHG emissions - (MTCO2eq)",2.79143333333333
"Baseline_NDC","EU-15","EU-15","emissGHGBySectorPowerGWPAR5","sector","CO2_biomass","ghg","CO2","Year",1990,"Vint_1990","GHG emissions - (MTCO2eq)",20.3992536
"Baseline_NDC","EU-15","EU-15","emissGHGBySectorPowerGWPAR5","sector","CO2_coal","ghg","CO2","Year",1990,"Vint_1990","GHG emissions - (MTCO2eq)",1593.42018
"Baseline_NDC","EU-15","EU-15","emissGHGBySectorPowerGWPAR5","sector","CO2_natural gas","ghg","CO2","Year",1990,"Vint_1990","GHG emissions - (MTCO2eq)",128.613158666667
"Baseline_NDC","EU-15","EU-15","emissGHGBySectorPowerGWPAR5","sector","CO2_refined liquids","ghg","CO2","Year",1990,"Vint_1990","GHG emissions - (MTCO2eq)",232.766658666667
"Baseline_NDC","EU-15","EU-15","emissGHGBySectorPowerGWPAR5","sector","CO2_biomass","ghg","CO2","Year",2005,"Vint_2005","GHG emissions - (MTCO2eq)",117.270868
"Baseline_NDC","EU-15","EU-15","emissGHGBySectorPowerGWPAR5","sector","CO2_coal","ghg","CO2","Year",2005,"Vint_2005","GHG emissions - (MTCO2eq)",1393.68056666667
"Baseline_NDC","EU-15","EU-15","emissGHGBySectorPowerGWPAR5","sector","CO2_natural gas","ghg","CO2","Year",2005,"Vint_2005","GHG emissions - (MTCO2eq)",435.491591333333
"Baseline_NDC","EU-15","EU-15","emissGHGBySectorPowerGWPAR5","sector","CO2_refined liquids","ghg","CO2","Year",2005,"Vint_2005","GHG emissions - (MTCO2eq)",145.620845333333
"Baseline_NDC","EU-15","EU-15","emissGHGBySectorPowerGWPAR5","sector","CO2_biomass","ghg","CO2","Year",2010,"Vint_2010","GHG emissions - (MTCO2eq)",174.166388
"Baseline_NDC","EU-15","EU-15","emissGHGBySectorPowerGWPAR5","sector","CO2_coal","ghg","CO2","Year",2010,"Vint_2010","GHG emissions - (MTCO2eq)",1134.45537333333
"Baseline_NDC","EU-15","EU-15","emissGHGBySectorPowerGWPAR5","sector","CO2_natural gas","ghg","CO2","Year",2010,"Vint_2010","GHG emissions - (MTCO2eq)",509.38998
"Baseline_NDC","EU-15","EU-15","emissGHGBySectorPowerGWPAR5","sector","CO2_refined liquids","ghg","CO2","Year",2010,"Vint_2010","GHG emissions - (MTCO2eq)",83.9341653333333
"Baseline_NDC","EU-15","EU-15","emissGHGBySectorPowerGWPAR5","sector","CO2_biomass","ghg","CO2","Year",2015,"Vint_2015","GHG emissions - (MTCO2eq)",206.919159333333
"Baseline_NDC","EU-15","EU-15","emissGHGBySectorPowerGWPAR5","sector","CO2_coal","ghg","CO2","Year",2015,"Vint_2015","GHG emissions - (MTCO2eq)",1087.40793333333
"Baseline_NDC","EU-15","EU-15","emissGHGBySectorPowerGWPAR5","sector","CO2_natural gas","ghg","CO2","Year",2015,"Vint_2015","GHG emissions - (MTCO2eq)",324.623911333333
"Baseline_NDC","EU-15","EU-15","emissGHGBySectorPowerGWPAR5","sector","CO2_refined liquids","ghg","CO2","Year",2015,"Vint_2015","GHG emissions - (MTCO2eq)",66.2329726666667
"Baseline_NDC","EU-15","EU-15","emissGHGBySectorPowerGWPAR5","sector","CO2_biomass","ghg","CO2","Year",2020,"Vint_2020","GHG emissions - (MTCO2eq)",156.055292066667
"Baseline_NDC","EU-15","EU-15","emissGHGBySectorPowerGWPAR5","sector","CO2_coal","ghg","CO2","Year",2020,"Vint_2020","GHG emissions - (MTCO2eq)",1177.02350333333
"Baseline_NDC","EU-15","EU-15","emissGHGBySectorPowerGWPAR5","sector","CO2_natural gas","ghg","CO2","Year",2020,"Vint_2020","GHG emissions - (MTCO2eq)",329.035448133333
"Baseline_NDC","EU-15","EU-15","emissGHGBySectorPowerGWPAR5","sector","CO2_refined liquids","ghg","CO2","Year",2020,"Vint_2020","GHG emissions - (MTCO2eq)",40.0772768
"Baseline_NDC","EU-15","EU-15","emissGHGBySectorPowerGWPAR5","sector","backup_electricity_CO2","ghg","CO2","Year",2020,"Vint_2020","GHG emissions - (MTCO2eq)",3.53074333333333
"Baseline_NDC","EU-15","EU-15","emissGHGBySectorPowerGWPAR5","sector","CO2_biomass","ghg","CO2","Year",2025,"Vint_2025","GHG emissions - (MTCO2eq)",297.603148186667
"Baseline_NDC","EU-15","EU-15","emissGHGBySectorPowerGWPAR5","sector","CO2_coal","ghg","CO2","Year",2025,"Vint_2025","GHG emissions - (MTCO2eq)",216.713884346667
"Baseline_NDC","EU-15","EU-15","emissGHGBySectorPowerGWPAR5","sector","CO2_natural gas","ghg","CO2","Year",2025,"Vint_2025","GHG emissions - (MTCO2eq)",136.288148333333
"Baseline_NDC","EU-15","EU-15","emissGHGBySectorPowerGWPAR5","sector","CO2_refined liquids","ghg","CO2","Year",2025,"Vint_2025","GHG emissions - (MTCO2eq)",17.000273972
"Baseline_NDC","EU-15","EU-15","emissGHGBySectorPowerGWPAR5","sector","backup_electricity_CO2","ghg","CO2","Year",2025,"Vint_2025","GHG emissions - (MTCO2eq)",13.7508066666667
"Baseline_NDC","EU-15","EU-15","emissGHGBySectorPowerGWPAR5","sector","CO2_biomass","ghg","CO2","Year",2030,"Vint_2030","GHG emissions - (MTCO2eq)",314.439468735333
"Baseline_NDC","EU-15","EU-15","emissGHGBySectorPowerGWPAR5","sector","CO2_coal","ghg","CO2","Year",2030,"Vint_2030","GHG emissions - (MTCO2eq)",367.71535262
"Baseline_NDC","EU-15","EU-15","emissGHGBySectorPowerGWPAR5","sector","CO2_natural gas","ghg","CO2","Year",2030,"Vint_2030","GHG emissions - (MTCO2eq)",164.674714013333
"Baseline_NDC","EU-15","EU-15","emissGHGBySectorPowerGWPAR5","sector","CO2_refined liquids","ghg","CO2","Year",2030,"Vint_2030","GHG emissions - (MTCO2eq)",11.9077273846667
"Baseline_NDC","EU-15","EU-15","emissGHGBySectorPowerGWPAR5","sector","backup_electricity_CO2","ghg","CO2","Year",2030,"Vint_2030","GHG emissions - (MTCO2eq)",18.9926733333333
"NoRusGas_ModelOptimal","EU-12","EU-12","emissGHGBySectorPowerGWPAR5","sector","CO2_biomass","ghg","CO2","Year",1990,"Vint_1990","GHG emissions - (MTCO2eq)",0.098847111
"NoRusGas_ModelOptimal","EU-12","EU-12","emissGHGBySectorPowerGWPAR5","sector","CO2_coal","ghg","CO2","Year",1990,"Vint_1990","GHG emissions - (MTCO2eq)",292.689481296667
"NoRusGas_ModelOptimal","EU-12","EU-12","emissGHGBySectorPowerGWPAR5","sector","CO2_natural gas","ghg","CO2","Year",1990,"Vint_1990","GHG emissions - (MTCO2eq)",34.870605
"NoRusGas_ModelOptimal","EU-12","EU-12","emissGHGBySectorPowerGWPAR5","sector","CO2_refined liquids","ghg","CO2","Year",1990,"Vint_1990","GHG emissions - (MTCO2eq)",30.8390137
"NoRusGas_ModelOptimal","EU-12","EU-12","emissGHGBySectorPowerGWPAR5","sector","CO2_biomass","ghg","CO2","Year",2005,"Vint_2005","GHG emissions - (MTCO2eq)",3.0748135
"NoRusGas_ModelOptimal","EU-12","EU-12","emissGHGBySectorPowerGWPAR5","sector","CO2_coal","ghg","CO2","Year",2005,"Vint_2005","GHG emissions - (MTCO2eq)",278.238436666667
"NoRusGas_ModelOptimal","EU-12","EU-12","emissGHGBySectorPowerGWPAR5","sector","CO2_natural gas","ghg","CO2","Year",2005,"Vint_2005","GHG emissions - (MTCO2eq)",22.8958766666667
"NoRusGas_ModelOptimal","EU-12","EU-12","emissGHGBySectorPowerGWPAR5","sector","CO2_refined liquids","ghg","CO2","Year",2005,"Vint_2005","GHG emissions - (MTCO2eq)",9.2567024
"NoRusGas_ModelOptimal","EU-12","EU-12","emissGHGBySectorPowerGWPAR5","sector","CO2_biomass","ghg","CO2","Year",2010,"Vint_2010","GHG emissions - (MTCO2eq)",9.54896873333333
"NoRusGas_ModelOptimal","EU-12","EU-12","emissGHGBySectorPowerGWPAR5","sector","CO2_coal","ghg","CO2","Year",2010,"Vint_2010","GHG emissions - (MTCO2eq)",276.63416
"NoRusGas_ModelOptimal","EU-12","EU-12","emissGHGBySectorPowerGWPAR5","sector","CO2_natural gas","ghg","CO2","Year",2010,"Vint_2010","GHG emissions - (MTCO2eq)",20.3583435946
"NoRusGas_ModelOptimal","EU-12","EU-12","emissGHGBySectorPowerGWPAR5","sector","CO2_refined liquids","ghg","CO2","Year",2010,"Vint_2010","GHG emissions - (MTCO2eq)",8.91050123333333
"NoRusGas_ModelOptimal","EU-12","EU-12","emissGHGBySectorPowerGWPAR5","sector","CO2_biomass","ghg","CO2","Year",2015,"Vint_2015","GHG emissions - (MTCO2eq)",14.254768
"NoRusGas_ModelOptimal","EU-12","EU-12","emissGHGBySectorPowerGWPAR5","sector","CO2_coal","ghg","CO2","Year",2015,"Vint_2015","GHG emissions - (MTCO2eq)",248.85641
"NoRusGas_ModelOptimal","EU-12","EU-12","emissGHGBySectorPowerGWPAR5","sector","CO2_natural gas","ghg","CO2","Year",2015,"Vint_2015","GHG emissions - (MTCO2eq)",15.9964439451667
"NoRusGas_ModelOptimal","EU-12","EU-12","emissGHGBySectorPowerGWPAR5","sector","CO2_refined liquids","ghg","CO2","Year",2015,"Vint_2015","GHG emissions - (MTCO2eq)",5.7806925
"NoRusGas_ModelOptimal","EU-12","EU-12","emissGHGBySectorPowerGWPAR5","sector","CO2_biomass","ghg","CO2","Year",2020,"Vint_2020","GHG emissions - (MTCO2eq)",14.1671449333333
"NoRusGas_ModelOptimal","EU-12","EU-12","emissGHGBySectorPowerGWPAR5","sector","CO2_coal","ghg","CO2","Year",2020,"Vint_2020","GHG emissions - (MTCO2eq)",288.762789333333
"NoRusGas_ModelOptimal","EU-12","EU-12","emissGHGBySectorPowerGWPAR5","sector","CO2_natural gas","ghg","CO2","Year",2020,"Vint_2020","GHG emissions - (MTCO2eq)",17.3731257707333
"NoRusGas_ModelOptimal","EU-12","EU-12","emissGHGBySectorPowerGWPAR5","sector","CO2_refined liquids","ghg","CO2","Year",2020,"Vint_2020","GHG emissions - (MTCO2eq)",4.04987795666667
"NoRusGas_ModelOptimal","EU-12","EU-12","emissGHGBySectorPowerGWPAR5","sector","backup_electricity_CO2","ghg","CO2","Year",2020,"Vint_2020","GHG emissions - (MTCO2eq)",0.164214966666667
"NoRusGas_ModelOptimal","EU-12","EU-12","emissGHGBySectorPowerGWPAR5","sector","CO2_biomass","ghg","CO2","Year",2025,"Vint_2025","GHG emissions - (MTCO2eq)",26.1672109673333
"NoRusGas_ModelOptimal","EU-12","EU-12","emissGHGBySectorPowerGWPAR5","sector","CO2_coal","ghg","CO2","Year",2025,"Vint_2025","GHG emissions - (MTCO2eq)",61.05108856
"NoRusGas_ModelOptimal","EU-12","EU-12","emissGHGBySectorPowerGWPAR5","sector","CO2_natural gas","ghg","CO2","Year",2025,"Vint_2025","GHG emissions - (MTCO2eq)",4.64016781000667
"NoRusGas_ModelOptimal","EU-12","EU-12","emissGHGBySectorPowerGWPAR5","sector","CO2_refined liquids","ghg","CO2","Year",2025,"Vint_2025","GHG emissions - (MTCO2eq)",2.53678324166667
"NoRusGas_ModelOptimal","EU-12","EU-12","emissGHGBySectorPowerGWPAR5","sector","backup_electricity_CO2","ghg","CO2","Year",2025,"Vint_2025","GHG emissions - (MTCO2eq)",0.910532333333333
"NoRusGas_ModelOptimal","EU-12","EU-12","emissGHGBySectorPowerGWPAR5","sector","CO2_biomass","ghg","CO2","Year",2030,"Vint_2030","GHG emissions - (MTCO2eq)",27.9213221136667
"NoRusGas_ModelOptimal","EU-12","EU-12","emissGHGBySectorPowerGWPAR5","sector","CO2_coal","ghg","CO2","Year",2030,"Vint_2030","GHG emissions - (MTCO2eq)",92.81790232
"NoRusGas_ModelOptimal","EU-12","EU-12","emissGHGBySectorPowerGWPAR5","sector","CO2_natural gas","ghg","CO2","Year",2030,"Vint_2030","GHG emissions - (MTCO2eq)",6.36051446059333
"NoRusGas_ModelOptimal","EU-12","EU-12","emissGHGBySectorPowerGWPAR5","sector","CO2_refined liquids","ghg","CO2","Year",2030,"Vint_2030","GHG emissions - (MTCO2eq)",1.76561926786667
"NoRusGas_ModelOptimal","EU-12","EU-12","emissGHGBySectorPowerGWPAR5","sector","backup_electricity_CO2","ghg","CO2","Year",2030,"Vint_2030","GHG emissions - (MTCO2eq)",1.39571666666667
"NoRusGas_ModelOptimal","EU-15","EU-15","emissGHGBySectorPowerGWPAR5","sector","CO2_biomass","ghg","CO2","Year",1990,"Vint_1990","GHG emissions - (MTCO2eq)",10.1996268
"NoRusGas_ModelOptimal","EU-15","EU-15","emissGHGBySectorPowerGWPAR5","sector","CO2_coal","ghg","CO2","Year",1990,"Vint_1990","GHG emissions - (MTCO2eq)",796.71009
"NoRusGas_ModelOptimal","EU-15","EU-15","emissGHGBySectorPowerGWPAR5","sector","CO2_natural gas","ghg","CO2","Year",1990,"Vint_1990","GHG emissions - (MTCO2eq)",64.3065793333333
"NoRusGas_ModelOptimal","EU-15","EU-15","emissGHGBySectorPowerGWPAR5","sector","CO2_refined liquids","ghg","CO2","Year",1990,"Vint_1990","GHG emissions - (MTCO2eq)",116.383329333333
"NoRusGas_ModelOptimal","EU-15","EU-15","emissGHGBySectorPowerGWPAR5","sector","CO2_biomass","ghg","CO2","Year",2005,"Vint_2005","GHG emissions - (MTCO2eq)",58.635434
"NoRusGas_ModelOptimal","EU-15","EU-15","emissGHGBySectorPowerGWPAR5","sector","CO2_coal","ghg","CO2","Year",2005,"Vint_2005","GHG emissions - (MTCO2eq)",696.840283333333
"NoRusGas_ModelOptimal","EU-15","EU-15","emissGHGBySectorPowerGWPAR5","sector","CO2_natural gas","ghg","CO2","Year",2005,"Vint_2005","GHG emissions - (MTCO2eq)",217.745795666667
"NoRusGas_ModelOptimal","EU-15","EU-15","emissGHGBySectorPowerGWPAR5","sector","CO2_refined liquids","ghg","CO2","Year",2005,"Vint_2005","GHG emissions - (MTCO2eq)",72.8104226666667
"NoRusGas_ModelOptimal","EU-15","EU-15","emissGHGBySectorPowerGWPAR5","sector","CO2_biomass","ghg","CO2","Year",2010,"Vint_2010","GHG emissions - (MTCO2eq)",87.083194
"NoRusGas_ModelOptimal","EU-15","EU-15","emissGHGBySectorPowerGWPAR5","sector","CO2_coal","ghg","CO2","Year",2010,"Vint_2010","GHG emissions - (MTCO2eq)",567.227686666667
"NoRusGas_ModelOptimal","EU-15","EU-15","emissGHGBySectorPowerGWPAR5","sector","CO2_natural gas","ghg","CO2","Year",2010,"Vint_2010","GHG emissions - (MTCO2eq)",254.69499
"NoRusGas_ModelOptimal","EU-15","EU-15","emissGHGBySectorPowerGWPAR5","sector","CO2_refined liquids","ghg","CO2","Year",2010,"Vint_2010","GHG emissions - (MTCO2eq)",41.9670826666667
"NoRusGas_ModelOptimal","EU-15","EU-15","emissGHGBySectorPowerGWPAR5","sector","CO2_biomass","ghg","CO2","Year",2015,"Vint_2015","GHG emissions - (MTCO2eq)",103.459579666667
"NoRusGas_ModelOptimal","EU-15","EU-15","emissGHGBySectorPowerGWPAR5","sector","CO2_coal","ghg","CO2","Year",2015,"Vint_2015","GHG emissions - (MTCO2eq)",543.703966666667
"NoRusGas_ModelOptimal","EU-15","EU-15","emissGHGBySectorPowerGWPAR5","sector","CO2_natural gas","ghg","CO2","Year",2015,"Vint_2015","GHG emissions - (MTCO2eq)",162.311955666667
"NoRusGas_ModelOptimal","EU-15","EU-15","emissGHGBySectorPowerGWPAR5","sector","CO2_refined liquids","ghg","CO2","Year",2015,"Vint_2015","GHG emissions - (MTCO2eq)",33.1164863333333
"NoRusGas_ModelOptimal","EU-15","EU-15","emissGHGBySectorPowerGWPAR5","sector","CO2_biomass","ghg","CO2","Year",2020,"Vint_2020","GHG emissions - (MTCO2eq)",78.0276460333333
"NoRusGas_ModelOptimal","EU-15","EU-15","emissGHGBySectorPowerGWPAR5","sector","CO2_coal","ghg","CO2","Year",2020,"Vint_2020","GHG emissions - (MTCO2eq)",588.511751666667
"NoRusGas_ModelOptimal","EU-15","EU-15","emissGHGBySectorPowerGWPAR5","sector","CO2_natural gas","ghg","CO2","Year",2020,"Vint_2020","GHG emissions - (MTCO2eq)",164.517724066667
"NoRusGas_ModelOptimal","EU-15","EU-15","emissGHGBySectorPowerGWPAR5","sector","CO2_refined liquids","ghg","CO2","Year",2020,"Vint_2020","GHG emissions - (MTCO2eq)",20.0386384
"NoRusGas_ModelOptimal","EU-15","EU-15","emissGHGBySectorPowerGWPAR5","sector","backup_electricity_CO2","ghg","CO2","Year",2020,"Vint_2020","GHG emissions - (MTCO2eq)",1.76537166666667
"NoRusGas_ModelOptimal","EU-15","EU-15","emissGHGBySectorPowerGWPAR5","sector","CO2_biomass","ghg","CO2","Year",2025,"Vint_2025","GHG emissions - (MTCO2eq)",148.801574093333
"NoRusGas_ModelOptimal","EU-15","EU-15","emissGHGBySectorPowerGWPAR5","sector","CO2_coal","ghg","CO2","Year",2025,"Vint_2025","GHG emissions - (MTCO2eq)",108.356942173333
"NoRusGas_ModelOptimal","EU-15","EU-15","emissGHGBySectorPowerGWPAR5","sector","CO2_natural gas","ghg","CO2","Year",2025,"Vint_2025","GHG emissions - (MTCO2eq)",68.1440741666667
"NoRusGas_ModelOptimal","EU-15","EU-15","emissGHGBySectorPowerGWPAR5","sector","CO2_refined liquids","ghg","CO2","Year",2025,"Vint_2025","GHG emissions - (MTCO2eq)",8.500136986
"NoRusGas_ModelOptimal","EU-15","EU-15","emissGHGBySectorPowerGWPAR5","sector","backup_electricity_CO2","ghg","CO2","Year",2025,"Vint_2025","GHG emissions - (MTCO2eq)",6.87540333333333
"NoRusGas_ModelOptimal","EU-15","EU-15","emissGHGBySectorPowerGWPAR5","sector","CO2_biomass","ghg","CO2","Year",2030,"Vint_2030","GHG emissions - (MTCO2eq)",157.219734367667
"NoRusGas_ModelOptimal","EU-15","EU-15","emissGHGBySectorPowerGWPAR5","sector","CO2_coal","ghg","CO2","Year",2030,"Vint_2030","GHG emissions - (MTCO2eq)",183.85767631
"NoRusGas_ModelOptimal","EU-15","EU-15","emissGHGBySectorPowerGWPAR5","sector","CO2_natural gas","ghg","CO2","Year",2030,"Vint_2030","GHG emissions - (MTCO2eq)",82.3373570066667
"NoRusGas_ModelOptimal","EU-15","EU-15","emissGHGBySectorPowerGWPAR5","sector","CO2_refined liquids","ghg","CO2","Year",2030,"Vint_2030","GHG emissions - (MTCO2eq)",5.95386369233333
"NoRusGas_ModelOptimal","EU-15","EU-15","emissGHGBySectorPowerGWPAR5","sector","backup_electricity_CO2","ghg","CO2","Year",2030,"Vint_2030","GHG emissions - (MTCO2eq)",9.49633666666667
"NoRusGas_ModelOptimal2","EU-12","EU-12","emissGHGBySectorPowerGWPAR5","sector","CO2_biomass","ghg","CO2","Year",1990,"Vint_1990","GHG emissions - (MTCO2eq)",0.098847111
"NoRusGas_ModelOptimal2","EU-12","EU-12","emissGHGBySectorPowerGWPAR5","sector","CO2_coal","ghg","CO2","Year",1990,"Vint_1990","GHG emissions - (MTCO2eq)",292.689481296667
"NoRusGas_ModelOptimal2","EU-12","EU-12","emissGHGBySectorPowerGWPAR5","sector","CO2_natural gas","ghg","CO2","Year",1990,"Vint_1990","GHG emissions - (MTCO2eq)",34.870605
"NoRusGas_ModelOptimal2","EU-12","EU-12","emissGHGBySectorPowerGWPAR5","sector","CO2_refined liquids","ghg","CO2","Year",1990,"Vint_1990","GHG emissions - (MTCO2eq)",30.8390137
"NoRusGas_ModelOptimal2","EU-12","EU-12","emissGHGBySectorPowerGWPAR5","sector","CO2_biomass","ghg","CO2","Year",2005,"Vint_2005","GHG emissions - (MTCO2eq)",3.0748135
"NoRusGas_ModelOptimal2","EU-12","EU-12","emissGHGBySectorPowerGWPAR5","sector","CO2_coal","ghg","CO2","Year",2005,"Vint_2005","GHG emissions - (MTCO2eq)",278.238436666667
"NoRusGas_ModelOptimal2","EU-12","EU-12","emissGHGBySectorPowerGWPAR5","sector","CO2_natural gas","ghg","CO2","Year",2005,"Vint_2005","GHG emissions - (MTCO2eq)",22.8958766666667
"NoRusGas_ModelOptimal2","EU-12","EU-12","emissGHGBySectorPowerGWPAR5","sector","CO2_refined liquids","ghg","CO2","Year",2005,"Vint_2005","GHG emissions - (MTCO2eq)",9.2567024
"NoRusGas_ModelOptimal2","EU-12","EU-12","emissGHGBySectorPowerGWPAR5","sector","CO2_biomass","ghg","CO2","Year",2010,"Vint_2010","GHG emissions - (MTCO2eq)",9.54896873333333
"NoRusGas_ModelOptimal2","EU-12","EU-12","emissGHGBySectorPowerGWPAR5","sector","CO2_coal","ghg","CO2","Year",2010,"Vint_2010","GHG emissions - (MTCO2eq)",276.63416
"NoRusGas_ModelOptimal2","EU-12","EU-12","emissGHGBySectorPowerGWPAR5","sector","CO2_natural gas","ghg","CO2","Year",2010,"Vint_2010","GHG emissions - (MTCO2eq)",20.3583435946
"NoRusGas_ModelOptimal2","EU-12","EU-12","emissGHGBySectorPowerGWPAR5","sector","CO2_refined liquids","ghg","CO2","Year",2010,"Vint_2010","GHG emissions - (MTCO2eq)",8.91050123333333
"NoRusGas_ModelOptimal2","EU-12","EU-12","emissGHGBySectorPowerGWPAR5","sector","CO2_biomass","ghg","CO2","Year",2015,"Vint_2015","GHG emissions - (MTCO2eq)",14.254768
"NoRusGas_ModelOptimal2","EU-12","EU-12","emissGHGBySectorPowerGWPAR5","sector","CO2_coal","ghg","CO2","Year",2015,"Vint_2015","GHG emissions - (MTCO2eq)",248.85641
"NoRusGas_ModelOptimal2","EU-12","EU-12","emissGHGBySectorPowerGWPAR5","sector","CO2_natural gas","ghg","CO2","Year",2015,"Vint_2015","GHG emissions - (MTCO2eq)",15.9964439451667
"NoRusGas_ModelOptimal2","EU-12","EU-12","emissGHGBySectorPowerGWPAR5","sector","CO2_refined liquids","ghg","CO2","Year",2015,"Vint_2015","GHG emissions - (MTCO2eq)",5.7806925
"NoRusGas_ModelOptimal2","EU-12","EU-12","emissGHGBySectorPowerGWPAR5","sector","CO2_biomass","ghg","CO2","Year",2020,"Vint_2020","GHG emissions - (MTCO2eq)",14.1671449333333
"NoRusGas_ModelOptimal2","EU-12","EU-12","emissGHGBySectorPowerGWPAR5","sector","CO2_coal","ghg","CO2","Year",2020,"Vint_2020","GHG emissions - (MTCO2eq)",288.762789333333
"NoRusGas_ModelOptimal2","EU-12","EU-12","emissGHGBySectorPowerGWPAR5","sector","CO2_natural gas","ghg","CO2","Year",2020,"Vint_2020","GHG emissions - (MTCO2eq)",17.3731257707333
"NoRusGas_ModelOptimal2","EU-12","EU-12","emissGHGBySectorPowerGWPAR5","sector","CO2_refined liquids","ghg","CO2","Year",2020,"Vint_2020","GHG emissions - (MTCO2eq)",4.04987795666667
"NoRusGas_ModelOptimal2","EU-12","EU-12","emissGHGBySectorPowerGWPAR5","sector","backup_electricity_CO2","ghg","CO2","Year",2020,"Vint_2020","GHG emissions - (MTCO2eq)",0.164214966666667
"NoRusGas_ModelOptimal2","EU-12","EU-12","emissGHGBySectorPowerGWPAR5","sector","CO2_biomass","ghg","CO2","Year",2025,"Vint_2025","GHG emissions - (MTCO2eq)",26.1672109673333
"NoRusGas_ModelOptimal2","EU-12","EU-12","emissGHGBySectorPowerGWPAR5","sector","CO2_coal","ghg","CO2","Year",2025,"Vint_2025","GHG emissions - (MTCO2eq)",61.05108856
"NoRusGas_ModelOptimal2","EU-12","EU-12","emissGHGBySectorPowerGWPAR5","sector","CO2_natural gas","ghg","CO2","Year",2025,"Vint_2025","GHG emissions - (MTCO2eq)",4.64016781000667
"NoRusGas_ModelOptimal2","EU-12","EU-12","emissGHGBySectorPowerGWPAR5","sector","CO2_refined liquids","ghg","CO2","Year",2025,"Vint_2025","GHG emissions - (MTCO2eq)",2.53678324166667
"NoRusGas_ModelOptimal2","EU-12","EU-12","emissGHGBySectorPowerGWPAR5","sector","backup_electricity_CO2","ghg","CO2","Year",2025,"Vint_2025","GHG emissions - (MTCO2eq)",0.910532333333333
"NoRusGas_ModelOptimal2","EU-12","EU-12","emissGHGBySectorPowerGWPAR5","sector","CO2_biomass","ghg","CO2","Year",2030,"Vint_2030","GHG emissions - (MTCO2eq)",27.9213221136667
"NoRusGas_ModelOptimal2","EU-12","EU-12","emissGHGBySectorPowerGWPAR5","sector","CO2_coal","ghg","CO2","Year",2030,"Vint_2030","GHG emissions - (MTCO2eq)",92.81790232
"NoRusGas_ModelOptimal2","EU-12","EU-12","emissGHGBySectorPowerGWPAR5","sector","CO2_natural gas","ghg","CO2","Year",2030,"Vint_2030","GHG emissions - (MTCO2eq)",6.36051446059333
"NoRusGas_ModelOptimal2","EU-12","EU-12","emissGHGBySectorPowerGWPAR5","sector","CO2_refined liquids","ghg","CO2","Year",2030,"Vint_2030","GHG emissions - (MTCO2eq)",1.76561926786667
"NoRusGas_ModelOptimal2","EU-12","EU-12","emissGHGBySectorPowerGWPAR5","sector","backup_electricity_CO2","ghg","CO2","Year",2030,"Vint_2030","GHG emissions - (MTCO2eq)",1.39571666666667
"NoRusGas_ModelOptimal2","EU-15","EU-15","emissGHGBySectorPowerGWPAR5","sector","CO2_biomass","ghg","CO2","Year",1990,"Vint_1990","GHG emissions - (MTCO2eq)",10.1996268
"NoRusGas_ModelOptimal2","EU-15","EU-15","emissGHGBySectorPowerGWPAR5","sector","CO2_coal","ghg","CO2","Year",1990,"Vint_1990","GHG emissions - (MTCO2eq)",796.71009
"NoRusGas_ModelOptimal2","EU-15","EU-15","emissGHGBySectorPowerGWPAR5","sector","CO2_natural gas","ghg","CO2","Year",1990,"Vint_1990","GHG emissions - (MTCO2eq)",64.3065793333333
"NoRusGas_ModelOptimal2","EU-15","EU-15","emissGHGBySectorPowerGWPAR5","sector","CO2_refined liquids","ghg","CO2","Year",1990,"Vint_1990","GHG emissions - (MTCO2eq)",116.383329333333
"NoRusGas_ModelOptimal2","EU-15","EU-15","emissGHGBySectorPowerGWPAR5","sector","CO2_biomass","ghg","CO2","Year",2005,"Vint_2005","GHG emissions - (MTCO2eq)",58.635434
"NoRusGas_ModelOptimal2","EU-15","EU-15","emissGHGBySectorPowerGWPAR5","sector","CO2_coal","ghg","CO2","Year",2005,"Vint_2005","GHG emissions - (MTCO2eq)",696.840283333333
"NoRusGas_ModelOptimal2","EU-15","EU-15","emissGHGBySectorPowerGWPAR5","sector","CO2_natural gas","ghg","CO2","Year",2005,"Vint_2005","GHG emissions - (MTCO2eq)",217.745795666667
"NoRusGas_ModelOptimal2","EU-15","EU-15","emissGHGBySectorPowerGWPAR5","sector","CO2_refined liquids","ghg","CO2","Year",2005,"Vint_2005","GHG emissions - (MTCO2eq)",72.8104226666667
"NoRusGas_ModelOptimal2","EU-15","EU-15","emissGHGBySectorPowerGWPAR5","sector","CO2_biomass","ghg","CO2","Year",2010,"Vint_2010","GHG emissions - (MTCO2eq)",87.083194
"NoRusGas_ModelOptimal2","EU-15","EU-15","emissGHGBySectorPowerGWPAR5","sector","CO2_coal","ghg","CO2","Year",2010,"Vint_2010","GHG emissions - (MTCO2eq)",567.227686666667
"NoRusGas_ModelOptimal2","EU-15","EU-15","emissGHGBySectorPowerGWPAR5","sector","CO2_natural gas","ghg","CO2","Year",2010,"Vint_2010","GHG emissions - (MTCO2eq)",254.69499
"NoRusGas_ModelOptimal2","EU-15","EU-15","emissGHGBySectorPowerGWPAR5","sector","CO2_refined liquids","ghg","CO2","Year",2010,"Vint_2010","GHG emissions - (MTCO2eq)",41.9670826666667
"NoRusGas_ModelOptimal2","EU-15","EU-15","emissGHGBySectorPowerGWPAR5","sector","CO2_biomass","ghg","CO2","Year",2015,"Vint_2015","GHG emissions - (MTCO2eq)",103.459579666667
"NoRusGas_ModelOptimal2","EU-15","EU-15","emissGHGBySectorPowerGWPAR5","sector","CO2_coal","ghg","CO2","Year",2015,"Vint_2015","GHG emissions - (MTCO2eq)",543.703966666667
"NoRusGas_ModelOptimal2","EU-15","EU-15","emissGHGBySectorPowerGWPAR5","sector","CO2_natural gas","ghg","CO2","Year",2015,"Vint_2015","GHG emissions - (MTCO2eq)",162.311955666667
"NoRusGas_ModelOptimal2","EU-15","EU-15","emissGHGBySectorPowerGWPAR5","sector","CO2_refined liquids","ghg","CO2","Year",2015,"Vint_2015","GHG emissions - (MTCO2eq)",33.1164863333333
"NoRusGas_ModelOptimal2","EU-15","EU-15","emissGHGBySectorPowerGWPAR5","sector","CO2_biomass","ghg","CO2","Year",2020,"Vint_2020","GHG emissions - (MTCO2eq)",78.0276460333333
"NoRusGas_ModelOptimal2","EU-15","EU-15","emissGHGBySectorPowerGWPAR5","sector","CO2_coal","ghg","CO2","Year",2020,"Vint_2020","GHG emissions - (MTCO2eq)",588.511751666667
"NoRusGas_ModelOptimal2","EU-15","EU-15","emissGHGBySectorPowerGWPAR5","sector","CO2_natural gas","ghg","CO2","Year",2020,"Vint_2020","GHG emissions - (MTCO2eq)",164.517724066667
"NoRusGas_ModelOptimal2","EU-15","EU-15","emissGHGBySectorPowerGWPAR5","sector","CO2_refined liquids","ghg","CO2","Year",2020,"Vint_2020","GHG emissions - (MTCO2eq)",20.0386384
"NoRusGas_ModelOptimal2","EU-15","EU-15","emissGHGBySectorPowerGWPAR5","sector","backup_electricity_CO2","ghg","CO2","Year",2020,"Vint_2020","GHG emissions - (MTCO2eq)",1.76537166666667
"NoRusGas_ModelOptimal2","EU-15","EU-15","emissGHGBySectorPowerGWPAR5","sector","CO2_biomass","ghg","CO2","Year",2025,"Vint_2025","GHG emissions - (MTCO2eq)",148.801574093333
"NoRusGas_ModelOptimal2","EU-15","EU-15","emissGHGBySectorPowerGWPAR5","sector","CO2_coal","ghg","CO2","Year",2025,"Vint_2025","GHG emissions - (MTCO2eq)",108.356942173333
"NoRusGas_ModelOptimal2","EU-15","EU-15","emissGHGBySectorPowerGWPAR5","sector","CO2_natural gas","ghg","CO2","Year",2025,"Vint_2025","GHG emissions - (MTCO2eq)",68.1440741666667
"NoRusGas_ModelOptimal2","EU-15","EU-15","emissGHGBySectorPowerGWPAR5","sector","CO2_refined liquids","ghg","CO2","Year",2025,"Vint_2025","GHG emissions - (MTCO2eq)",8.500136986
"NoRusGas_ModelOptimal2","EU-15","EU-15","emissGHGBySectorPowerGWPAR5","sector","backup_electricity_CO2","ghg","CO2","Year",2025,"Vint_2025","GHG emissions - (MTCO2eq)",6.87540333333333
"NoRusGas_ModelOptimal2","EU-15","EU-15","emissGHGBySectorPowerGWPAR5","sector","CO2_biomass","ghg","CO2","Year",2030,"Vint_2030","GHG emissions - (MTCO2eq)",157.219734367667
"NoRusGas_ModelOptimal2","EU-15","EU-15","emissGHGBySectorPowerGWPAR5","sector","CO2_coal","ghg","CO2","Year",2030,"Vint_2030","GHG emissions - (MTCO2eq)",183.85767631
"NoRusGas_ModelOptimal2","EU-15","EU-15","emissGHGBySectorPowerGWPAR5","sector","CO2_natural gas","ghg","CO2","Year",2030,"Vint_2030","GHG emissions - (MTCO2eq)",82.3373570066667
"NoRusGas_ModelOptimal2","EU-15","EU-15","emissGHGBySectorPowerGWPAR5","sector","CO2_refined liquids","ghg","CO2","Year",2030,"Vint_2030","GHG emissions - (MTCO2eq)",5.95386369233333
"NoRusGas_ModelOptimal2","EU-15","EU-15","emissGHGBySectorPowerGWPAR5","sector","backup_electricity_CO2","ghg","CO2","Year",2030,"Vint_2030","GHG emissions - (MTCO2eq)",9.49633666666667
"NoRusGas_constrained_ModelOptimal","EU-12","EU-12","emissGHGBySectorPowerGWPAR5","sector","CO2_biomass","ghg","CO2","Year",1990,"Vint_1990","GHG emissions - (MTCO2eq)",0.098847111
"NoRusGas_constrained_ModelOptimal","EU-12","EU-12","emissGHGBySectorPowerGWPAR5","sector","CO2_coal","ghg","CO2","Year",1990,"Vint_1990","GHG emissions - (MTCO2eq)",292.689481296667
"NoRusGas_constrained_ModelOptimal","EU-12","EU-12","emissGHGBySectorPowerGWPAR5","sector","CO2_natural gas","ghg","CO2","Year",1990,"Vint_1990","GHG emissions - (MTCO2eq)",34.870605
"NoRusGas_constrained_ModelOptimal","EU-12","EU-12","emissGHGBySectorPowerGWPAR5","sector","CO2_refined liquids","ghg","CO2","Year",1990,"Vint_1990","GHG emissions - (MTCO2eq)",30.8390137
"NoRusGas_constrained_ModelOptimal","EU-12","EU-12","emissGHGBySectorPowerGWPAR5","sector","CO2_biomass","ghg","CO2","Year",2005,"Vint_2005","GHG emissions - (MTCO2eq)",3.0748135
"NoRusGas_constrained_ModelOptimal","EU-12","EU-12","emissGHGBySectorPowerGWPAR5","sector","CO2_coal","ghg","CO2","Year",2005,"Vint_2005","GHG emissions - (MTCO2eq)",278.238436666667
"NoRusGas_constrained_ModelOptimal","EU-12","EU-12","emissGHGBySectorPowerGWPAR5","sector","CO2_natural gas","ghg","CO2","Year",2005,"Vint_2005","GHG emissions - (MTCO2eq)",22.8958766666667
"NoRusGas_constrained_ModelOptimal","EU-12","EU-12","emissGHGBySectorPowerGWPAR5","sector","CO2_refined liquids","ghg","CO2","Year",2005,"Vint_2005","GHG emissions - (MTCO2eq)",9.2567024
"NoRusGas_constrained_ModelOptimal","EU-12","EU-12","emissGHGBySectorPowerGWPAR5","sector","CO2_biomass","ghg","CO2","Year",2010,"Vint_2010","GHG emissions - (MTCO2eq)",9.54896873333333
"NoRusGas_constrained_ModelOptimal","EU-12","EU-12","emissGHGBySectorPowerGWPAR5","sector","CO2_coal","ghg","CO2","Year",2010,"Vint_2010","GHG emissions - (MTCO2eq)",276.63416
"NoRusGas_constrained_ModelOptimal","EU-12","EU-12","emissGHGBySectorPowerGWPAR5","sector","CO2_natural gas","ghg","CO2","Year",2010,"Vint_2010","GHG emissions - (MTCO2eq)",20.3583435946
"NoRusGas_constrained_ModelOptimal","EU-12","EU-12","emissGHGBySectorPowerGWPAR5","sector","CO2_refined liquids","ghg","CO2","Year",2010,"Vint_2010","GHG emissions - (MTCO2eq)",8.91050123333333
"NoRusGas_constrained_ModelOptimal","EU-12","EU-12","emissGHGBySectorPowerGWPAR5","sector","CO2_biomass","ghg","CO2","Year",2015,"Vint_2015","GHG emissions - (MTCO2eq)",14.254768
"NoRusGas_constrained_ModelOptimal","EU-12","EU-12","emissGHGBySectorPowerGWPAR5","sector","CO2_coal","ghg","CO2","Year",2015,"Vint_2015","GHG emissions - (MTCO2eq)",248.85641
"NoRusGas_constrained_ModelOptimal","EU-12","EU-12","emissGHGBySectorPowerGWPAR5","sector","CO2_natural gas","ghg","CO2","Year",2015,"Vint_2015","GHG emissions - (MTCO2eq)",15.9964439451667
"NoRusGas_constrained_ModelOptimal","EU-12","EU-12","emissGHGBySectorPowerGWPAR5","sector","CO2_refined liquids","ghg","CO2","Year",2015,"Vint_2015","GHG emissions - (MTCO2eq)",5.7806925
"NoRusGas_constrained_ModelOptimal","EU-12","EU-12","emissGHGBySectorPowerGWPAR5","sector","CO2_biomass","ghg","CO2","Year",2020,"Vint_2020","GHG emissions - (MTCO2eq)",14.1671449333333
"NoRusGas_constrained_ModelOptimal","EU-12","EU-12","emissGHGBySectorPowerGWPAR5","sector","CO2_coal","ghg","CO2","Year",2020,"Vint_2020","GHG emissions - (MTCO2eq)",288.762789333333
"NoRusGas_constrained_ModelOptimal","EU-12","EU-12","emissGHGBySectorPowerGWPAR5","sector","CO2_natural gas","ghg","CO2","Year",2020,"Vint_2020","GHG emissions - (MTCO2eq)",17.3731257707333
"NoRusGas_constrained_ModelOptimal","EU-12","EU-12","emissGHGBySectorPowerGWPAR5","sector","CO2_refined liquids","ghg","CO2","Year",2020,"Vint_2020","GHG emissions - (MTCO2eq)",4.04987795666667
"NoRusGas_constrained_ModelOptimal","EU-12","EU-12","emissGHGBySectorPowerGWPAR5","sector","backup_electricity_CO2","ghg","CO2","Year",2020,"Vint_2020","GHG emissions - (MTCO2eq)",0.164214966666667
"NoRusGas_constrained_ModelOptimal","EU-12","EU-12","emissGHGBySectorPowerGWPAR5","sector","CO2_biomass","ghg","CO2","Year",2025,"Vint_2025","GHG emissions - (MTCO2eq)",25.040438247
"NoRusGas_constrained_ModelOptimal","EU-12","EU-12","emissGHGBySectorPowerGWPAR5","sector","CO2_coal","ghg","CO2","Year",2025,"Vint_2025","GHG emissions - (MTCO2eq)",76.4431244866667
"NoRusGas_constrained_ModelOptimal","EU-12","EU-12","emissGHGBySectorPowerGWPAR5","sector","CO2_natural gas","ghg","CO2","Year",2025,"Vint_2025","GHG emissions - (MTCO2eq)",11.3967162723333
"NoRusGas_constrained_ModelOptimal","EU-12","EU-12","emissGHGBySectorPowerGWPAR5","sector","CO2_refined liquids","ghg","CO2","Year",2025,"Vint_2025","GHG emissions - (MTCO2eq)",2.52182963266667
"NoRusGas_constrained_ModelOptimal","EU-12","EU-12","emissGHGBySectorPowerGWPAR5","sector","backup_electricity_CO2","ghg","CO2","Year",2025,"Vint_2025","GHG emissions - (MTCO2eq)",0.973221333333333
"NoRusGas_constrained_ModelOptimal","EU-12","EU-12","emissGHGBySectorPowerGWPAR5","sector","CO2_biomass","ghg","CO2","Year",2030,"Vint_2030","GHG emissions - (MTCO2eq)",23.9739787686667
"NoRusGas_constrained_ModelOptimal","EU-12","EU-12","emissGHGBySectorPowerGWPAR5","sector","CO2_coal","ghg","CO2","Year",2030,"Vint_2030","GHG emissions - (MTCO2eq)",162.3819989
"NoRusGas_constrained_ModelOptimal","EU-12","EU-12","emissGHGBySectorPowerGWPAR5","sector","CO2_natural gas","ghg","CO2","Year",2030,"Vint_2030","GHG emissions - (MTCO2eq)",9.20784307006667
"NoRusGas_constrained_ModelOptimal","EU-12","EU-12","emissGHGBySectorPowerGWPAR5","sector","CO2_refined liquids","ghg","CO2","Year",2030,"Vint_2030","GHG emissions - (MTCO2eq)",1.6228456233
"NoRusGas_constrained_ModelOptimal","EU-12","EU-12","emissGHGBySectorPowerGWPAR5","sector","backup_electricity_CO2","ghg","CO2","Year",2030,"Vint_2030","GHG emissions - (MTCO2eq)",0.828472333333333
"NoRusGas_constrained_ModelOptimal","EU-15","EU-15","emissGHGBySectorPowerGWPAR5","sector","CO2_biomass","ghg","CO2","Year",1990,"Vint_1990","GHG emissions - (MTCO2eq)",10.1996268
"NoRusGas_constrained_ModelOptimal","EU-15","EU-15","emissGHGBySectorPowerGWPAR5","sector","CO2_coal","ghg","CO2","Year",1990,"Vint_1990","GHG emissions - (MTCO2eq)",796.71009
"NoRusGas_constrained_ModelOptimal","EU-15","EU-15","emissGHGBySectorPowerGWPAR5","sector","CO2_natural gas","ghg","CO2","Year",1990,"Vint_1990","GHG emissions - (MTCO2eq)",64.3065793333333
"NoRusGas_constrained_ModelOptimal","EU-15","EU-15","emissGHGBySectorPowerGWPAR5","sector","CO2_refined liquids","ghg","CO2","Year",1990,"Vint_1990","GHG emissions - (MTCO2eq)",116.383329333333
"NoRusGas_constrained_ModelOptimal","EU-15","EU-15","emissGHGBySectorPowerGWPAR5","sector","CO2_biomass","ghg","CO2","Year",2005,"Vint_2005","GHG emissions - (MTCO2eq)",58.635434
"NoRusGas_constrained_ModelOptimal","EU-15","EU-15","emissGHGBySectorPowerGWPAR5","sector","CO2_coal","ghg","CO2","Year",2005,"Vint_2005","GHG emissions - (MTCO2eq)",696.840283333333
"NoRusGas_constrained_ModelOptimal","EU-15","EU-15","emissGHGBySectorPowerGWPAR5","sector","CO2_natural gas","ghg","CO2","Year",2005,"Vint_2005","GHG emissions - (MTCO2eq)",217.745795666667
"NoRusGas_constrained_ModelOptimal","EU-15","EU-15","emissGHGBySectorPowerGWPAR5","sector","CO2_refined liquids","ghg","CO2","Year",2005,"Vint_2005","GHG emissions - (MTCO2eq)",72.8104226666667
"NoRusGas_constrained_ModelOptimal","EU-15","EU-15","emissGHGBySectorPowerGWPAR5","sector","CO2_biomass","ghg","CO2","Year",2010,"Vint_2010","GHG emissions - (MTCO2eq)",87.083194
"NoRusGas_constrained_ModelOptimal","EU-15","EU-15","emissGHGBySectorPowerGWPAR5","sector","CO2_coal","ghg","CO2","Year",2010,"Vint_2010","GHG emissions - (MTCO2eq)",567.227686666667
"NoRusGas_constrained_ModelOptimal","EU-15","EU-15","emissGHGBySectorPowerGWPAR5","sector","CO2_natural gas","ghg","CO2","Year",2010,"Vint_2010","GHG emissions - (MTCO2eq)",254.69499
"NoRusGas_constrained_ModelOptimal","EU-15","EU-15","emissGHGBySectorPowerGWPAR5","sector","CO2_refined liquids","ghg","CO2","Year",2010,"Vint_2010","GHG emissions - (MTCO2eq)",41.9670826666667
"NoRusGas_constrained_ModelOptimal","EU-15","EU-15","emissGHGBySectorPowerGWPAR5","sector","CO2_biomass","ghg","CO2","Year",2015,"Vint_2015","GHG emissions - (MTCO2eq)",103.459579666667
"NoRusGas_constrained_ModelOptimal","EU-15","EU-15","emissGHGBySectorPowerGWPAR5","sector","CO2_coal","ghg","CO2","Year",2015,"Vint_2015","GHG emissions - (MTCO2eq)",543.703966666667
"NoRusGas_constrained_ModelOptimal","EU-15","EU-15","emissGHGBySectorPowerGWPAR5","sector","CO2_natural gas","ghg","CO2","Year",2015,"Vint_2015","GHG emissions - (MTCO2eq)",162.311955666667
"NoRusGas_constrained_ModelOptimal","EU-15","EU-15","emissGHGBySectorPowerGWPAR5","sector","CO2_refined liquids","ghg","CO2","Year",2015,"Vint_2015","GHG emissions - (MTCO2eq)",33.1164863333333
"NoRusGas_constrained_ModelOptimal","EU-15","EU-15","emissGHGBySectorPowerGWPAR5","sector","CO2_biomass","ghg","CO2","Year",2020,"Vint_2020","GHG emissions - (MTCO2eq)",78.0276460333333
"NoRusGas_constrained_ModelOptimal","EU-15","EU-15","emissGHGBySectorPowerGWPAR5","sector","CO2_coal","ghg","CO2","Year",2020,"Vint_2020","GHG emissions - (MTCO2eq)",588.511751666667
"NoRusGas_constrained_ModelOptimal","EU-15","EU-15","emissGHGBySectorPowerGWPAR5","sector","CO2_natural gas","ghg","CO2","Year",2020,"Vint_2020","GHG emissions - (MTCO2eq)",164.517724066667
"NoRusGas_constrained_ModelOptimal","EU-15","EU-15","emissGHGBySectorPowerGWPAR5","sector","CO2_refined liquids","ghg","CO2","Year",2020,"Vint_2020","GHG emissions - (MTCO2eq)",20.0386384
"NoRusGas_constrained_ModelOptimal","EU-15","EU-15","emissGHGBySectorPowerGWPAR5","sector","backup_electricity_CO2","ghg","CO2","Year",2020,"Vint_2020","GHG emissions - (MTCO2eq)",1.76537166666667
"NoRusGas_constrained_ModelOptimal","EU-15","EU-15","emissGHGBySectorPowerGWPAR5","sector","CO2_biomass","ghg","CO2","Year",2025,"Vint_2025","GHG emissions - (MTCO2eq)",145.277384156667
"NoRusGas_constrained_ModelOptimal","EU-15","EU-15","emissGHGBySectorPowerGWPAR5","sector","CO2_coal","ghg","CO2","Year",2025,"Vint_2025","GHG emissions - (MTCO2eq)",107.846821243333
"NoRusGas_constrained_ModelOptimal","EU-15","EU-15","emissGHGBySectorPowerGWPAR5","sector","CO2_natural gas","ghg","CO2","Year",2025,"Vint_2025","GHG emissions - (MTCO2eq)",105.11432965
"NoRusGas_constrained_ModelOptimal","EU-15","EU-15","emissGHGBySectorPowerGWPAR5","sector","CO2_refined liquids","ghg","CO2","Year",2025,"Vint_2025","GHG emissions - (MTCO2eq)",7.79243119233333
"NoRusGas_constrained_ModelOptimal","EU-15","EU-15","emissGHGBySectorPowerGWPAR5","sector","backup_electricity_CO2","ghg","CO2","Year",2025,"Vint_2025","GHG emissions - (MTCO2eq)",6.47009
"NoRusGas_constrained_ModelOptimal","EU-15","EU-15","emissGHGBySectorPowerGWPAR5","sector","CO2_biomass","ghg","CO2","Year",2030,"Vint_2030","GHG emissions - (MTCO2eq)",155.835641772653
"NoRusGas_constrained_ModelOptimal","EU-15","EU-15","emissGHGBySectorPowerGWPAR5","sector","CO2_coal","ghg","CO2","Year",2030,"Vint_2030","GHG emissions - (MTCO2eq)",368.576381605667
"NoRusGas_constrained_ModelOptimal","EU-15","EU-15","emissGHGBySectorPowerGWPAR5","sector","CO2_natural gas","ghg","CO2","Year",2030,"Vint_2030","GHG emissions - (MTCO2eq)",90.0776612413333
"NoRusGas_constrained_ModelOptimal","EU-15","EU-15","emissGHGBySectorPowerGWPAR5","sector","CO2_refined liquids","ghg","CO2","Year",2030,"Vint_2030","GHG emissions - (MTCO2eq)",8.591588643
"NoRusGas_constrained_ModelOptimal","EU-15","EU-15","emissGHGBySectorPowerGWPAR5","sector","backup_electricity_CO2","ghg","CO2","Year",2030,"Vint_2030","GHG emissions - (MTCO2eq)",6.90316
"Baseline_NDC","EU-12","EU-12","emissGHGBySectorPowerGWPAR5","sector","CH4","ghg","CH4","Year",1990,"Vint_1990","GHG emissions - (MTCO2eq)",2.8105272496
"Baseline_NDC","EU-12","EU-12","emissGHGBySectorPowerGWPAR5","sector","N2O","ghg","N2O","Year",1990,"Vint_1990","GHG emissions - (MTCO2eq)",2.6139641446
"Baseline_NDC","EU-12","EU-12","emissGHGBySectorPowerGWPAR5","sector","SF6","ghg","SF6","Year",1990,"Vint_1990","GHG emissions - (MTCO2eq)",0.25126717
"Baseline_NDC","EU-12","EU-12","emissGHGBySectorPowerGWPAR5","sector","CH4","ghg","CH4","Year",2005,"Vint_2005","GHG emissions - (MTCO2eq)",2.199296344
"Baseline_NDC","EU-12","EU-12","emissGHGBySectorPowerGWPAR5","sector","N2O","ghg","N2O","Year",2005,"Vint_2005","GHG emissions - (MTCO2eq)",3.82996179
"Baseline_NDC","EU-12","EU-12","emissGHGBySectorPowerGWPAR5","sector","SF6","ghg","SF6","Year",2005,"Vint_2005","GHG emissions - (MTCO2eq)",0.45876747
"Baseline_NDC","EU-12","EU-12","emissGHGBySectorPowerGWPAR5","sector","CH4","ghg","CH4","Year",2010,"Vint_2010","GHG emissions - (MTCO2eq)",2.25557976
"Baseline_NDC","EU-12","EU-12","emissGHGBySectorPowerGWPAR5","sector","N2O","ghg","N2O","Year",2010,"Vint_2010","GHG emissions - (MTCO2eq)",4.61046576
"Baseline_NDC","EU-12","EU-12","emissGHGBySectorPowerGWPAR5","sector","SF6","ghg","SF6","Year",2010,"Vint_2010","GHG emissions - (MTCO2eq)",0.6526326
"Baseline_NDC","EU-12","EU-12","emissGHGBySectorPowerGWPAR5","sector","CH4","ghg","CH4","Year",2015,"Vint_2015","GHG emissions - (MTCO2eq)",1.97079568
"Baseline_NDC","EU-12","EU-12","emissGHGBySectorPowerGWPAR5","sector","N2O","ghg","N2O","Year",2015,"Vint_2015","GHG emissions - (MTCO2eq)",5.41850005
"Baseline_NDC","EU-12","EU-12","emissGHGBySectorPowerGWPAR5","sector","SF6","ghg","SF6","Year",2015,"Vint_2015","GHG emissions - (MTCO2eq)",0.7327535
"Baseline_NDC","EU-12","EU-12","emissGHGBySectorPowerGWPAR5","sector","CH4","ghg","CH4","Year",2020,"Vint_2020","GHG emissions - (MTCO2eq)",2.06571467648
"Baseline_NDC","EU-12","EU-12","emissGHGBySectorPowerGWPAR5","sector","N2O","ghg","N2O","Year",2020,"Vint_2020","GHG emissions - (MTCO2eq)",6.3920430686
"Baseline_NDC","EU-12","EU-12","emissGHGBySectorPowerGWPAR5","sector","SF6","ghg","SF6","Year",2020,"Vint_2020","GHG emissions - (MTCO2eq)",0.8259733
"Baseline_NDC","EU-12","EU-12","emissGHGBySectorPowerGWPAR5","sector","CH4","ghg","CH4","Year",2025,"Vint_2025","GHG emissions - (MTCO2eq)",0.54955767244
"Baseline_NDC","EU-12","EU-12","emissGHGBySectorPowerGWPAR5","sector","N2O","ghg","N2O","Year",2025,"Vint_2025","GHG emissions - (MTCO2eq)",1.66849669304
"Baseline_NDC","EU-12","EU-12","emissGHGBySectorPowerGWPAR5","sector","SF6","ghg","SF6","Year",2025,"Vint_2025","GHG emissions - (MTCO2eq)",0.6119635
"Baseline_NDC","EU-12","EU-12","emissGHGBySectorPowerGWPAR5","sector","CH4","ghg","CH4","Year",2030,"Vint_2030","GHG emissions - (MTCO2eq)",0.720907783904
"Baseline_NDC","EU-12","EU-12","emissGHGBySectorPowerGWPAR5","sector","N2O","ghg","N2O","Year",2030,"Vint_2030","GHG emissions - (MTCO2eq)",2.32793703378
"Baseline_NDC","EU-12","EU-12","emissGHGBySectorPowerGWPAR5","sector","SF6","ghg","SF6","Year",2030,"Vint_2030","GHG emissions - (MTCO2eq)",0.74824
"Baseline_NDC","EU-15","EU-15","emissGHGBySectorPowerGWPAR5","sector","CH4","ghg","CH4","Year",1990,"Vint_1990","GHG emissions - (MTCO2eq)",2.72929944
"Baseline_NDC","EU-15","EU-15","emissGHGBySectorPowerGWPAR5","sector","N2O","ghg","N2O","Year",1990,"Vint_1990","GHG emissions - (MTCO2eq)",7.25091728
"Baseline_NDC","EU-15","EU-15","emissGHGBySectorPowerGWPAR5","sector","SF6","ghg","SF6","Year",1990,"Vint_1990","GHG emissions - (MTCO2eq)",5.931118
"Baseline_NDC","EU-15","EU-15","emissGHGBySectorPowerGWPAR5","sector","CH4","ghg","CH4","Year",2005,"Vint_2005","GHG emissions - (MTCO2eq)",7.577108
"Baseline_NDC","EU-15","EU-15","emissGHGBySectorPowerGWPAR5","sector","N2O","ghg","N2O","Year",2005,"Vint_2005","GHG emissions - (MTCO2eq)",12.37720554
"Baseline_NDC","EU-15","EU-15","emissGHGBySectorPowerGWPAR5","sector","SF6","ghg","SF6","Year",2005,"Vint_2005","GHG emissions - (MTCO2eq)",4.868166
"Baseline_NDC","EU-15","EU-15","emissGHGBySectorPowerGWPAR5","sector","CH4","ghg","CH4","Year",2010,"Vint_2010","GHG emissions - (MTCO2eq)",7.82596584
"Baseline_NDC","EU-15","EU-15","emissGHGBySectorPowerGWPAR5","sector","N2O","ghg","N2O","Year",2010,"Vint_2010","GHG emissions - (MTCO2eq)",13.56134797
"Baseline_NDC","EU-15","EU-15","emissGHGBySectorPowerGWPAR5","sector","SF6","ghg","SF6","Year",2010,"Vint_2010","GHG emissions - (MTCO2eq)",4.0240037
"Baseline_NDC","EU-15","EU-15","emissGHGBySectorPowerGWPAR5","sector","CH4","ghg","CH4","Year",2015,"Vint_2015","GHG emissions - (MTCO2eq)",5.24041504
"Baseline_NDC","EU-15","EU-15","emissGHGBySectorPowerGWPAR5","sector","N2O","ghg","N2O","Year",2015,"Vint_2015","GHG emissions - (MTCO2eq)",13.97643072
"Baseline_NDC","EU-15","EU-15","emissGHGBySectorPowerGWPAR5","sector","SF6","ghg","SF6","Year",2015,"Vint_2015","GHG emissions - (MTCO2eq)",3.41878
"Baseline_NDC","EU-15","EU-15","emissGHGBySectorPowerGWPAR5","sector","CH4","ghg","CH4","Year",2020,"Vint_2020","GHG emissions - (MTCO2eq)",3.3396199144
"Baseline_NDC","EU-15","EU-15","emissGHGBySectorPowerGWPAR5","sector","N2O","ghg","N2O","Year",2020,"Vint_2020","GHG emissions - (MTCO2eq)",12.7944977646
"Baseline_NDC","EU-15","EU-15","emissGHGBySectorPowerGWPAR5","sector","SF6","ghg","SF6","Year",2020,"Vint_2020","GHG emissions - (MTCO2eq)",3.4704988
"Baseline_NDC","EU-15","EU-15","emissGHGBySectorPowerGWPAR5","sector","CH4","ghg","CH4","Year",2025,"Vint_2025","GHG emissions - (MTCO2eq)",1.77734099536
"Baseline_NDC","EU-15","EU-15","emissGHGBySectorPowerGWPAR5","sector","N2O","ghg","N2O","Year",2025,"Vint_2025","GHG emissions - (MTCO2eq)",4.63017156863
"Baseline_NDC","EU-15","EU-15","emissGHGBySectorPowerGWPAR5","sector","SF6","ghg","SF6","Year",2025,"Vint_2025","GHG emissions - (MTCO2eq)",2.5614671
"Baseline_NDC","EU-15","EU-15","emissGHGBySectorPowerGWPAR5","sector","CH4","ghg","CH4","Year",2030,"Vint_2030","GHG emissions - (MTCO2eq)",2.00447599072
"Baseline_NDC","EU-15","EU-15","emissGHGBySectorPowerGWPAR5","sector","N2O","ghg","N2O","Year",2030,"Vint_2030","GHG emissions - (MTCO2eq)",5.98339584572
"Baseline_NDC","EU-15","EU-15","emissGHGBySectorPowerGWPAR5","sector","SF6","ghg","SF6","Year",2030,"Vint_2030","GHG emissions - (MTCO2eq)",2.9632654
"NoRusGas_ModelOptimal","EU-12","EU-12","emissGHGBySectorPowerGWPAR5","sector","CH4","ghg","CH4","Year",1990,"Vint_1990","GHG emissions - (MTCO2eq)",1.4052636248
"NoRusGas_ModelOptimal","EU-12","EU-12","emissGHGBySectorPowerGWPAR5","sector","N2O","ghg","N2O","Year",1990,"Vint_1990","GHG emissions - (MTCO2eq)",1.3069820723
"NoRusGas_ModelOptimal","EU-12","EU-12","emissGHGBySectorPowerGWPAR5","sector","SF6","ghg","SF6","Year",1990,"Vint_1990","GHG emissions - (MTCO2eq)",0.125633585
"NoRusGas_ModelOptimal","EU-12","EU-12","emissGHGBySectorPowerGWPAR5","sector","CH4","ghg","CH4","Year",2005,"Vint_2005","GHG emissions - (MTCO2eq)",1.099648172
"NoRusGas_ModelOptimal","EU-12","EU-12","emissGHGBySectorPowerGWPAR5","sector","N2O","ghg","N2O","Year",2005,"Vint_2005","GHG emissions - (MTCO2eq)",1.914980895
"NoRusGas_ModelOptimal","EU-12","EU-12","emissGHGBySectorPowerGWPAR5","sector","SF6","ghg","SF6","Year",2005,"Vint_2005","GHG emissions - (MTCO2eq)",0.229383735
"NoRusGas_ModelOptimal","EU-12","EU-12","emissGHGBySectorPowerGWPAR5","sector","CH4","ghg","CH4","Year",2010,"Vint_2010","GHG emissions - (MTCO2eq)",1.12778988
"NoRusGas_ModelOptimal","EU-12","EU-12","emissGHGBySectorPowerGWPAR5","sector","N2O","ghg","N2O","Year",2010,"Vint_2010","GHG emissions - (MTCO2eq)",2.30523288
"NoRusGas_ModelOptimal","EU-12","EU-12","emissGHGBySectorPowerGWPAR5","sector","SF6","ghg","SF6","Year",2010,"Vint_2010","GHG emissions - (MTCO2eq)",0.3263163
"NoRusGas_ModelOptimal","EU-12","EU-12","emissGHGBySectorPowerGWPAR5","sector","CH4","ghg","CH4","Year",2015,"Vint_2015","GHG emissions - (MTCO2eq)",0.98539784
"NoRusGas_ModelOptimal","EU-12","EU-12","emissGHGBySectorPowerGWPAR5","sector","N2O","ghg","N2O","Year",2015,"Vint_2015","GHG emissions - (MTCO2eq)",2.709250025
"NoRusGas_ModelOptimal","EU-12","EU-12","emissGHGBySectorPowerGWPAR5","sector","SF6","ghg","SF6","Year",2015,"Vint_2015","GHG emissions - (MTCO2eq)",0.36637675
"NoRusGas_ModelOptimal","EU-12","EU-12","emissGHGBySectorPowerGWPAR5","sector","CH4","ghg","CH4","Year",2020,"Vint_2020","GHG emissions - (MTCO2eq)",1.03285733824
"NoRusGas_ModelOptimal","EU-12","EU-12","emissGHGBySectorPowerGWPAR5","sector","N2O","ghg","N2O","Year",2020,"Vint_2020","GHG emissions - (MTCO2eq)",3.1960215343
"NoRusGas_ModelOptimal","EU-12","EU-12","emissGHGBySectorPowerGWPAR5","sector","SF6","ghg","SF6","Year",2020,"Vint_2020","GHG emissions - (MTCO2eq)",0.41298665
"NoRusGas_ModelOptimal","EU-12","EU-12","emissGHGBySectorPowerGWPAR5","sector","CH4","ghg","CH4","Year",2025,"Vint_2025","GHG emissions - (MTCO2eq)",0.27477883622
"NoRusGas_ModelOptimal","EU-12","EU-12","emissGHGBySectorPowerGWPAR5","sector","N2O","ghg","N2O","Year",2025,"Vint_2025","GHG emissions - (MTCO2eq)",0.83424834652
"NoRusGas_ModelOptimal","EU-12","EU-12","emissGHGBySectorPowerGWPAR5","sector","SF6","ghg","SF6","Year",2025,"Vint_2025","GHG emissions - (MTCO2eq)",0.30598175
"NoRusGas_ModelOptimal","EU-12","EU-12","emissGHGBySectorPowerGWPAR5","sector","CH4","ghg","CH4","Year",2030,"Vint_2030","GHG emissions - (MTCO2eq)",0.360453891952
"NoRusGas_ModelOptimal","EU-12","EU-12","emissGHGBySectorPowerGWPAR5","sector","N2O","ghg","N2O","Year",2030,"Vint_2030","GHG emissions - (MTCO2eq)",1.16396851689
"NoRusGas_ModelOptimal","EU-12","EU-12","emissGHGBySectorPowerGWPAR5","sector","SF6","ghg","SF6","Year",2030,"Vint_2030","GHG emissions - (MTCO2eq)",0.37412
"NoRusGas_ModelOptimal","EU-15","EU-15","emissGHGBySectorPowerGWPAR5","sector","CH4","ghg","CH4","Year",1990,"Vint_1990","GHG emissions - (MTCO2eq)",1.36464972
"NoRusGas_ModelOptimal","EU-15","EU-15","emissGHGBySectorPowerGWPAR5","sector","N2O","ghg","N2O","Year",1990,"Vint_1990","GHG emissions - (MTCO2eq)",3.62545864
"NoRusGas_ModelOptimal","EU-15","EU-15","emissGHGBySectorPowerGWPAR5","sector","SF6","ghg","SF6","Year",1990,"Vint_1990","GHG emissions - (MTCO2eq)",2.965559
"NoRusGas_ModelOptimal","EU-15","EU-15","emissGHGBySectorPowerGWPAR5","sector","CH4","ghg","CH4","Year",2005,"Vint_2005","GHG emissions - (MTCO2eq)",3.788554
"NoRusGas_ModelOptimal","EU-15","EU-15","emissGHGBySectorPowerGWPAR5","sector","N2O","ghg","N2O","Year",2005,"Vint_2005","GHG emissions - (MTCO2eq)",6.18860277
"NoRusGas_ModelOptimal","EU-15","EU-15","emissGHGBySectorPowerGWPAR5","sector","SF6","ghg","SF6","Year",2005,"Vint_2005","GHG emissions - (MTCO2eq)",2.434083
"NoRusGas_ModelOptimal","EU-15","EU-15","emissGHGBySectorPowerGWPAR5","sector","CH4","ghg","CH4","Year",2010,"Vint_2010","GHG emissions - (MTCO2eq)",3.91298292
"NoRusGas_ModelOptimal","EU-15","EU-15","emissGHGBySectorPowerGWPAR5","sector","N2O","ghg","N2O","Year",2010,"Vint_2010","GHG emissions - (MTCO2eq)",6.780673985
"NoRusGas_ModelOptimal","EU-15","EU-15","emissGHGBySectorPowerGWPAR5","sector","SF6","ghg","SF6","Year",2010,"Vint_2010","GHG emissions - (MTCO2eq)",2.01200185
"NoRusGas_ModelOptimal","EU-15","EU-15","emissGHGBySectorPowerGWPAR5","sector","CH4","ghg","CH4","Year",2015,"Vint_2015","GHG emissions - (MTCO2eq)",2.62020752
"NoRusGas_ModelOptimal","EU-15","EU-15","emissGHGBySectorPowerGWPAR5","sector","N2O","ghg","N2O","Year",2015,"Vint_2015","GHG emissions - (MTCO2eq)",6.98821536
"NoRusGas_ModelOptimal","EU-15","EU-15","emissGHGBySectorPowerGWPAR5","sector","SF6","ghg","SF6","Year",2015,"Vint_2015","GHG emissions - (MTCO2eq)",1.70939
"NoRusGas_ModelOptimal","EU-15","EU-15","emissGHGBySectorPowerGWPAR5","sector","CH4","ghg","CH4","Year",2020,"Vint_2020","GHG emissions - (MTCO2eq)",1.6698099572
"NoRusGas_ModelOptimal","EU-15","EU-15","emissGHGBySectorPowerGWPAR5","sector","N2O","ghg","N2O","Year",2020,"Vint_2020","GHG emissions - (MTCO2eq)",6.3972488823
"NoRusGas_ModelOptimal","EU-15","EU-15","emissGHGBySectorPowerGWPAR5","sector","SF6","ghg","SF6","Year",2020,"Vint_2020","GHG emissions - (MTCO2eq)",1.7352494
"NoRusGas_ModelOptimal","EU-15","EU-15","emissGHGBySectorPowerGWPAR5","sector","CH4","ghg","CH4","Year",2025,"Vint_2025","GHG emissions - (MTCO2eq)",0.88867049768
"NoRusGas_ModelOptimal","EU-15","EU-15","emissGHGBySectorPowerGWPAR5","sector","N2O","ghg","N2O","Year",2025,"Vint_2025","GHG emissions - (MTCO2eq)",2.315085784315
"NoRusGas_ModelOptimal","EU-15","EU-15","emissGHGBySectorPowerGWPAR5","sector","SF6","ghg","SF6","Year",2025,"Vint_2025","GHG emissions - (MTCO2eq)",1.28073355
"NoRusGas_ModelOptimal","EU-15","EU-15","emissGHGBySectorPowerGWPAR5","sector","CH4","ghg","CH4","Year",2030,"Vint_2030","GHG emissions - (MTCO2eq)",1.00223799536
"NoRusGas_ModelOptimal","EU-15","EU-15","emissGHGBySectorPowerGWPAR5","sector","N2O","ghg","N2O","Year",2030,"Vint_2030","GHG emissions - (MTCO2eq)",2.99169792286
"NoRusGas_ModelOptimal","EU-15","EU-15","emissGHGBySectorPowerGWPAR5","sector","SF6","ghg","SF6","Year",2030,"Vint_2030","GHG emissions - (MTCO2eq)",1.4816327
"NoRusGas_ModelOptimal2","EU-12","EU-12","emissGHGBySectorPowerGWPAR5","sector","CH4","ghg","CH4","Year",1990,"Vint_1990","GHG emissions - (MTCO2eq)",1.4052636248
"NoRusGas_ModelOptimal2","EU-12","EU-12","emissGHGBySectorPowerGWPAR5","sector","N2O","ghg","N2O","Year",1990,"Vint_1990","GHG emissions - (MTCO2eq)",1.3069820723
"NoRusGas_ModelOptimal2","EU-12","EU-12","emissGHGBySectorPowerGWPAR5","sector","SF6","ghg","SF6","Year",1990,"Vint_1990","GHG emissions - (MTCO2eq)",0.125633585
"NoRusGas_ModelOptimal2","EU-12","EU-12","emissGHGBySectorPowerGWPAR5","sector","CH4","ghg","CH4","Year",2005,"Vint_2005","GHG emissions - (MTCO2eq)",1.099648172
"NoRusGas_ModelOptimal2","EU-12","EU-12","emissGHGBySectorPowerGWPAR5","sector","N2O","ghg","N2O","Year",2005,"Vint_2005","GHG emissions - (MTCO2eq)",1.914980895
"NoRusGas_ModelOptimal2","EU-12","EU-12","emissGHGBySectorPowerGWPAR5","sector","SF6","ghg","SF6","Year",2005,"Vint_2005","GHG emissions - (MTCO2eq)",0.229383735
"NoRusGas_ModelOptimal2","EU-12","EU-12","emissGHGBySectorPowerGWPAR5","sector","CH4","ghg","CH4","Year",2010,"Vint_2010","GHG emissions - (MTCO2eq)",1.12778988
"NoRusGas_ModelOptimal2","EU-12","EU-12","emissGHGBySectorPowerGWPAR5","sector","N2O","ghg","N2O","Year",2010,"Vint_2010","GHG emissions - (MTCO2eq)",2.30523288
"NoRusGas_ModelOptimal2","EU-12","EU-12","emissGHGBySectorPowerGWPAR5","sector","SF6","ghg","SF6","Year",2010,"Vint_2010","GHG emissions - (MTCO2eq)",0.3263163
"NoRusGas_ModelOptimal2","EU-12","EU-12","emissGHGBySectorPowerGWPAR5","sector","CH4","ghg","CH4","Year",2015,"Vint_2015","GHG emissions - (MTCO2eq)",0.98539784
"NoRusGas_ModelOptimal2","EU-12","EU-12","emissGHGBySectorPowerGWPAR5","sector","N2O","ghg","N2O","Year",2015,"Vint_2015","GHG emissions - (MTCO2eq)",2.709250025
"NoRusGas_ModelOptimal2","EU-12","EU-12","emissGHGBySectorPowerGWPAR5","sector","SF6","ghg","SF6","Year",2015,"Vint_2015","GHG emissions - (MTCO2eq)",0.36637675
"NoRusGas_ModelOptimal2","EU-12","EU-12","emissGHGBySectorPowerGWPAR5","sector","CH4","ghg","CH4","Year",2020,"Vint_2020","GHG emissions - (MTCO2eq)",1.03285733824
"NoRusGas_ModelOptimal2","EU-12","EU-12","emissGHGBySectorPowerGWPAR5","sector","N2O","ghg","N2O","Year",2020,"Vint_2020","GHG emissions - (MTCO2eq)",3.1960215343
"NoRusGas_ModelOptimal2","EU-12","EU-12","emissGHGBySectorPowerGWPAR5","sector","SF6","ghg","SF6","Year",2020,"Vint_2020","GHG emissions - (MTCO2eq)",0.41298665
"NoRusGas_ModelOptimal2","EU-12","EU-12","emissGHGBySectorPowerGWPAR5","sector","CH4","ghg","CH4","Year",2025,"Vint_2025","GHG emissions - (MTCO2eq)",0.27477883622
"NoRusGas_ModelOptimal2","EU-12","EU-12","emissGHGBySectorPowerGWPAR5","sector","N2O","ghg","N2O","Year",2025,"Vint_2025","GHG emissions - (MTCO2eq)",0.83424834652
"NoRusGas_ModelOptimal2","EU-12","EU-12","emissGHGBySectorPowerGWPAR5","sector","SF6","ghg","SF6","Year",2025,"Vint_2025","GHG emissions - (MTCO2eq)",0.30598175
"NoRusGas_ModelOptimal2","EU-12","EU-12","emissGHGBySectorPowerGWPAR5","sector","CH4","ghg","CH4","Year",2030,"Vint_2030","GHG emissions - (MTCO2eq)",0.360453891952
"NoRusGas_ModelOptimal2","EU-12","EU-12","emissGHGBySectorPowerGWPAR5","sector","N2O","ghg","N2O","Year",2030,"Vint_2030","GHG emissions - (MTCO2eq)",1.16396851689
"NoRusGas_ModelOptimal2","EU-12","EU-12","emissGHGBySectorPowerGWPAR5","sector","SF6","ghg","SF6","Year",2030,"Vint_2030","GHG emissions - (MTCO2eq)",0.37412
"NoRusGas_ModelOptimal2","EU-15","EU-15","emissGHGBySectorPowerGWPAR5","sector","CH4","ghg","CH4","Year",1990,"Vint_1990","GHG emissions - (MTCO2eq)",1.36464972
"NoRusGas_ModelOptimal2","EU-15","EU-15","emissGHGBySectorPowerGWPAR5","sector","N2O","ghg","N2O","Year",1990,"Vint_1990","GHG emissions - (MTCO2eq)",3.62545864
"NoRusGas_ModelOptimal2","EU-15","EU-15","emissGHGBySectorPowerGWPAR5","sector","SF6","ghg","SF6","Year",1990,"Vint_1990","GHG emissions - (MTCO2eq)",2.965559
"NoRusGas_ModelOptimal2","EU-15","EU-15","emissGHGBySectorPowerGWPAR5","sector","CH4","ghg","CH4","Year",2005,"Vint_2005","GHG emissions - (MTCO2eq)",3.788554
"NoRusGas_ModelOptimal2","EU-15","EU-15","emissGHGBySectorPowerGWPAR5","sector","N2O","ghg","N2O","Year",2005,"Vint_2005","GHG emissions - (MTCO2eq)",6.18860277
"NoRusGas_ModelOptimal2","EU-15","EU-15","emissGHGBySectorPowerGWPAR5","sector","SF6","ghg","SF6","Year",2005,"Vint_2005","GHG emissions - (MTCO2eq)",2.434083
"NoRusGas_ModelOptimal2","EU-15","EU-15","emissGHGBySectorPowerGWPAR5","sector","CH4","ghg","CH4","Year",2010,"Vint_2010","GHG emissions - (MTCO2eq)",3.91298292
"NoRusGas_ModelOptimal2","EU-15","EU-15","emissGHGBySectorPowerGWPAR5","sector","N2O","ghg","N2O","Year",2010,"Vint_2010","GHG emissions - (MTCO2eq)",6.780673985
"NoRusGas_ModelOptimal2","EU-15","EU-15","emissGHGBySectorPowerGWPAR5","sector","SF6","ghg","SF6","Year",2010,"Vint_2010","GHG emissions - (MTCO2eq)",2.01200185
"NoRusGas_ModelOptimal2","EU-15","EU-15","emissGHGBySectorPowerGWPAR5","sector","CH4","ghg","CH4","Year",2015,"Vint_2015","GHG emissions - (MTCO2eq)",2.62020752
"NoRusGas_ModelOptimal2","EU-15","EU-15","emissGHGBySectorPowerGWPAR5","sector","N2O","ghg","N2O","Year",2015,"Vint_2015","GHG emissions - (MTCO2eq)",6.98821536
"NoRusGas_ModelOptimal2","EU-15","EU-15","emissGHGBySectorPowerGWPAR5","sector","SF6","ghg","SF6","Year",2015,"Vint_2015","GHG emissions - (MTCO2eq)",1.70939
"NoRusGas_ModelOptimal2","EU-15","EU-15","emissGHGBySectorPowerGWPAR5","sector","CH4","ghg","CH4","Year",2020,"Vint_2020","GHG emissions - (MTCO2eq)",1.6698099572
"NoRusGas_ModelOptimal2","EU-15","EU-15","emissGHGBySectorPowerGWPAR5","sector","N2O","ghg","N2O","Year",2020,"Vint_2020","GHG emissions - (MTCO2eq)",6.3972488823
"NoRusGas_ModelOptimal2","EU-15","EU-15","emissGHGBySectorPowerGWPAR5","sector","SF6","ghg","SF6","Year",2020,"Vint_2020","GHG emissions - (MTCO2eq)",1.7352494
"NoRusGas_ModelOptimal2","EU-15","EU-15","emissGHGBySectorPowerGWPAR5","sector","CH4","ghg","CH4","Year",2025,"Vint_2025","GHG emissions - (MTCO2eq)",0.88867049768
"NoRusGas_ModelOptimal2","EU-15","EU-15","emissGHGBySectorPowerGWPAR5","sector","N2O","ghg","N2O","Year",2025,"Vint_2025","GHG emissions - (MTCO2eq)",2.315085784315
"NoRusGas_ModelOptimal2","EU-15","EU-15","emissGHGBySectorPowerGWPAR5","sector","SF6","ghg","SF6","Year",2025,"Vint_2025","GHG emissions - (MTCO2eq)",1.28073355
"NoRusGas_ModelOptimal2","EU-15","EU-15","emissGHGBySectorPowerGWPAR5","sector","CH4","ghg","CH4","Year",2030,"Vint_2030","GHG emissions - (MTCO2eq)",1.00223799536
"NoRusGas_ModelOptimal2","EU-15","EU-15","emissGHGBySectorPowerGWPAR5","sector","N2O","ghg","N2O","Year",2030,"Vint_2030","GHG emissions - (MTCO2eq)",2.99169792286
"NoRusGas_ModelOptimal2","EU-15","EU-15","emissGHGBySectorPowerGWPAR5","sector","SF6","ghg","SF6","Year",2030,"Vint_2030","GHG emissions - (MTCO2eq)",1.4816327
"NoRusGas_constrained_ModelOptimal","EU-12","EU-12","emissGHGBySectorPowerGWPAR5","sector","CH4","ghg","CH4","Year",1990,"Vint_1990","GHG emissions - (MTCO2eq)",1.4052636248
"NoRusGas_constrained_ModelOptimal","EU-12","EU-12","emissGHGBySectorPowerGWPAR5","sector","N2O","ghg","N2O","Year",1990,"Vint_1990","GHG emissions - (MTCO2eq)",1.3069820723
"NoRusGas_constrained_ModelOptimal","EU-12","EU-12","emissGHGBySectorPowerGWPAR5","sector","SF6","ghg","SF6","Year",1990,"Vint_1990","GHG emissions - (MTCO2eq)",0.125633585
"NoRusGas_constrained_ModelOptimal","EU-12","EU-12","emissGHGBySectorPowerGWPAR5","sector","CH4","ghg","CH4","Year",2005,"Vint_2005","GHG emissions - (MTCO2eq)",1.099648172
"NoRusGas_constrained_ModelOptimal","EU-12","EU-12","emissGHGBySectorPowerGWPAR5","sector","N2O","ghg","N2O","Year",2005,"Vint_2005","GHG emissions - (MTCO2eq)",1.914980895
"NoRusGas_constrained_ModelOptimal","EU-12","EU-12","emissGHGBySectorPowerGWPAR5","sector","SF6","ghg","SF6","Year",2005,"Vint_2005","GHG emissions - (MTCO2eq)",0.229383735
"NoRusGas_constrained_ModelOptimal","EU-12","EU-12","emissGHGBySectorPowerGWPAR5","sector","CH4","ghg","CH4","Year",2010,"Vint_2010","GHG emissions - (MTCO2eq)",1.12778988
"NoRusGas_constrained_ModelOptimal","EU-12","EU-12","emissGHGBySectorPowerGWPAR5","sector","N2O","ghg","N2O","Year",2010,"Vint_2010","GHG emissions - (MTCO2eq)",2.30523288
"NoRusGas_constrained_ModelOptimal","EU-12","EU-12","emissGHGBySectorPowerGWPAR5","sector","SF6","ghg","SF6","Year",2010,"Vint_2010","GHG emissions - (MTCO2eq)",0.3263163
"NoRusGas_constrained_ModelOptimal","EU-12","EU-12","emissGHGBySectorPowerGWPAR5","sector","CH4","ghg","CH4","Year",2015,"Vint_2015","GHG emissions - (MTCO2eq)",0.98539784
"NoRusGas_constrained_ModelOptimal","EU-12","EU-12","emissGHGBySectorPowerGWPAR5","sector","N2O","ghg","N2O","Year",2015,"Vint_2015","GHG emissions - (MTCO2eq)",2.709250025
"NoRusGas_constrained_ModelOptimal","EU-12","EU-12","emissGHGBySectorPowerGWPAR5","sector","SF6","ghg","SF6","Year",2015,"Vint_2015","GHG emissions - (MTCO2eq)",0.36637675
"NoRusGas_constrained_ModelOptimal","EU-12","EU-12","emissGHGBySectorPowerGWPAR5","sector","CH4","ghg","CH4","Year",2020,"Vint_2020","GHG emissions - (MTCO2eq)",1.03285733824
"NoRusGas_constrained_ModelOptimal","EU-12","EU-12","emissGHGBySectorPowerGWPAR5","sector","N2O","ghg","N2O","Year",2020,"Vint_2020","GHG emissions - (MTCO2eq)",3.1960215343
"NoRusGas_constrained_ModelOptimal","EU-12","EU-12","emissGHGBySectorPowerGWPAR5","sector","SF6","ghg","SF6","Year",2020,"Vint_2020","GHG emissions - (MTCO2eq)",0.41298665
"NoRusGas_constrained_ModelOptimal","EU-12","EU-12","emissGHGBySectorPowerGWPAR5","sector","CH4","ghg","CH4","Year",2025,"Vint_2025","GHG emissions - (MTCO2eq)",0.554794316328
"NoRusGas_constrained_ModelOptimal","EU-12","EU-12","emissGHGBySectorPowerGWPAR5","sector","N2O","ghg","N2O","Year",2025,"Vint_2025","GHG emissions - (MTCO2eq)",1.0363486733885
"NoRusGas_constrained_ModelOptimal","EU-12","EU-12","emissGHGBySectorPowerGWPAR5","sector","SF6","ghg","SF6","Year",2025,"Vint_2025","GHG emissions - (MTCO2eq)",0.28672115
"NoRusGas_constrained_ModelOptimal","EU-12","EU-12","emissGHGBySectorPowerGWPAR5","sector","CH4","ghg","CH4","Year",2030,"Vint_2030","GHG emissions - (MTCO2eq)",0.511605631432
"NoRusGas_constrained_ModelOptimal","EU-12","EU-12","emissGHGBySectorPowerGWPAR5","sector","N2O","ghg","N2O","Year",2030,"Vint_2030","GHG emissions - (MTCO2eq)",1.8705514225245
"NoRusGas_constrained_ModelOptimal","EU-12","EU-12","emissGHGBySectorPowerGWPAR5","sector","SF6","ghg","SF6","Year",2030,"Vint_2030","GHG emissions - (MTCO2eq)",0.4036595
"NoRusGas_constrained_ModelOptimal","EU-15","EU-15","emissGHGBySectorPowerGWPAR5","sector","CH4","ghg","CH4","Year",1990,"Vint_1990","GHG emissions - (MTCO2eq)",1.36464972
"NoRusGas_constrained_ModelOptimal","EU-15","EU-15","emissGHGBySectorPowerGWPAR5","sector","N2O","ghg","N2O","Year",1990,"Vint_1990","GHG emissions - (MTCO2eq)",3.62545864
"NoRusGas_constrained_ModelOptimal","EU-15","EU-15","emissGHGBySectorPowerGWPAR5","sector","SF6","ghg","SF6","Year",1990,"Vint_1990","GHG emissions - (MTCO2eq)",2.965559
"NoRusGas_constrained_ModelOptimal","EU-15","EU-15","emissGHGBySectorPowerGWPAR5","sector","CH4","ghg","CH4","Year",2005,"Vint_2005","GHG emissions - (MTCO2eq)",3.788554
"NoRusGas_constrained_ModelOptimal","EU-15","EU-15","emissGHGBySectorPowerGWPAR5","sector","N2O","ghg","N2O","Year",2005,"Vint_2005","GHG emissions - (MTCO2eq)",6.18860277
"NoRusGas_constrained_ModelOptimal","EU-15","EU-15","emissGHGBySectorPowerGWPAR5","sector","SF6","ghg","SF6","Year",2005,"Vint_2005","GHG emissions - (MTCO2eq)",2.434083
"NoRusGas_constrained_ModelOptimal","EU-15","EU-15","emissGHGBySectorPowerGWPAR5","sector","CH4","ghg","CH4","Year",2010,"Vint_2010","GHG emissions - (MTCO2eq)",3.91298292
"NoRusGas_constrained_ModelOptimal","EU-15","EU-15","emissGHGBySectorPowerGWPAR5","sector","N2O","ghg","N2O","Year",2010,"Vint_2010","GHG emissions - (MTCO2eq)",6.780673985
"NoRusGas_constrained_ModelOptimal","EU-15","EU-15","emissGHGBySectorPowerGWPAR5","sector","SF6","ghg","SF6","Year",2010,"Vint_2010","GHG emissions - (MTCO2eq)",2.01200185
"NoRusGas_constrained_ModelOptimal","EU-15","EU-15","emissGHGBySectorPowerGWPAR5","sector","CH4","ghg","CH4","Year",2015,"Vint_2015","GHG emissions - (MTCO2eq)",2.62020752
"NoRusGas_constrained_ModelOptimal","EU-15","EU-15","emissGHGBySectorPowerGWPAR5","sector","N2O","ghg","N2O","Year",2015,"Vint_2015","GHG emissions - (MTCO2eq)",6.98821536
"NoRusGas_constrained_ModelOptimal","EU-15","EU-15","emissGHGBySectorPowerGWPAR5","sector","SF6","ghg","SF6","Year",2015,"Vint_2015","GHG emissions - (MTCO2eq)",1.70939
"NoRusGas_constrained_ModelOptimal","EU-15","EU-15","emissGHGBySectorPowerGWPAR5","sector","CH4","ghg","CH4","Year",2020,"Vint_2020","GHG emissions - (MTCO2eq)",1.6698099572
"NoRusGas_constrained_ModelOptimal","EU-15","EU-15","emissGHGBySectorPowerGWPAR5","sector","N2O","ghg","N2O","Year",2020,"Vint_2020","GHG emissions - (MTCO2eq)",6.3972488823
"NoRusGas_constrained_ModelOptimal","EU-15","EU-15","emissGHGBySectorPowerGWPAR5","sector","SF6","ghg","SF6","Year",2020,"Vint_2020","GHG emissions - (MTCO2eq)",1.7352494
"NoRusGas_constrained_ModelOptimal","EU-15","EU-15","emissGHGBySectorPowerGWPAR5","sector","CH4","ghg","CH4","Year",2025,"Vint_2025","GHG emissions - (MTCO2eq)",1.05260155196
"NoRusGas_constrained_ModelOptimal","EU-15","EU-15","emissGHGBySectorPowerGWPAR5","sector","N2O","ghg","N2O","Year",2025,"Vint_2025","GHG emissions - (MTCO2eq)",2.457558717995
"NoRusGas_constrained_ModelOptimal","EU-15","EU-15","emissGHGBySectorPowerGWPAR5","sector","SF6","ghg","SF6","Year",2025,"Vint_2025","GHG emissions - (MTCO2eq)",1.2421442
"NoRusGas_constrained_ModelOptimal","EU-15","EU-15","emissGHGBySectorPowerGWPAR5","sector","CH4","ghg","CH4","Year",2030,"Vint_2030","GHG emissions - (MTCO2eq)",1.17492965492
"NoRusGas_constrained_ModelOptimal","EU-15","EU-15","emissGHGBySectorPowerGWPAR5","sector","N2O","ghg","N2O","Year",2030,"Vint_2030","GHG emissions - (MTCO2eq)",4.567712420395
"NoRusGas_constrained_ModelOptimal","EU-15","EU-15","emissGHGBySectorPowerGWPAR5","sector","SF6","ghg","SF6","Year",2030,"Vint_2030","GHG emissions - (MTCO2eq)",1.60160725
"Baseline_NDC","EU-12","EU-12","emissGHGBySectorBuildingsGWPAR5","sector","comm heating","ghg","CO2","Year",1990,"Vint_1990","GHG emissions - (MTCO2eq)",58.5819039227334
"Baseline_NDC","EU-12","EU-12","emissGHGBySectorBuildingsGWPAR5","sector","comm others","ghg","CO2","Year",1990,"Vint_1990","GHG emissions - (MTCO2eq)",27.3332550781035
"Baseline_NDC","EU-12","EU-12","emissGHGBySectorBuildingsGWPAR5","sector","resid heating","ghg","CO2","Year",1990,"Vint_1990","GHG emissions - (MTCO2eq)",129.455095573667
"Baseline_NDC","EU-12","EU-12","emissGHGBySectorBuildingsGWPAR5","sector","resid others","ghg","CO2","Year",1990,"Vint_1990","GHG emissions - (MTCO2eq)",47.6460247363936
"Baseline_NDC","EU-12","EU-12","emissGHGBySectorBuildingsGWPAR5","sector","comm heating","ghg","CO2","Year",2005,"Vint_2005","GHG emissions - (MTCO2eq)",26.6035881685135
"Baseline_NDC","EU-12","EU-12","emissGHGBySectorBuildingsGWPAR5","sector","comm others","ghg","CO2","Year",2005,"Vint_2005","GHG emissions - (MTCO2eq)",20.9283171783478
"Baseline_NDC","EU-12","EU-12","emissGHGBySectorBuildingsGWPAR5","sector","resid heating","ghg","CO2","Year",2005,"Vint_2005","GHG emissions - (MTCO2eq)",84.1115024442831
"Baseline_NDC","EU-12","EU-12","emissGHGBySectorBuildingsGWPAR5","sector","resid others","ghg","CO2","Year",2005,"Vint_2005","GHG emissions - (MTCO2eq)",52.5347534893294
"Baseline_NDC","EU-12","EU-12","emissGHGBySectorBuildingsGWPAR5","sector","comm heating","ghg","CO2","Year",2010,"Vint_2010","GHG emissions - (MTCO2eq)",29.2781789634576
"Baseline_NDC","EU-12","EU-12","emissGHGBySectorBuildingsGWPAR5","sector","comm others","ghg","CO2","Year",2010,"Vint_2010","GHG emissions - (MTCO2eq)",21.0302479111109
"Baseline_NDC","EU-12","EU-12","emissGHGBySectorBuildingsGWPAR5","sector","resid heating","ghg","CO2","Year",2010,"Vint_2010","GHG emissions - (MTCO2eq)",95.7068767353689
"Baseline_NDC","EU-12","EU-12","emissGHGBySectorBuildingsGWPAR5","sector","resid others","ghg","CO2","Year",2010,"Vint_2010","GHG emissions - (MTCO2eq)",49.5985758623588
"Baseline_NDC","EU-12","EU-12","emissGHGBySectorBuildingsGWPAR5","sector","comm heating","ghg","CO2","Year",2015,"Vint_2015","GHG emissions - (MTCO2eq)",21.669379983853
"Baseline_NDC","EU-12","EU-12","emissGHGBySectorBuildingsGWPAR5","sector","comm others","ghg","CO2","Year",2015,"Vint_2015","GHG emissions - (MTCO2eq)",16.2554218394548
"Baseline_NDC","EU-12","EU-12","emissGHGBySectorBuildingsGWPAR5","sector","resid heating","ghg","CO2","Year",2015,"Vint_2015","GHG emissions - (MTCO2eq)",77.226959502616
"Baseline_NDC","EU-12","EU-12","emissGHGBySectorBuildingsGWPAR5","sector","resid others","ghg","CO2","Year",2015,"Vint_2015","GHG emissions - (MTCO2eq)",41.1053340773724
"Baseline_NDC","EU-12","EU-12","emissGHGBySectorBuildingsGWPAR5","sector","comm heating","ghg","CO2","Year",2020,"Vint_2020","GHG emissions - (MTCO2eq)",26.7984337920489
"Baseline_NDC","EU-12","EU-12","emissGHGBySectorBuildingsGWPAR5","sector","comm others","ghg","CO2","Year",2020,"Vint_2020","GHG emissions - (MTCO2eq)",19.7657901340318
"Baseline_NDC","EU-12","EU-12","emissGHGBySectorBuildingsGWPAR5","sector","resid heating","ghg","CO2","Year",2020,"Vint_2020","GHG emissions - (MTCO2eq)",76.928257865448
"Baseline_NDC","EU-12","EU-12","emissGHGBySectorBuildingsGWPAR5","sector","resid others","ghg","CO2","Year",2020,"Vint_2020","GHG emissions - (MTCO2eq)",43.7444590202253
"Baseline_NDC","EU-12","EU-12","emissGHGBySectorBuildingsGWPAR5","sector","comm heating","ghg","CO2","Year",2025,"Vint_2025","GHG emissions - (MTCO2eq)",16.8500214818689
"Baseline_NDC","EU-12","EU-12","emissGHGBySectorBuildingsGWPAR5","sector","comm others","ghg","CO2","Year",2025,"Vint_2025","GHG emissions - (MTCO2eq)",7.90926710752573
"Baseline_NDC","EU-12","EU-12","emissGHGBySectorBuildingsGWPAR5","sector","resid heating","ghg","CO2","Year",2025,"Vint_2025","GHG emissions - (MTCO2eq)",18.5992797687763
"Baseline_NDC","EU-12","EU-12","emissGHGBySectorBuildingsGWPAR5","sector","resid others","ghg","CO2","Year",2025,"Vint_2025","GHG emissions - (MTCO2eq)",15.9584411043028
"Baseline_NDC","EU-12","EU-12","emissGHGBySectorBuildingsGWPAR5","sector","comm heating","ghg","CO2","Year",2030,"Vint_2030","GHG emissions - (MTCO2eq)",19.9174019986033
"Baseline_NDC","EU-12","EU-12","emissGHGBySectorBuildingsGWPAR5","sector","comm others","ghg","CO2","Year",2030,"Vint_2030","GHG emissions - (MTCO2eq)",9.88805021607053
"Baseline_NDC","EU-12","EU-12","emissGHGBySectorBuildingsGWPAR5","sector","resid heating","ghg","CO2","Year",2030,"Vint_2030","GHG emissions - (MTCO2eq)",20.6437508403248
"Baseline_NDC","EU-12","EU-12","emissGHGBySectorBuildingsGWPAR5","sector","resid others","ghg","CO2","Year",2030,"Vint_2030","GHG emissions - (MTCO2eq)",18.7225270714991
"Baseline_NDC","EU-15","EU-15","emissGHGBySectorBuildingsGWPAR5","sector","comm cooling","ghg","CO2","Year",1990,"Vint_1990","GHG emissions - (MTCO2eq)",7.26782353677776e-05
"Baseline_NDC","EU-15","EU-15","emissGHGBySectorBuildingsGWPAR5","sector","comm heating","ghg","CO2","Year",1990,"Vint_1990","GHG emissions - (MTCO2eq)",191.702357210746
"Baseline_NDC","EU-15","EU-15","emissGHGBySectorBuildingsGWPAR5","sector","comm others","ghg","CO2","Year",1990,"Vint_1990","GHG emissions - (MTCO2eq)",161.737370984245
"Baseline_NDC","EU-15","EU-15","emissGHGBySectorBuildingsGWPAR5","sector","resid heating","ghg","CO2","Year",1990,"Vint_1990","GHG emissions - (MTCO2eq)",447.808529084942
"Baseline_NDC","EU-15","EU-15","emissGHGBySectorBuildingsGWPAR5","sector","resid others","ghg","CO2","Year",1990,"Vint_1990","GHG emissions - (MTCO2eq)",348.418354515289
"Baseline_NDC","EU-15","EU-15","emissGHGBySectorBuildingsGWPAR5","sector","comm cooling","ghg","CO2","Year",2005,"Vint_2005","GHG emissions - (MTCO2eq)",9.27586810036142e-05
"Baseline_NDC","EU-15","EU-15","emissGHGBySectorBuildingsGWPAR5","sector","comm heating","ghg","CO2","Year",2005,"Vint_2005","GHG emissions - (MTCO2eq)",151.253219904185
"Baseline_NDC","EU-15","EU-15","emissGHGBySectorBuildingsGWPAR5","sector","comm others","ghg","CO2","Year",2005,"Vint_2005","GHG emissions - (MTCO2eq)",175.264696590187
"Baseline_NDC","EU-15","EU-15","emissGHGBySectorBuildingsGWPAR5","sector","resid heating","ghg","CO2","Year",2005,"Vint_2005","GHG emissions - (MTCO2eq)",533.527582698257
"Baseline_NDC","EU-15","EU-15","emissGHGBySectorBuildingsGWPAR5","sector","resid others","ghg","CO2","Year",2005,"Vint_2005","GHG emissions - (MTCO2eq)",258.965221773091
"Baseline_NDC","EU-15","EU-15","emissGHGBySectorBuildingsGWPAR5","sector","comm cooling","ghg","CO2","Year",2010,"Vint_2010","GHG emissions - (MTCO2eq)",0.000112172266101828
"Baseline_NDC","EU-15","EU-15","emissGHGBySectorBuildingsGWPAR5","sector","comm heating","ghg","CO2","Year",2010,"Vint_2010","GHG emissions - (MTCO2eq)",146.147472349336
"Baseline_NDC","EU-15","EU-15","emissGHGBySectorBuildingsGWPAR5","sector","comm others","ghg","CO2","Year",2010,"Vint_2010","GHG emissions - (MTCO2eq)",166.614215464929
"Baseline_NDC","EU-15","EU-15","emissGHGBySectorBuildingsGWPAR5","sector","resid heating","ghg","CO2","Year",2010,"Vint_2010","GHG emissions - (MTCO2eq)",499.267048694311
"Baseline_NDC","EU-15","EU-15","emissGHGBySectorBuildingsGWPAR5","sector","resid others","ghg","CO2","Year",2010,"Vint_2010","GHG emissions - (MTCO2eq)",248.106525368857
"Baseline_NDC","EU-15","EU-15","emissGHGBySectorBuildingsGWPAR5","sector","comm cooling","ghg","CO2","Year",2015,"Vint_2015","GHG emissions - (MTCO2eq)",9.94761959540592e-05
"Baseline_NDC","EU-15","EU-15","emissGHGBySectorBuildingsGWPAR5","sector","comm heating","ghg","CO2","Year",2015,"Vint_2015","GHG emissions - (MTCO2eq)",130.551865974509
"Baseline_NDC","EU-15","EU-15","emissGHGBySectorBuildingsGWPAR5","sector","comm others","ghg","CO2","Year",2015,"Vint_2015","GHG emissions - (MTCO2eq)",150.138990380071
"Baseline_NDC","EU-15","EU-15","emissGHGBySectorBuildingsGWPAR5","sector","resid heating","ghg","CO2","Year",2015,"Vint_2015","GHG emissions - (MTCO2eq)",390.998281195287
"Baseline_NDC","EU-15","EU-15","emissGHGBySectorBuildingsGWPAR5","sector","resid others","ghg","CO2","Year",2015,"Vint_2015","GHG emissions - (MTCO2eq)",190.263373463111
"Baseline_NDC","EU-15","EU-15","emissGHGBySectorBuildingsGWPAR5","sector","comm cooling","ghg","CO2","Year",2020,"Vint_2020","GHG emissions - (MTCO2eq)",8.62026883145496e-05
"Baseline_NDC","EU-15","EU-15","emissGHGBySectorBuildingsGWPAR5","sector","comm heating","ghg","CO2","Year",2020,"Vint_2020","GHG emissions - (MTCO2eq)",135.170021689429
"Baseline_NDC","EU-15","EU-15","emissGHGBySectorBuildingsGWPAR5","sector","comm others","ghg","CO2","Year",2020,"Vint_2020","GHG emissions - (MTCO2eq)",153.433244098431
"Baseline_NDC","EU-15","EU-15","emissGHGBySectorBuildingsGWPAR5","sector","resid heating","ghg","CO2","Year",2020,"Vint_2020","GHG emissions - (MTCO2eq)",387.111553705387
"Baseline_NDC","EU-15","EU-15","emissGHGBySectorBuildingsGWPAR5","sector","resid others","ghg","CO2","Year",2020,"Vint_2020","GHG emissions - (MTCO2eq)",185.54655640283
"Baseline_NDC","EU-15","EU-15","emissGHGBySectorBuildingsGWPAR5","sector","comm cooling","ghg","CO2","Year",2025,"Vint_2025","GHG emissions - (MTCO2eq)",4.145213749138e-05
"Baseline_NDC","EU-15","EU-15","emissGHGBySectorBuildingsGWPAR5","sector","comm heating","ghg","CO2","Year",2025,"Vint_2025","GHG emissions - (MTCO2eq)",61.6413556672375
"Baseline_NDC","EU-15","EU-15","emissGHGBySectorBuildingsGWPAR5","sector","comm others","ghg","CO2","Year",2025,"Vint_2025","GHG emissions - (MTCO2eq)",55.5645446253861
"Baseline_NDC","EU-15","EU-15","emissGHGBySectorBuildingsGWPAR5","sector","resid heating","ghg","CO2","Year",2025,"Vint_2025","GHG emissions - (MTCO2eq)",229.996947512393
"Baseline_NDC","EU-15","EU-15","emissGHGBySectorBuildingsGWPAR5","sector","resid others","ghg","CO2","Year",2025,"Vint_2025","GHG emissions - (MTCO2eq)",62.5190688809592
"Baseline_NDC","EU-15","EU-15","emissGHGBySectorBuildingsGWPAR5","sector","comm cooling","ghg","CO2","Year",2030,"Vint_2030","GHG emissions - (MTCO2eq)",4.562595718186e-05
"Baseline_NDC","EU-15","EU-15","emissGHGBySectorBuildingsGWPAR5","sector","comm heating","ghg","CO2","Year",2030,"Vint_2030","GHG emissions - (MTCO2eq)",70.5570998486057
"Baseline_NDC","EU-15","EU-15","emissGHGBySectorBuildingsGWPAR5","sector","comm others","ghg","CO2","Year",2030,"Vint_2030","GHG emissions - (MTCO2eq)",65.2606712937744
"Baseline_NDC","EU-15","EU-15","emissGHGBySectorBuildingsGWPAR5","sector","resid heating","ghg","CO2","Year",2030,"Vint_2030","GHG emissions - (MTCO2eq)",236.751236798252
"Baseline_NDC","EU-15","EU-15","emissGHGBySectorBuildingsGWPAR5","sector","resid others","ghg","CO2","Year",2030,"Vint_2030","GHG emissions - (MTCO2eq)",71.6642144277533
"NoRusGas_ModelOptimal","EU-12","EU-12","emissGHGBySectorBuildingsGWPAR5","sector","comm heating","ghg","CO2","Year",1990,"Vint_1990","GHG emissions - (MTCO2eq)",29.2909519613667
"NoRusGas_ModelOptimal","EU-12","EU-12","emissGHGBySectorBuildingsGWPAR5","sector","comm others","ghg","CO2","Year",1990,"Vint_1990","GHG emissions - (MTCO2eq)",13.6666275390518
"NoRusGas_ModelOptimal","EU-12","EU-12","emissGHGBySectorBuildingsGWPAR5","sector","resid heating","ghg","CO2","Year",1990,"Vint_1990","GHG emissions - (MTCO2eq)",64.7275477868337
"NoRusGas_ModelOptimal","EU-12","EU-12","emissGHGBySectorBuildingsGWPAR5","sector","resid others","ghg","CO2","Year",1990,"Vint_1990","GHG emissions - (MTCO2eq)",23.8230123681968
"NoRusGas_ModelOptimal","EU-12","EU-12","emissGHGBySectorBuildingsGWPAR5","sector","comm heating","ghg","CO2","Year",2005,"Vint_2005","GHG emissions - (MTCO2eq)",13.3017940842568
"NoRusGas_ModelOptimal","EU-12","EU-12","emissGHGBySectorBuildingsGWPAR5","sector","comm others","ghg","CO2","Year",2005,"Vint_2005","GHG emissions - (MTCO2eq)",10.4641585891739
"NoRusGas_ModelOptimal","EU-12","EU-12","emissGHGBySectorBuildingsGWPAR5","sector","resid heating","ghg","CO2","Year",2005,"Vint_2005","GHG emissions - (MTCO2eq)",42.0557512221415
"NoRusGas_ModelOptimal","EU-12","EU-12","emissGHGBySectorBuildingsGWPAR5","sector","resid others","ghg","CO2","Year",2005,"Vint_2005","GHG emissions - (MTCO2eq)",26.2673767446647
"NoRusGas_ModelOptimal","EU-12","EU-12","emissGHGBySectorBuildingsGWPAR5","sector","comm heating","ghg","CO2","Year",2010,"Vint_2010","GHG emissions - (MTCO2eq)",14.6390894817288
"NoRusGas_ModelOptimal","EU-12","EU-12","emissGHGBySectorBuildingsGWPAR5","sector","comm others","ghg","CO2","Year",2010,"Vint_2010","GHG emissions - (MTCO2eq)",10.5151239555554
"NoRusGas_ModelOptimal","EU-12","EU-12","emissGHGBySectorBuildingsGWPAR5","sector","resid heating","ghg","CO2","Year",2010,"Vint_2010","GHG emissions - (MTCO2eq)",47.8534383676844
"NoRusGas_ModelOptimal","EU-12","EU-12","emissGHGBySectorBuildingsGWPAR5","sector","resid others","ghg","CO2","Year",2010,"Vint_2010","GHG emissions - (MTCO2eq)",24.7992879311794
"NoRusGas_ModelOptimal","EU-12","EU-12","emissGHGBySectorBuildingsGWPAR5","sector","comm heating","ghg","CO2","Year",2015,"Vint_2015","GHG emissions - (MTCO2eq)",10.8346899919265
"NoRusGas_ModelOptimal","EU-12","EU-12","emissGHGBySectorBuildingsGWPAR5","sector","comm others","ghg","CO2","Year",2015,"Vint_2015","GHG emissions - (MTCO2eq)",8.12771091972739
"NoRusGas_ModelOptimal","EU-12","EU-12","emissGHGBySectorBuildingsGWPAR5","sector","resid heating","ghg","CO2","Year",2015,"Vint_2015","GHG emissions - (MTCO2eq)",38.613479751308
"NoRusGas_ModelOptimal","EU-12","EU-12","emissGHGBySectorBuildingsGWPAR5","sector","resid others","ghg","CO2","Year",2015,"Vint_2015","GHG emissions - (MTCO2eq)",20.5526670386862
"NoRusGas_ModelOptimal","EU-12","EU-12","emissGHGBySectorBuildingsGWPAR5","sector","comm heating","ghg","CO2","Year",2020,"Vint_2020","GHG emissions - (MTCO2eq)",13.3992168960245
"NoRusGas_ModelOptimal","EU-12","EU-12","emissGHGBySectorBuildingsGWPAR5","sector","comm others","ghg","CO2","Year",2020,"Vint_2020","GHG emissions - (MTCO2eq)",9.88289506701592
"NoRusGas_ModelOptimal","EU-12","EU-12","emissGHGBySectorBuildingsGWPAR5","sector","resid heating","ghg","CO2","Year",2020,"Vint_2020","GHG emissions - (MTCO2eq)",38.464128932724
"NoRusGas_ModelOptimal","EU-12","EU-12","emissGHGBySectorBuildingsGWPAR5","sector","resid others","ghg","CO2","Year",2020,"Vint_2020","GHG emissions - (MTCO2eq)",21.8722295101126
"NoRusGas_ModelOptimal","EU-12","EU-12","emissGHGBySectorBuildingsGWPAR5","sector","comm heating","ghg","CO2","Year",2025,"Vint_2025","GHG emissions - (MTCO2eq)",8.42501074093445
"NoRusGas_ModelOptimal","EU-12","EU-12","emissGHGBySectorBuildingsGWPAR5","sector","comm others","ghg","CO2","Year",2025,"Vint_2025","GHG emissions - (MTCO2eq)",3.95463355376286
"NoRusGas_ModelOptimal","EU-12","EU-12","emissGHGBySectorBuildingsGWPAR5","sector","resid heating","ghg","CO2","Year",2025,"Vint_2025","GHG emissions - (MTCO2eq)",9.29963988438814
"NoRusGas_ModelOptimal","EU-12","EU-12","emissGHGBySectorBuildingsGWPAR5","sector","resid others","ghg","CO2","Year",2025,"Vint_2025","GHG emissions - (MTCO2eq)",7.97922055215142
"NoRusGas_ModelOptimal","EU-12","EU-12","emissGHGBySectorBuildingsGWPAR5","sector","comm heating","ghg","CO2","Year",2030,"Vint_2030","GHG emissions - (MTCO2eq)",9.95870099930164
"NoRusGas_ModelOptimal","EU-12","EU-12","emissGHGBySectorBuildingsGWPAR5","sector","comm others","ghg","CO2","Year",2030,"Vint_2030","GHG emissions - (MTCO2eq)",4.94402510803526
"NoRusGas_ModelOptimal","EU-12","EU-12","emissGHGBySectorBuildingsGWPAR5","sector","resid heating","ghg","CO2","Year",2030,"Vint_2030","GHG emissions - (MTCO2eq)",10.3218754201624
"NoRusGas_ModelOptimal","EU-12","EU-12","emissGHGBySectorBuildingsGWPAR5","sector","resid others","ghg","CO2","Year",2030,"Vint_2030","GHG emissions - (MTCO2eq)",9.36126353574957
"NoRusGas_ModelOptimal","EU-15","EU-15","emissGHGBySectorBuildingsGWPAR5","sector","comm cooling","ghg","CO2","Year",1990,"Vint_1990","GHG emissions - (MTCO2eq)",3.63391176838888e-05
"NoRusGas_ModelOptimal","EU-15","EU-15","emissGHGBySectorBuildingsGWPAR5","sector","comm heating","ghg","CO2","Year",1990,"Vint_1990","GHG emissions - (MTCO2eq)",95.8511786053731
"NoRusGas_ModelOptimal","EU-15","EU-15","emissGHGBySectorBuildingsGWPAR5","sector","comm others","ghg","CO2","Year",1990,"Vint_1990","GHG emissions - (MTCO2eq)",80.8686854921223
"NoRusGas_ModelOptimal","EU-15","EU-15","emissGHGBySectorBuildingsGWPAR5","sector","resid heating","ghg","CO2","Year",1990,"Vint_1990","GHG emissions - (MTCO2eq)",223.904264542471
"NoRusGas_ModelOptimal","EU-15","EU-15","emissGHGBySectorBuildingsGWPAR5","sector","resid others","ghg","CO2","Year",1990,"Vint_1990","GHG emissions - (MTCO2eq)",174.209177257644
"NoRusGas_ModelOptimal","EU-15","EU-15","emissGHGBySectorBuildingsGWPAR5","sector","comm cooling","ghg","CO2","Year",2005,"Vint_2005","GHG emissions - (MTCO2eq)",4.63793405018071e-05
"NoRusGas_ModelOptimal","EU-15","EU-15","emissGHGBySectorBuildingsGWPAR5","sector","comm heating","ghg","CO2","Year",2005,"Vint_2005","GHG emissions - (MTCO2eq)",75.6266099520926
"NoRusGas_ModelOptimal","EU-15","EU-15","emissGHGBySectorBuildingsGWPAR5","sector","comm others","ghg","CO2","Year",2005,"Vint_2005","GHG emissions - (MTCO2eq)",87.6323482950935
"NoRusGas_ModelOptimal","EU-15","EU-15","emissGHGBySectorBuildingsGWPAR5","sector","resid heating","ghg","CO2","Year",2005,"Vint_2005","GHG emissions - (MTCO2eq)",266.763791349129
"NoRusGas_ModelOptimal","EU-15","EU-15","emissGHGBySectorBuildingsGWPAR5","sector","resid others","ghg","CO2","Year",2005,"Vint_2005","GHG emissions - (MTCO2eq)",129.482610886545
"NoRusGas_ModelOptimal","EU-15","EU-15","emissGHGBySectorBuildingsGWPAR5","sector","comm cooling","ghg","CO2","Year",2010,"Vint_2010","GHG emissions - (MTCO2eq)",5.60861330509142e-05
"NoRusGas_ModelOptimal","EU-15","EU-15","emissGHGBySectorBuildingsGWPAR5","sector","comm heating","ghg","CO2","Year",2010,"Vint_2010","GHG emissions - (MTCO2eq)",73.0737361746681
"NoRusGas_ModelOptimal","EU-15","EU-15","emissGHGBySectorBuildingsGWPAR5","sector","comm others","ghg","CO2","Year",2010,"Vint_2010","GHG emissions - (MTCO2eq)",83.3071077324644
"NoRusGas_ModelOptimal","EU-15","EU-15","emissGHGBySectorBuildingsGWPAR5","sector","resid heating","ghg","CO2","Year",2010,"Vint_2010","GHG emissions - (MTCO2eq)",249.633524347156
"NoRusGas_ModelOptimal","EU-15","EU-15","emissGHGBySectorBuildingsGWPAR5","sector","resid others","ghg","CO2","Year",2010,"Vint_2010","GHG emissions - (MTCO2eq)",124.053262684428
"NoRusGas_ModelOptimal","EU-15","EU-15","emissGHGBySectorBuildingsGWPAR5","sector","comm cooling","ghg","CO2","Year",2015,"Vint_2015","GHG emissions - (MTCO2eq)",4.97380979770296e-05
"NoRusGas_ModelOptimal","EU-15","EU-15","emissGHGBySectorBuildingsGWPAR5","sector","comm heating","ghg","CO2","Year",2015,"Vint_2015","GHG emissions - (MTCO2eq)",65.2759329872546
"NoRusGas_ModelOptimal","EU-15","EU-15","emissGHGBySectorBuildingsGWPAR5","sector","comm others","ghg","CO2","Year",2015,"Vint_2015","GHG emissions - (MTCO2eq)",75.0694951900355
"NoRusGas_ModelOptimal","EU-15","EU-15","emissGHGBySectorBuildingsGWPAR5","sector","resid heating","ghg","CO2","Year",2015,"Vint_2015","GHG emissions - (MTCO2eq)",195.499140597644
"NoRusGas_ModelOptimal","EU-15","EU-15","emissGHGBySectorBuildingsGWPAR5","sector","resid others","ghg","CO2","Year",2015,"Vint_2015","GHG emissions - (MTCO2eq)",95.1316867315557
"NoRusGas_ModelOptimal","EU-15","EU-15","emissGHGBySectorBuildingsGWPAR5","sector","comm cooling","ghg","CO2","Year",2020,"Vint_2020","GHG emissions - (MTCO2eq)",4.31013441572748e-05
"NoRusGas_ModelOptimal","EU-15","EU-15","emissGHGBySectorBuildingsGWPAR5","sector","comm heating","ghg","CO2","Year",2020,"Vint_2020","GHG emissions - (MTCO2eq)",67.5850108447145
"NoRusGas_ModelOptimal","EU-15","EU-15","emissGHGBySectorBuildingsGWPAR5","sector","comm others","ghg","CO2","Year",2020,"Vint_2020","GHG emissions - (MTCO2eq)",76.7166220492153
"NoRusGas_ModelOptimal","EU-15","EU-15","emissGHGBySectorBuildingsGWPAR5","sector","resid heating","ghg","CO2","Year",2020,"Vint_2020","GHG emissions - (MTCO2eq)",193.555776852693
"NoRusGas_ModelOptimal","EU-15","EU-15","emissGHGBySectorBuildingsGWPAR5","sector","resid others","ghg","CO2","Year",2020,"Vint_2020","GHG emissions - (MTCO2eq)",92.7732782014148
"NoRusGas_ModelOptimal","EU-15","EU-15","emissGHGBySectorBuildingsGWPAR5","sector","comm cooling","ghg","CO2","Year",2025,"Vint_2025","GHG emissions - (MTCO2eq)",2.072606874569e-05
"NoRusGas_ModelOptimal","EU-15","EU-15","emissGHGBySectorBuildingsGWPAR5","sector","comm heating","ghg","CO2","Year",2025,"Vint_2025","GHG emissions - (MTCO2eq)",30.8206778336187
"NoRusGas_ModelOptimal","EU-15","EU-15","emissGHGBySectorBuildingsGWPAR5","sector","comm others","ghg","CO2","Year",2025,"Vint_2025","GHG emissions - (MTCO2eq)",27.782272312693
"NoRusGas_ModelOptimal","EU-15","EU-15","emissGHGBySectorBuildingsGWPAR5","sector","resid heating","ghg","CO2","Year",2025,"Vint_2025","GHG emissions - (MTCO2eq)",114.998473756197
"NoRusGas_ModelOptimal","EU-15","EU-15","emissGHGBySectorBuildingsGWPAR5","sector","resid others","ghg","CO2","Year",2025,"Vint_2025","GHG emissions - (MTCO2eq)",31.2595344404796
"NoRusGas_ModelOptimal","EU-15","EU-15","emissGHGBySectorBuildingsGWPAR5","sector","comm cooling","ghg","CO2","Year",2030,"Vint_2030","GHG emissions - (MTCO2eq)",2.281297859093e-05
"NoRusGas_ModelOptimal","EU-15","EU-15","emissGHGBySectorBuildingsGWPAR5","sector","comm heating","ghg","CO2","Year",2030,"Vint_2030","GHG emissions - (MTCO2eq)",35.2785499243029
"NoRusGas_ModelOptimal","EU-15","EU-15","emissGHGBySectorBuildingsGWPAR5","sector","comm others","ghg","CO2","Year",2030,"Vint_2030","GHG emissions - (MTCO2eq)",32.6303356468872
"NoRusGas_ModelOptimal","EU-15","EU-15","emissGHGBySectorBuildingsGWPAR5","sector","resid heating","ghg","CO2","Year",2030,"Vint_2030","GHG emissions - (MTCO2eq)",118.375618399126
"NoRusGas_ModelOptimal","EU-15","EU-15","emissGHGBySectorBuildingsGWPAR5","sector","resid others","ghg","CO2","Year",2030,"Vint_2030","GHG emissions - (MTCO2eq)",35.8321072138766
"NoRusGas_ModelOptimal2","EU-12","EU-12","emissGHGBySectorBuildingsGWPAR5","sector","comm heating","ghg","CO2","Year",1990,"Vint_1990","GHG emissions - (MTCO2eq)",29.2909519613667
"NoRusGas_ModelOptimal2","EU-12","EU-12","emissGHGBySectorBuildingsGWPAR5","sector","comm others","ghg","CO2","Year",1990,"Vint_1990","GHG emissions - (MTCO2eq)",13.6666275390518
"NoRusGas_ModelOptimal2","EU-12","EU-12","emissGHGBySectorBuildingsGWPAR5","sector","resid heating","ghg","CO2","Year",1990,"Vint_1990","GHG emissions - (MTCO2eq)",64.7275477868337
"NoRusGas_ModelOptimal2","EU-12","EU-12","emissGHGBySectorBuildingsGWPAR5","sector","resid others","ghg","CO2","Year",1990,"Vint_1990","GHG emissions - (MTCO2eq)",23.8230123681968
"NoRusGas_ModelOptimal2","EU-12","EU-12","emissGHGBySectorBuildingsGWPAR5","sector","comm heating","ghg","CO2","Year",2005,"Vint_2005","GHG emissions - (MTCO2eq)",13.3017940842568
"NoRusGas_ModelOptimal2","EU-12","EU-12","emissGHGBySectorBuildingsGWPAR5","sector","comm others","ghg","CO2","Year",2005,"Vint_2005","GHG emissions - (MTCO2eq)",10.4641585891739
"NoRusGas_ModelOptimal2","EU-12","EU-12","emissGHGBySectorBuildingsGWPAR5","sector","resid heating","ghg","CO2","Year",2005,"Vint_2005","GHG emissions - (MTCO2eq)",42.0557512221415
"NoRusGas_ModelOptimal2","EU-12","EU-12","emissGHGBySectorBuildingsGWPAR5","sector","resid others","ghg","CO2","Year",2005,"Vint_2005","GHG emissions - (MTCO2eq)",26.2673767446647
"NoRusGas_ModelOptimal2","EU-12","EU-12","emissGHGBySectorBuildingsGWPAR5","sector","comm heating","ghg","CO2","Year",2010,"Vint_2010","GHG emissions - (MTCO2eq)",14.6390894817288
"NoRusGas_ModelOptimal2","EU-12","EU-12","emissGHGBySectorBuildingsGWPAR5","sector","comm others","ghg","CO2","Year",2010,"Vint_2010","GHG emissions - (MTCO2eq)",10.5151239555554
"NoRusGas_ModelOptimal2","EU-12","EU-12","emissGHGBySectorBuildingsGWPAR5","sector","resid heating","ghg","CO2","Year",2010,"Vint_2010","GHG emissions - (MTCO2eq)",47.8534383676844
"NoRusGas_ModelOptimal2","EU-12","EU-12","emissGHGBySectorBuildingsGWPAR5","sector","resid others","ghg","CO2","Year",2010,"Vint_2010","GHG emissions - (MTCO2eq)",24.7992879311794
"NoRusGas_ModelOptimal2","EU-12","EU-12","emissGHGBySectorBuildingsGWPAR5","sector","comm heating","ghg","CO2","Year",2015,"Vint_2015","GHG emissions - (MTCO2eq)",10.8346899919265
"NoRusGas_ModelOptimal2","EU-12","EU-12","emissGHGBySectorBuildingsGWPAR5","sector","comm others","ghg","CO2","Year",2015,"Vint_2015","GHG emissions - (MTCO2eq)",8.12771091972739
"NoRusGas_ModelOptimal2","EU-12","EU-12","emissGHGBySectorBuildingsGWPAR5","sector","resid heating","ghg","CO2","Year",2015,"Vint_2015","GHG emissions - (MTCO2eq)",38.613479751308
"NoRusGas_ModelOptimal2","EU-12","EU-12","emissGHGBySectorBuildingsGWPAR5","sector","resid others","ghg","CO2","Year",2015,"Vint_2015","GHG emissions - (MTCO2eq)",20.5526670386862
"NoRusGas_ModelOptimal2","EU-12","EU-12","emissGHGBySectorBuildingsGWPAR5","sector","comm heating","ghg","CO2","Year",2020,"Vint_2020","GHG emissions - (MTCO2eq)",13.3992168960245
"NoRusGas_ModelOptimal2","EU-12","EU-12","emissGHGBySectorBuildingsGWPAR5","sector","comm others","ghg","CO2","Year",2020,"Vint_2020","GHG emissions - (MTCO2eq)",9.88289506701592
"NoRusGas_ModelOptimal2","EU-12","EU-12","emissGHGBySectorBuildingsGWPAR5","sector","resid heating","ghg","CO2","Year",2020,"Vint_2020","GHG emissions - (MTCO2eq)",38.464128932724
"NoRusGas_ModelOptimal2","EU-12","EU-12","emissGHGBySectorBuildingsGWPAR5","sector","resid others","ghg","CO2","Year",2020,"Vint_2020","GHG emissions - (MTCO2eq)",21.8722295101126
"NoRusGas_ModelOptimal2","EU-12","EU-12","emissGHGBySectorBuildingsGWPAR5","sector","comm heating","ghg","CO2","Year",2025,"Vint_2025","GHG emissions - (MTCO2eq)",8.42501074093445
"NoRusGas_ModelOptimal2","EU-12","EU-12","emissGHGBySectorBuildingsGWPAR5","sector","comm others","ghg","CO2","Year",2025,"Vint_2025","GHG emissions - (MTCO2eq)",3.95463355376286
"NoRusGas_ModelOptimal2","EU-12","EU-12","emissGHGBySectorBuildingsGWPAR5","sector","resid heating","ghg","CO2","Year",2025,"Vint_2025","GHG emissions - (MTCO2eq)",9.29963988438814
"NoRusGas_ModelOptimal2","EU-12","EU-12","emissGHGBySectorBuildingsGWPAR5","sector","resid others","ghg","CO2","Year",2025,"Vint_2025","GHG emissions - (MTCO2eq)",7.97922055215142
"NoRusGas_ModelOptimal2","EU-12","EU-12","emissGHGBySectorBuildingsGWPAR5","sector","comm heating","ghg","CO2","Year",2030,"Vint_2030","GHG emissions - (MTCO2eq)",9.95870099930164
"NoRusGas_ModelOptimal2","EU-12","EU-12","emissGHGBySectorBuildingsGWPAR5","sector","comm others","ghg","CO2","Year",2030,"Vint_2030","GHG emissions - (MTCO2eq)",4.94402510803526
"NoRusGas_ModelOptimal2","EU-12","EU-12","emissGHGBySectorBuildingsGWPAR5","sector","resid heating","ghg","CO2","Year",2030,"Vint_2030","GHG emissions - (MTCO2eq)",10.3218754201624
"NoRusGas_ModelOptimal2","EU-12","EU-12","emissGHGBySectorBuildingsGWPAR5","sector","resid others","ghg","CO2","Year",2030,"Vint_2030","GHG emissions - (MTCO2eq)",9.36126353574957
"NoRusGas_ModelOptimal2","EU-15","EU-15","emissGHGBySectorBuildingsGWPAR5","sector","comm cooling","ghg","CO2","Year",1990,"Vint_1990","GHG emissions - (MTCO2eq)",3.63391176838888e-05
"NoRusGas_ModelOptimal2","EU-15","EU-15","emissGHGBySectorBuildingsGWPAR5","sector","comm heating","ghg","CO2","Year",1990,"Vint_1990","GHG emissions - (MTCO2eq)",95.8511786053731
"NoRusGas_ModelOptimal2","EU-15","EU-15","emissGHGBySectorBuildingsGWPAR5","sector","comm others","ghg","CO2","Year",1990,"Vint_1990","GHG emissions - (MTCO2eq)",80.8686854921223
"NoRusGas_ModelOptimal2","EU-15","EU-15","emissGHGBySectorBuildingsGWPAR5","sector","resid heating","ghg","CO2","Year",1990,"Vint_1990","GHG emissions - (MTCO2eq)",223.904264542471
"NoRusGas_ModelOptimal2","EU-15","EU-15","emissGHGBySectorBuildingsGWPAR5","sector","resid others","ghg","CO2","Year",1990,"Vint_1990","GHG emissions - (MTCO2eq)",174.209177257644
"NoRusGas_ModelOptimal2","EU-15","EU-15","emissGHGBySectorBuildingsGWPAR5","sector","comm cooling","ghg","CO2","Year",2005,"Vint_2005","GHG emissions - (MTCO2eq)",4.63793405018071e-05
"NoRusGas_ModelOptimal2","EU-15","EU-15","emissGHGBySectorBuildingsGWPAR5","sector","comm heating","ghg","CO2","Year",2005,"Vint_2005","GHG emissions - (MTCO2eq)",75.6266099520926
"NoRusGas_ModelOptimal2","EU-15","EU-15","emissGHGBySectorBuildingsGWPAR5","sector","comm others","ghg","CO2","Year",2005,"Vint_2005","GHG emissions - (MTCO2eq)",87.6323482950935
"NoRusGas_ModelOptimal2","EU-15","EU-15","emissGHGBySectorBuildingsGWPAR5","sector","resid heating","ghg","CO2","Year",2005,"Vint_2005","GHG emissions - (MTCO2eq)",266.763791349129
"NoRusGas_ModelOptimal2","EU-15","EU-15","emissGHGBySectorBuildingsGWPAR5","sector","resid others","ghg","CO2","Year",2005,"Vint_2005","GHG emissions - (MTCO2eq)",129.482610886545
"NoRusGas_ModelOptimal2","EU-15","EU-15","emissGHGBySectorBuildingsGWPAR5","sector","comm cooling","ghg","CO2","Year",2010,"Vint_2010","GHG emissions - (MTCO2eq)",5.60861330509142e-05
"NoRusGas_ModelOptimal2","EU-15","EU-15","emissGHGBySectorBuildingsGWPAR5","sector","comm heating","ghg","CO2","Year",2010,"Vint_2010","GHG emissions - (MTCO2eq)",73.0737361746681
"NoRusGas_ModelOptimal2","EU-15","EU-15","emissGHGBySectorBuildingsGWPAR5","sector","comm others","ghg","CO2","Year",2010,"Vint_2010","GHG emissions - (MTCO2eq)",83.3071077324644
"NoRusGas_ModelOptimal2","EU-15","EU-15","emissGHGBySectorBuildingsGWPAR5","sector","resid heating","ghg","CO2","Year",2010,"Vint_2010","GHG emissions - (MTCO2eq)",249.633524347156
"NoRusGas_ModelOptimal2","EU-15","EU-15","emissGHGBySectorBuildingsGWPAR5","sector","resid others","ghg","CO2","Year",2010,"Vint_2010","GHG emissions - (MTCO2eq)",124.053262684428
"NoRusGas_ModelOptimal2","EU-15","EU-15","emissGHGBySectorBuildingsGWPAR5","sector","comm cooling","ghg","CO2","Year",2015,"Vint_2015","GHG emissions - (MTCO2eq)",4.97380979770296e-05
"NoRusGas_ModelOptimal2","EU-15","EU-15","emissGHGBySectorBuildingsGWPAR5","sector","comm heating","ghg","CO2","Year",2015,"Vint_2015","GHG emissions - (MTCO2eq)",65.2759329872546
"NoRusGas_ModelOptimal2","EU-15","EU-15","emissGHGBySectorBuildingsGWPAR5","sector","comm others","ghg","CO2","Year",2015,"Vint_2015","GHG emissions - (MTCO2eq)",75.0694951900355
"NoRusGas_ModelOptimal2","EU-15","EU-15","emissGHGBySectorBuildingsGWPAR5","sector","resid heating","ghg","CO2","Year",2015,"Vint_2015","GHG emissions - (MTCO2eq)",195.499140597644
"NoRusGas_ModelOptimal2","EU-15","EU-15","emissGHGBySectorBuildingsGWPAR5","sector","resid others","ghg","CO2","Year",2015,"Vint_2015","GHG emissions - (MTCO2eq)",95.1316867315557
"NoRusGas_ModelOptimal2","EU-15","EU-15","emissGHGBySectorBuildingsGWPAR5","sector","comm cooling","ghg","CO2","Year",2020,"Vint_2020","GHG emissions - (MTCO2eq)",4.31013441572748e-05
"NoRusGas_ModelOptimal2","EU-15","EU-15","emissGHGBySectorBuildingsGWPAR5","sector","comm heating","ghg","CO2","Year",2020,"Vint_2020","GHG emissions - (MTCO2eq)",67.5850108447145
"NoRusGas_ModelOptimal2","EU-15","EU-15","emissGHGBySectorBuildingsGWPAR5","sector","comm others","ghg","CO2","Year",2020,"Vint_2020","GHG emissions - (MTCO2eq)",76.7166220492153
"NoRusGas_ModelOptimal2","EU-15","EU-15","emissGHGBySectorBuildingsGWPAR5","sector","resid heating","ghg","CO2","Year",2020,"Vint_2020","GHG emissions - (MTCO2eq)",193.555776852693
"NoRusGas_ModelOptimal2","EU-15","EU-15","emissGHGBySectorBuildingsGWPAR5","sector","resid others","ghg","CO2","Year",2020,"Vint_2020","GHG emissions - (MTCO2eq)",92.7732782014148
"NoRusGas_ModelOptimal2","EU-15","EU-15","emissGHGBySectorBuildingsGWPAR5","sector","comm cooling","ghg","CO2","Year",2025,"Vint_2025","GHG emissions - (MTCO2eq)",2.072606874569e-05
"NoRusGas_ModelOptimal2","EU-15","EU-15","emissGHGBySectorBuildingsGWPAR5","sector","comm heating","ghg","CO2","Year",2025,"Vint_2025","GHG emissions - (MTCO2eq)",30.8206778336187
"NoRusGas_ModelOptimal2","EU-15","EU-15","emissGHGBySectorBuildingsGWPAR5","sector","comm others","ghg","CO2","Year",2025,"Vint_2025","GHG emissions - (MTCO2eq)",27.782272312693
"NoRusGas_ModelOptimal2","EU-15","EU-15","emissGHGBySectorBuildingsGWPAR5","sector","resid heating","ghg","CO2","Year",2025,"Vint_2025","GHG emissions - (MTCO2eq)",114.998473756197
"NoRusGas_ModelOptimal2","EU-15","EU-15","emissGHGBySectorBuildingsGWPAR5","sector","resid others","ghg","CO2","Year",2025,"Vint_2025","GHG emissions - (MTCO2eq)",31.2595344404796
"NoRusGas_ModelOptimal2","EU-15","EU-15","emissGHGBySectorBuildingsGWPAR5","sector","comm cooling","ghg","CO2","Year",2030,"Vint_2030","GHG emissions - (MTCO2eq)",2.281297859093e-05
"NoRusGas_ModelOptimal2","EU-15","EU-15","emissGHGBySectorBuildingsGWPAR5","sector","comm heating","ghg","CO2","Year",2030,"Vint_2030","GHG emissions - (MTCO2eq)",35.2785499243029
"NoRusGas_ModelOptimal2","EU-15","EU-15","emissGHGBySectorBuildingsGWPAR5","sector","comm others","ghg","CO2","Year",2030,"Vint_2030","GHG emissions - (MTCO2eq)",32.6303356468872
"NoRusGas_ModelOptimal2","EU-15","EU-15","emissGHGBySectorBuildingsGWPAR5","sector","resid heating","ghg","CO2","Year",2030,"Vint_2030","GHG emissions - (MTCO2eq)",118.375618399126
"NoRusGas_ModelOptimal2","EU-15","EU-15","emissGHGBySectorBuildingsGWPAR5","sector","resid others","ghg","CO2","Year",2030,"Vint_2030","GHG emissions - (MTCO2eq)",35.8321072138766
"NoRusGas_constrained_ModelOptimal","EU-12","EU-12","emissGHGBySectorBuildingsGWPAR5","sector","comm heating","ghg","CO2","Year",1990,"Vint_1990","GHG emissions - (MTCO2eq)",29.2909519613667
"NoRusGas_constrained_ModelOptimal","EU-12","EU-12","emissGHGBySectorBuildingsGWPAR5","sector","comm others","ghg","CO2","Year",1990,"Vint_1990","GHG emissions - (MTCO2eq)",13.6666275390518
"NoRusGas_constrained_ModelOptimal","EU-12","EU-12","emissGHGBySectorBuildingsGWPAR5","sector","resid heating","ghg","CO2","Year",1990,"Vint_1990","GHG emissions - (MTCO2eq)",64.7275477868337
"NoRusGas_constrained_ModelOptimal","EU-12","EU-12","emissGHGBySectorBuildingsGWPAR5","sector","resid others","ghg","CO2","Year",1990,"Vint_1990","GHG emissions - (MTCO2eq)",23.8230123681968
"NoRusGas_constrained_ModelOptimal","EU-12","EU-12","emissGHGBySectorBuildingsGWPAR5","sector","comm heating","ghg","CO2","Year",2005,"Vint_2005","GHG emissions - (MTCO2eq)",13.3017940842568
"NoRusGas_constrained_ModelOptimal","EU-12","EU-12","emissGHGBySectorBuildingsGWPAR5","sector","comm others","ghg","CO2","Year",2005,"Vint_2005","GHG emissions - (MTCO2eq)",10.4641585891739
"NoRusGas_constrained_ModelOptimal","EU-12","EU-12","emissGHGBySectorBuildingsGWPAR5","sector","resid heating","ghg","CO2","Year",2005,"Vint_2005","GHG emissions - (MTCO2eq)",42.0557512221415
"NoRusGas_constrained_ModelOptimal","EU-12","EU-12","emissGHGBySectorBuildingsGWPAR5","sector","resid others","ghg","CO2","Year",2005,"Vint_2005","GHG emissions - (MTCO2eq)",26.2673767446647
"NoRusGas_constrained_ModelOptimal","EU-12","EU-12","emissGHGBySectorBuildingsGWPAR5","sector","comm heating","ghg","CO2","Year",2010,"Vint_2010","GHG emissions - (MTCO2eq)",14.6390894817288
"NoRusGas_constrained_ModelOptimal","EU-12","EU-12","emissGHGBySectorBuildingsGWPAR5","sector","comm others","ghg","CO2","Year",2010,"Vint_2010","GHG emissions - (MTCO2eq)",10.5151239555554
"NoRusGas_constrained_ModelOptimal","EU-12","EU-12","emissGHGBySectorBuildingsGWPAR5","sector","resid heating","ghg","CO2","Year",2010,"Vint_2010","GHG emissions - (MTCO2eq)",47.8534383676844
"NoRusGas_constrained_ModelOptimal","EU-12","EU-12","emissGHGBySectorBuildingsGWPAR5","sector","resid others","ghg","CO2","Year",2010,"Vint_2010","GHG emissions - (MTCO2eq)",24.7992879311794
"NoRusGas_constrained_ModelOptimal","EU-12","EU-12","emissGHGBySectorBuildingsGWPAR5","sector","comm heating","ghg","CO2","Year",2015,"Vint_2015","GHG emissions - (MTCO2eq)",10.8346899919265
"NoRusGas_constrained_ModelOptimal","EU-12","EU-12","emissGHGBySectorBuildingsGWPAR5","sector","comm others","ghg","CO2","Year",2015,"Vint_2015","GHG emissions - (MTCO2eq)",8.12771091972739
"NoRusGas_constrained_ModelOptimal","EU-12","EU-12","emissGHGBySectorBuildingsGWPAR5","sector","resid heating","ghg","CO2","Year",2015,"Vint_2015","GHG emissions - (MTCO2eq)",38.613479751308
"NoRusGas_constrained_ModelOptimal","EU-12","EU-12","emissGHGBySectorBuildingsGWPAR5","sector","resid others","ghg","CO2","Year",2015,"Vint_2015","GHG emissions - (MTCO2eq)",20.5526670386862
"NoRusGas_constrained_ModelOptimal","EU-12","EU-12","emissGHGBySectorBuildingsGWPAR5","sector","comm heating","ghg","CO2","Year",2020,"Vint_2020","GHG emissions - (MTCO2eq)",13.3992168960245
"NoRusGas_constrained_ModelOptimal","EU-12","EU-12","emissGHGBySectorBuildingsGWPAR5","sector","comm others","ghg","CO2","Year",2020,"Vint_2020","GHG emissions - (MTCO2eq)",9.88289506701592
"NoRusGas_constrained_ModelOptimal","EU-12","EU-12","emissGHGBySectorBuildingsGWPAR5","sector","resid heating","ghg","CO2","Year",2020,"Vint_2020","GHG emissions - (MTCO2eq)",38.464128932724
"NoRusGas_constrained_ModelOptimal","EU-12","EU-12","emissGHGBySectorBuildingsGWPAR5","sector","resid others","ghg","CO2","Year",2020,"Vint_2020","GHG emissions - (MTCO2eq)",21.8722295101126
"NoRusGas_constrained_ModelOptimal","EU-12","EU-12","emissGHGBySectorBuildingsGWPAR5","sector","comm heating","ghg","CO2","Year",2025,"Vint_2025","GHG emissions - (MTCO2eq)",10.9009277108275
"NoRusGas_constrained_ModelOptimal","EU-12","EU-12","emissGHGBySectorBuildingsGWPAR5","sector","comm others","ghg","CO2","Year",2025,"Vint_2025","GHG emissions - (MTCO2eq)",6.30692825257236
"NoRusGas_constrained_ModelOptimal","EU-12","EU-12","emissGHGBySectorBuildingsGWPAR5","sector","resid heating","ghg","CO2","Year",2025,"Vint_2025","GHG emissions - (MTCO2eq)",13.2881122639784
"NoRusGas_constrained_ModelOptimal","EU-12","EU-12","emissGHGBySectorBuildingsGWPAR5","sector","resid others","ghg","CO2","Year",2025,"Vint_2025","GHG emissions - (MTCO2eq)",12.7388300427918
"NoRusGas_constrained_ModelOptimal","EU-12","EU-12","emissGHGBySectorBuildingsGWPAR5","sector","comm heating","ghg","CO2","Year",2030,"Vint_2030","GHG emissions - (MTCO2eq)",11.600121090748
"NoRusGas_constrained_ModelOptimal","EU-12","EU-12","emissGHGBySectorBuildingsGWPAR5","sector","comm others","ghg","CO2","Year",2030,"Vint_2030","GHG emissions - (MTCO2eq)",6.72722858489378
"NoRusGas_constrained_ModelOptimal","EU-12","EU-12","emissGHGBySectorBuildingsGWPAR5","sector","resid heating","ghg","CO2","Year",2030,"Vint_2030","GHG emissions - (MTCO2eq)",12.0130375445919
"NoRusGas_constrained_ModelOptimal","EU-12","EU-12","emissGHGBySectorBuildingsGWPAR5","sector","resid others","ghg","CO2","Year",2030,"Vint_2030","GHG emissions - (MTCO2eq)",12.6014695584787
"NoRusGas_constrained_ModelOptimal","EU-15","EU-15","emissGHGBySectorBuildingsGWPAR5","sector","comm cooling","ghg","CO2","Year",1990,"Vint_1990","GHG emissions - (MTCO2eq)",3.63391176838888e-05
"NoRusGas_constrained_ModelOptimal","EU-15","EU-15","emissGHGBySectorBuildingsGWPAR5","sector","comm heating","ghg","CO2","Year",1990,"Vint_1990","GHG emissions - (MTCO2eq)",95.8511786053731
"NoRusGas_constrained_ModelOptimal","EU-15","EU-15","emissGHGBySectorBuildingsGWPAR5","sector","comm others","ghg","CO2","Year",1990,"Vint_1990","GHG emissions - (MTCO2eq)",80.8686854921223
"NoRusGas_constrained_ModelOptimal","EU-15","EU-15","emissGHGBySectorBuildingsGWPAR5","sector","resid heating","ghg","CO2","Year",1990,"Vint_1990","GHG emissions - (MTCO2eq)",223.904264542471
"NoRusGas_constrained_ModelOptimal","EU-15","EU-15","emissGHGBySectorBuildingsGWPAR5","sector","resid others","ghg","CO2","Year",1990,"Vint_1990","GHG emissions - (MTCO2eq)",174.209177257644
"NoRusGas_constrained_ModelOptimal","EU-15","EU-15","emissGHGBySectorBuildingsGWPAR5","sector","comm cooling","ghg","CO2","Year",2005,"Vint_2005","GHG emissions - (MTCO2eq)",4.63793405018071e-05
"NoRusGas_constrained_ModelOptimal","EU-15","EU-15","emissGHGBySectorBuildingsGWPAR5","sector","comm heating","ghg","CO2","Year",2005,"Vint_2005","GHG emissions - (MTCO2eq)",75.6266099520926
"NoRusGas_constrained_ModelOptimal","EU-15","EU-15","emissGHGBySectorBuildingsGWPAR5","sector","comm others","ghg","CO2","Year",2005,"Vint_2005","GHG emissions - (MTCO2eq)",87.6323482950935
"NoRusGas_constrained_ModelOptimal","EU-15","EU-15","emissGHGBySectorBuildingsGWPAR5","sector","resid heating","ghg","CO2","Year",2005,"Vint_2005","GHG emissions - (MTCO2eq)",266.763791349129
"NoRusGas_constrained_ModelOptimal","EU-15","EU-15","emissGHGBySectorBuildingsGWPAR5","sector","resid others","ghg","CO2","Year",2005,"Vint_2005","GHG emissions - (MTCO2eq)",129.482610886545
"NoRusGas_constrained_ModelOptimal","EU-15","EU-15","emissGHGBySectorBuildingsGWPAR5","sector","comm cooling","ghg","CO2","Year",2010,"Vint_2010","GHG emissions - (MTCO2eq)",5.60861330509142e-05
"NoRusGas_constrained_ModelOptimal","EU-15","EU-15","emissGHGBySectorBuildingsGWPAR5","sector","comm heating","ghg","CO2","Year",2010,"Vint_2010","GHG emissions - (MTCO2eq)",73.0737361746681
"NoRusGas_constrained_ModelOptimal","EU-15","EU-15","emissGHGBySectorBuildingsGWPAR5","sector","comm others","ghg","CO2","Year",2010,"Vint_2010","GHG emissions - (MTCO2eq)",83.3071077324644
"NoRusGas_constrained_ModelOptimal","EU-15","EU-15","emissGHGBySectorBuildingsGWPAR5","sector","resid heating","ghg","CO2","Year",2010,"Vint_2010","GHG emissions - (MTCO2eq)",249.633524347156
"NoRusGas_constrained_ModelOptimal","EU-15","EU-15","emissGHGBySectorBuildingsGWPAR5","sector","resid others","ghg","CO2","Year",2010,"Vint_2010","GHG emissions - (MTCO2eq)",124.053262684428
"NoRusGas_constrained_ModelOptimal","EU-15","EU-15","emissGHGBySectorBuildingsGWPAR5","sector","comm cooling","ghg","CO2","Year",2015,"Vint_2015","GHG emissions - (MTCO2eq)",4.97380979770296e-05
"NoRusGas_constrained_ModelOptimal","EU-15","EU-15","emissGHGBySectorBuildingsGWPAR5","sector","comm heating","ghg","CO2","Year",2015,"Vint_2015","GHG emissions - (MTCO2eq)",65.2759329872546
"NoRusGas_constrained_ModelOptimal","EU-15","EU-15","emissGHGBySectorBuildingsGWPAR5","sector","comm others","ghg","CO2","Year",2015,"Vint_2015","GHG emissions - (MTCO2eq)",75.0694951900355
"NoRusGas_constrained_ModelOptimal","EU-15","EU-15","emissGHGBySectorBuildingsGWPAR5","sector","resid heating","ghg","CO2","Year",2015,"Vint_2015","GHG emissions - (MTCO2eq)",195.499140597644
"NoRusGas_constrained_ModelOptimal","EU-15","EU-15","emissGHGBySectorBuildingsGWPAR5","sector","resid others","ghg","CO2","Year",2015,"Vint_2015","GHG emissions - (MTCO2eq)",95.1316867315557
"NoRusGas_constrained_ModelOptimal","EU-15","EU-15","emissGHGBySectorBuildingsGWPAR5","sector","comm cooling","ghg","CO2","Year",2020,"Vint_2020","GHG emissions - (MTCO2eq)",4.31013441572748e-05
"NoRusGas_constrained_ModelOptimal","EU-15","EU-15","emissGHGBySectorBuildingsGWPAR5","sector","comm heating","ghg","CO2","Year",2020,"Vint_2020","GHG emissions - (MTCO2eq)",67.5850108447145
"NoRusGas_constrained_ModelOptimal","EU-15","EU-15","emissGHGBySectorBuildingsGWPAR5","sector","comm others","ghg","CO2","Year",2020,"Vint_2020","GHG emissions - (MTCO2eq)",76.7166220492153
"NoRusGas_constrained_ModelOptimal","EU-15","EU-15","emissGHGBySectorBuildingsGWPAR5","sector","resid heating","ghg","CO2","Year",2020,"Vint_2020","GHG emissions - (MTCO2eq)",193.555776852693
"NoRusGas_constrained_ModelOptimal","EU-15","EU-15","emissGHGBySectorBuildingsGWPAR5","sector","resid others","ghg","CO2","Year",2020,"Vint_2020","GHG emissions - (MTCO2eq)",92.7732782014148
"NoRusGas_constrained_ModelOptimal","EU-15","EU-15","emissGHGBySectorBuildingsGWPAR5","sector","comm cooling","ghg","CO2","Year",2025,"Vint_2025","GHG emissions - (MTCO2eq)",3.16930308339033e-05
"NoRusGas_constrained_ModelOptimal","EU-15","EU-15","emissGHGBySectorBuildingsGWPAR5","sector","comm heating","ghg","CO2","Year",2025,"Vint_2025","GHG emissions - (MTCO2eq)",38.8414066520484
"NoRusGas_constrained_ModelOptimal","EU-15","EU-15","emissGHGBySectorBuildingsGWPAR5","sector","comm others","ghg","CO2","Year",2025,"Vint_2025","GHG emissions - (MTCO2eq)",36.7985310055072
"NoRusGas_constrained_ModelOptimal","EU-15","EU-15","emissGHGBySectorBuildingsGWPAR5","sector","resid heating","ghg","CO2","Year",2025,"Vint_2025","GHG emissions - (MTCO2eq)",135.886349245029
"NoRusGas_constrained_ModelOptimal","EU-15","EU-15","emissGHGBySectorBuildingsGWPAR5","sector","resid others","ghg","CO2","Year",2025,"Vint_2025","GHG emissions - (MTCO2eq)",41.5318928123301
"NoRusGas_constrained_ModelOptimal","EU-15","EU-15","emissGHGBySectorBuildingsGWPAR5","sector","comm cooling","ghg","CO2","Year",2030,"Vint_2030","GHG emissions - (MTCO2eq)",2.14325614722267e-05
"NoRusGas_constrained_ModelOptimal","EU-15","EU-15","emissGHGBySectorBuildingsGWPAR5","sector","comm heating","ghg","CO2","Year",2030,"Vint_2030","GHG emissions - (MTCO2eq)",38.9588426494692
"NoRusGas_constrained_ModelOptimal","EU-15","EU-15","emissGHGBySectorBuildingsGWPAR5","sector","comm others","ghg","CO2","Year",2030,"Vint_2030","GHG emissions - (MTCO2eq)",37.7821876981126
"NoRusGas_constrained_ModelOptimal","EU-15","EU-15","emissGHGBySectorBuildingsGWPAR5","sector","resid heating","ghg","CO2","Year",2030,"Vint_2030","GHG emissions - (MTCO2eq)",117.218557414943
"NoRusGas_constrained_ModelOptimal","EU-15","EU-15","emissGHGBySectorBuildingsGWPAR5","sector","resid others","ghg","CO2","Year",2030,"Vint_2030","GHG emissions - (MTCO2eq)",41.2461734142877
"Baseline_NDC","EU-12","EU-12","emissGHGBySectorBuildingsGWPAR5","sector","comm heating","ghg","CH4","Year",1990,"Vint_1990","GHG emissions - (MTCO2eq)",1.19069412
"Baseline_NDC","EU-12","EU-12","emissGHGBySectorBuildingsGWPAR5","sector","comm others","ghg","CH4","Year",1990,"Vint_1990","GHG emissions - (MTCO2eq)",0.9134259288
"Baseline_NDC","EU-12","EU-12","emissGHGBySectorBuildingsGWPAR5","sector","resid heating","ghg","CH4","Year",1990,"Vint_1990","GHG emissions - (MTCO2eq)",9.551134404
"Baseline_NDC","EU-12","EU-12","emissGHGBySectorBuildingsGWPAR5","sector","resid others","ghg","CH4","Year",1990,"Vint_1990","GHG emissions - (MTCO2eq)",5.6594739432
"Baseline_NDC","EU-12","EU-12","emissGHGBySectorBuildingsGWPAR5","sector","comm cooling","ghg","HFCs","Year",1990,"Vint_1990","GHG emissions - (MTCO2eq)",0.000282663027
"Baseline_NDC","EU-12","EU-12","emissGHGBySectorBuildingsGWPAR5","sector","resid cooling","ghg","HFCs","Year",1990,"Vint_1990","GHG emissions - (MTCO2eq)",0.000496553868
"Baseline_NDC","EU-12","EU-12","emissGHGBySectorBuildingsGWPAR5","sector","comm heating","ghg","N2O","Year",1990,"Vint_1990","GHG emissions - (MTCO2eq)",0.2125399004
"Baseline_NDC","EU-12","EU-12","emissGHGBySectorBuildingsGWPAR5","sector","comm others","ghg","N2O","Year",1990,"Vint_1990","GHG emissions - (MTCO2eq)",0.0528609598
"Baseline_NDC","EU-12","EU-12","emissGHGBySectorBuildingsGWPAR5","sector","resid heating","ghg","N2O","Year",1990,"Vint_1990","GHG emissions - (MTCO2eq)",1.14654317
"Baseline_NDC","EU-12","EU-12","emissGHGBySectorBuildingsGWPAR5","sector","resid others","ghg","N2O","Year",1990,"Vint_1990","GHG emissions - (MTCO2eq)",0.162166114
"Baseline_NDC","EU-12","EU-12","emissGHGBySectorBuildingsGWPAR5","sector","comm heating","ghg","CH4","Year",2005,"Vint_2005","GHG emissions - (MTCO2eq)",1.749578656
"Baseline_NDC","EU-12","EU-12","emissGHGBySectorBuildingsGWPAR5","sector","comm others","ghg","CH4","Year",2005,"Vint_2005","GHG emissions - (MTCO2eq)",1.451670724
"Baseline_NDC","EU-12","EU-12","emissGHGBySectorBuildingsGWPAR5","sector","resid heating","ghg","CH4","Year",2005,"Vint_2005","GHG emissions - (MTCO2eq)",10.6396747856
"Baseline_NDC","EU-12","EU-12","emissGHGBySectorBuildingsGWPAR5","sector","resid others","ghg","CH4","Year",2005,"Vint_2005","GHG emissions - (MTCO2eq)",6.786788176
"Baseline_NDC","EU-12","EU-12","emissGHGBySectorBuildingsGWPAR5","sector","comm cooling","ghg","HFCs","Year",2005,"Vint_2005","GHG emissions - (MTCO2eq)",7.42072122
"Baseline_NDC","EU-12","EU-12","emissGHGBySectorBuildingsGWPAR5","sector","resid cooling","ghg","HFCs","Year",2005,"Vint_2005","GHG emissions - (MTCO2eq)",8.796174183
"Baseline_NDC","EU-12","EU-12","emissGHGBySectorBuildingsGWPAR5","sector","comm heating","ghg","N2O","Year",2005,"Vint_2005","GHG emissions - (MTCO2eq)",0.064667367
"Baseline_NDC","EU-12","EU-12","emissGHGBySectorBuildingsGWPAR5","sector","comm others","ghg","N2O","Year",2005,"Vint_2005","GHG emissions - (MTCO2eq)",0.0237313171
"Baseline_NDC","EU-12","EU-12","emissGHGBySectorBuildingsGWPAR5","sector","resid heating","ghg","N2O","Year",2005,"Vint_2005","GHG emissions - (MTCO2eq)",1.024951471
"Baseline_NDC","EU-12","EU-12","emissGHGBySectorBuildingsGWPAR5","sector","resid others","ghg","N2O","Year",2005,"Vint_2005","GHG emissions - (MTCO2eq)",0.152023239
"Baseline_NDC","EU-12","EU-12","emissGHGBySectorBuildingsGWPAR5","sector","comm heating","ghg","CH4","Year",2010,"Vint_2010","GHG emissions - (MTCO2eq)",1.8091934616
"Baseline_NDC","EU-12","EU-12","emissGHGBySectorBuildingsGWPAR5","sector","comm others","ghg","CH4","Year",2010,"Vint_2010","GHG emissions - (MTCO2eq)",1.5001305032
"Baseline_NDC","EU-12","EU-12","emissGHGBySectorBuildingsGWPAR5","sector","resid heating","ghg","CH4","Year",2010,"Vint_2010","GHG emissions - (MTCO2eq)",11.6504631152
"Baseline_NDC","EU-12","EU-12","emissGHGBySectorBuildingsGWPAR5","sector","resid others","ghg","CH4","Year",2010,"Vint_2010","GHG emissions - (MTCO2eq)",7.0289433088
"Baseline_NDC","EU-12","EU-12","emissGHGBySectorBuildingsGWPAR5","sector","comm cooling","ghg","HFCs","Year",2010,"Vint_2010","GHG emissions - (MTCO2eq)",13.97074881825
"Baseline_NDC","EU-12","EU-12","emissGHGBySectorBuildingsGWPAR5","sector","resid cooling","ghg","HFCs","Year",2010,"Vint_2010","GHG emissions - (MTCO2eq)",14.5543051611
"Baseline_NDC","EU-12","EU-12","emissGHGBySectorBuildingsGWPAR5","sector","comm heating","ghg","N2O","Year",2010,"Vint_2010","GHG emissions - (MTCO2eq)",0.07739325
"Baseline_NDC","EU-12","EU-12","emissGHGBySectorBuildingsGWPAR5","sector","comm others","ghg","N2O","Year",2010,"Vint_2010","GHG emissions - (MTCO2eq)",0.0266704692
"Baseline_NDC","EU-12","EU-12","emissGHGBySectorBuildingsGWPAR5","sector","resid heating","ghg","N2O","Year",2010,"Vint_2010","GHG emissions - (MTCO2eq)",1.238260518
"Baseline_NDC","EU-12","EU-12","emissGHGBySectorBuildingsGWPAR5","sector","resid others","ghg","N2O","Year",2010,"Vint_2010","GHG emissions - (MTCO2eq)",0.168787192
"Baseline_NDC","EU-12","EU-12","emissGHGBySectorBuildingsGWPAR5","sector","comm heating","ghg","CH4","Year",2015,"Vint_2015","GHG emissions - (MTCO2eq)",1.4951121416
"Baseline_NDC","EU-12","EU-12","emissGHGBySectorBuildingsGWPAR5","sector","comm others","ghg","CH4","Year",2015,"Vint_2015","GHG emissions - (MTCO2eq)",1.2394154976
"Baseline_NDC","EU-12","EU-12","emissGHGBySectorBuildingsGWPAR5","sector","resid heating","ghg","CH4","Year",2015,"Vint_2015","GHG emissions - (MTCO2eq)",10.002370532
"Baseline_NDC","EU-12","EU-12","emissGHGBySectorBuildingsGWPAR5","sector","resid others","ghg","CH4","Year",2015,"Vint_2015","GHG emissions - (MTCO2eq)",6.0806064312
"Baseline_NDC","EU-12","EU-12","emissGHGBySectorBuildingsGWPAR5","sector","comm cooling","ghg","HFCs","Year",2015,"Vint_2015","GHG emissions - (MTCO2eq)",18.8819573931
"Baseline_NDC","EU-12","EU-12","emissGHGBySectorBuildingsGWPAR5","sector","resid cooling","ghg","HFCs","Year",2015,"Vint_2015","GHG emissions - (MTCO2eq)",19.6706955024
"Baseline_NDC","EU-12","EU-12","emissGHGBySectorBuildingsGWPAR5","sector","comm heating","ghg","N2O","Year",2015,"Vint_2015","GHG emissions - (MTCO2eq)",0.0640717424
"Baseline_NDC","EU-12","EU-12","emissGHGBySectorBuildingsGWPAR5","sector","comm others","ghg","N2O","Year",2015,"Vint_2015","GHG emissions - (MTCO2eq)",0.0202937795
"Baseline_NDC","EU-12","EU-12","emissGHGBySectorBuildingsGWPAR5","sector","resid heating","ghg","N2O","Year",2015,"Vint_2015","GHG emissions - (MTCO2eq)",1.15453239
"Baseline_NDC","EU-12","EU-12","emissGHGBySectorBuildingsGWPAR5","sector","resid others","ghg","N2O","Year",2015,"Vint_2015","GHG emissions - (MTCO2eq)",0.154503533
"Baseline_NDC","EU-12","EU-12","emissGHGBySectorBuildingsGWPAR5","sector","comm heating","ghg","CH4","Year",2020,"Vint_2020","GHG emissions - (MTCO2eq)",1.9574841272
"Baseline_NDC","EU-12","EU-12","emissGHGBySectorBuildingsGWPAR5","sector","comm others","ghg","CH4","Year",2020,"Vint_2020","GHG emissions - (MTCO2eq)",1.5976151912
"Baseline_NDC","EU-12","EU-12","emissGHGBySectorBuildingsGWPAR5","sector","resid heating","ghg","CH4","Year",2020,"Vint_2020","GHG emissions - (MTCO2eq)",10.1136182672
"Baseline_NDC","EU-12","EU-12","emissGHGBySectorBuildingsGWPAR5","sector","resid others","ghg","CH4","Year",2020,"Vint_2020","GHG emissions - (MTCO2eq)",6.7192783392
"Baseline_NDC","EU-12","EU-12","emissGHGBySectorBuildingsGWPAR5","sector","comm cooling","ghg","HFCs","Year",2020,"Vint_2020","GHG emissions - (MTCO2eq)",21.8347908741
"Baseline_NDC","EU-12","EU-12","emissGHGBySectorBuildingsGWPAR5","sector","resid cooling","ghg","HFCs","Year",2020,"Vint_2020","GHG emissions - (MTCO2eq)",21.196544589
"Baseline_NDC","EU-12","EU-12","emissGHGBySectorBuildingsGWPAR5","sector","comm heating","ghg","N2O","Year",2020,"Vint_2020","GHG emissions - (MTCO2eq)",0.069196429
"Baseline_NDC","EU-12","EU-12","emissGHGBySectorBuildingsGWPAR5","sector","comm others","ghg","N2O","Year",2020,"Vint_2020","GHG emissions - (MTCO2eq)",0.0224395057
"Baseline_NDC","EU-12","EU-12","emissGHGBySectorBuildingsGWPAR5","sector","resid heating","ghg","N2O","Year",2020,"Vint_2020","GHG emissions - (MTCO2eq)",1.071438089
"Baseline_NDC","EU-12","EU-12","emissGHGBySectorBuildingsGWPAR5","sector","resid others","ghg","N2O","Year",2020,"Vint_2020","GHG emissions - (MTCO2eq)",0.141355505
"Baseline_NDC","EU-12","EU-12","emissGHGBySectorBuildingsGWPAR5","sector","comm heating","ghg","CH4","Year",2025,"Vint_2025","GHG emissions - (MTCO2eq)",1.60249519696
"Baseline_NDC","EU-12","EU-12","emissGHGBySectorBuildingsGWPAR5","sector","comm others","ghg","CH4","Year",2025,"Vint_2025","GHG emissions - (MTCO2eq)",0.687462721176
"Baseline_NDC","EU-12","EU-12","emissGHGBySectorBuildingsGWPAR5","sector","resid heating","ghg","CH4","Year",2025,"Vint_2025","GHG emissions - (MTCO2eq)",13.660074372
"Baseline_NDC","EU-12","EU-12","emissGHGBySectorBuildingsGWPAR5","sector","resid others","ghg","CH4","Year",2025,"Vint_2025","GHG emissions - (MTCO2eq)",3.381102956
"Baseline_NDC","EU-12","EU-12","emissGHGBySectorBuildingsGWPAR5","sector","comm cooling","ghg","HFCs","Year",2025,"Vint_2025","GHG emissions - (MTCO2eq)",16.31310633747
"Baseline_NDC","EU-12","EU-12","emissGHGBySectorBuildingsGWPAR5","sector","resid cooling","ghg","HFCs","Year",2025,"Vint_2025","GHG emissions - (MTCO2eq)",14.35043144979
"Baseline_NDC","EU-12","EU-12","emissGHGBySectorBuildingsGWPAR5","sector","comm heating","ghg","N2O","Year",2025,"Vint_2025","GHG emissions - (MTCO2eq)",0.1022797021
"Baseline_NDC","EU-12","EU-12","emissGHGBySectorBuildingsGWPAR5","sector","comm others","ghg","N2O","Year",2025,"Vint_2025","GHG emissions - (MTCO2eq)",0.01339019984
"Baseline_NDC","EU-12","EU-12","emissGHGBySectorBuildingsGWPAR5","sector","resid heating","ghg","N2O","Year",2025,"Vint_2025","GHG emissions - (MTCO2eq)",1.6917251313
"Baseline_NDC","EU-12","EU-12","emissGHGBySectorBuildingsGWPAR5","sector","resid others","ghg","N2O","Year",2025,"Vint_2025","GHG emissions - (MTCO2eq)",0.12468194933
"Baseline_NDC","EU-12","EU-12","emissGHGBySectorBuildingsGWPAR5","sector","comm heating","ghg","CH4","Year",2030,"Vint_2030","GHG emissions - (MTCO2eq)",1.88900582584
"Baseline_NDC","EU-12","EU-12","emissGHGBySectorBuildingsGWPAR5","sector","comm others","ghg","CH4","Year",2030,"Vint_2030","GHG emissions - (MTCO2eq)",0.88939002656
"Baseline_NDC","EU-12","EU-12","emissGHGBySectorBuildingsGWPAR5","sector","resid heating","ghg","CH4","Year",2030,"Vint_2030","GHG emissions - (MTCO2eq)",13.8186604304
"Baseline_NDC","EU-12","EU-12","emissGHGBySectorBuildingsGWPAR5","sector","resid others","ghg","CH4","Year",2030,"Vint_2030","GHG emissions - (MTCO2eq)",3.9086787712
"Baseline_NDC","EU-12","EU-12","emissGHGBySectorBuildingsGWPAR5","sector","comm cooling","ghg","HFCs","Year",2030,"Vint_2030","GHG emissions - (MTCO2eq)",17.17752248334
"Baseline_NDC","EU-12","EU-12","emissGHGBySectorBuildingsGWPAR5","sector","resid cooling","ghg","HFCs","Year",2030,"Vint_2030","GHG emissions - (MTCO2eq)",14.64928626465
"Baseline_NDC","EU-12","EU-12","emissGHGBySectorBuildingsGWPAR5","sector","comm heating","ghg","N2O","Year",2030,"Vint_2030","GHG emissions - (MTCO2eq)",0.1082495744
"Baseline_NDC","EU-12","EU-12","emissGHGBySectorBuildingsGWPAR5","sector","comm others","ghg","N2O","Year",2030,"Vint_2030","GHG emissions - (MTCO2eq)",0.0151445592
"Baseline_NDC","EU-12","EU-12","emissGHGBySectorBuildingsGWPAR5","sector","resid heating","ghg","N2O","Year",2030,"Vint_2030","GHG emissions - (MTCO2eq)",1.673984807
"Baseline_NDC","EU-12","EU-12","emissGHGBySectorBuildingsGWPAR5","sector","resid others","ghg","N2O","Year",2030,"Vint_2030","GHG emissions - (MTCO2eq)",0.1309732449
"Baseline_NDC","EU-15","EU-15","emissGHGBySectorBuildingsGWPAR5","sector","comm cooling","ghg","CH4","Year",1990,"Vint_1990","GHG emissions - (MTCO2eq)",1.8716544e-06
"Baseline_NDC","EU-15","EU-15","emissGHGBySectorBuildingsGWPAR5","sector","comm heating","ghg","CH4","Year",1990,"Vint_1990","GHG emissions - (MTCO2eq)",1.81079948
"Baseline_NDC","EU-15","EU-15","emissGHGBySectorBuildingsGWPAR5","sector","comm others","ghg","CH4","Year",1990,"Vint_1990","GHG emissions - (MTCO2eq)",1.9086309704
"Baseline_NDC","EU-15","EU-15","emissGHGBySectorBuildingsGWPAR5","sector","resid heating","ghg","CH4","Year",1990,"Vint_1990","GHG emissions - (MTCO2eq)",26.4422424
"Baseline_NDC","EU-15","EU-15","emissGHGBySectorBuildingsGWPAR5","sector","resid others","ghg","CH4","Year",1990,"Vint_1990","GHG emissions - (MTCO2eq)",8.58917584
"Baseline_NDC","EU-15","EU-15","emissGHGBySectorBuildingsGWPAR5","sector","comm cooling","ghg","HFCs","Year",1990,"Vint_1990","GHG emissions - (MTCO2eq)",0.0126922743
"Baseline_NDC","EU-15","EU-15","emissGHGBySectorBuildingsGWPAR5","sector","resid cooling","ghg","HFCs","Year",1990,"Vint_1990","GHG emissions - (MTCO2eq)",0.0185160753
"Baseline_NDC","EU-15","EU-15","emissGHGBySectorBuildingsGWPAR5","sector","comm heating","ghg","N2O","Year",1990,"Vint_1990","GHG emissions - (MTCO2eq)",0.427901383
"Baseline_NDC","EU-15","EU-15","emissGHGBySectorBuildingsGWPAR5","sector","comm others","ghg","N2O","Year",1990,"Vint_1990","GHG emissions - (MTCO2eq)",0.2427818541
"Baseline_NDC","EU-15","EU-15","emissGHGBySectorBuildingsGWPAR5","sector","resid heating","ghg","N2O","Year",1990,"Vint_1990","GHG emissions - (MTCO2eq)",2.05381307
"Baseline_NDC","EU-15","EU-15","emissGHGBySectorBuildingsGWPAR5","sector","resid others","ghg","N2O","Year",1990,"Vint_1990","GHG emissions - (MTCO2eq)",1.021774545
"Baseline_NDC","EU-15","EU-15","emissGHGBySectorBuildingsGWPAR5","sector","comm cooling","ghg","CH4","Year",2005,"Vint_2005","GHG emissions - (MTCO2eq)",2.9691592e-06
"Baseline_NDC","EU-15","EU-15","emissGHGBySectorBuildingsGWPAR5","sector","comm heating","ghg","CH4","Year",2005,"Vint_2005","GHG emissions - (MTCO2eq)",2.6138298088
"Baseline_NDC","EU-15","EU-15","emissGHGBySectorBuildingsGWPAR5","sector","comm others","ghg","CH4","Year",2005,"Vint_2005","GHG emissions - (MTCO2eq)",2.91439140776
"Baseline_NDC","EU-15","EU-15","emissGHGBySectorBuildingsGWPAR5","sector","resid heating","ghg","CH4","Year",2005,"Vint_2005","GHG emissions - (MTCO2eq)",28.04599728
"Baseline_NDC","EU-15","EU-15","emissGHGBySectorBuildingsGWPAR5","sector","resid others","ghg","CH4","Year",2005,"Vint_2005","GHG emissions - (MTCO2eq)",9.54557632
"Baseline_NDC","EU-15","EU-15","emissGHGBySectorBuildingsGWPAR5","sector","comm cooling","ghg","HFCs","Year",2005,"Vint_2005","GHG emissions - (MTCO2eq)",70.432892163
"Baseline_NDC","EU-15","EU-15","emissGHGBySectorBuildingsGWPAR5","sector","resid cooling","ghg","HFCs","Year",2005,"Vint_2005","GHG emissions - (MTCO2eq)",80.589150333
"Baseline_NDC","EU-15","EU-15","emissGHGBySectorBuildingsGWPAR5","sector","comm heating","ghg","N2O","Year",2005,"Vint_2005","GHG emissions - (MTCO2eq)",0.242125836
"Baseline_NDC","EU-15","EU-15","emissGHGBySectorBuildingsGWPAR5","sector","comm others","ghg","N2O","Year",2005,"Vint_2005","GHG emissions - (MTCO2eq)",0.2228894277
"Baseline_NDC","EU-15","EU-15","emissGHGBySectorBuildingsGWPAR5","sector","resid heating","ghg","N2O","Year",2005,"Vint_2005","GHG emissions - (MTCO2eq)",2.4184801
"Baseline_NDC","EU-15","EU-15","emissGHGBySectorBuildingsGWPAR5","sector","resid others","ghg","N2O","Year",2005,"Vint_2005","GHG emissions - (MTCO2eq)",0.66381546
"Baseline_NDC","EU-15","EU-15","emissGHGBySectorBuildingsGWPAR5","sector","comm cooling","ghg","CH4","Year",2010,"Vint_2010","GHG emissions - (MTCO2eq)",2.8674688e-06
"Baseline_NDC","EU-15","EU-15","emissGHGBySectorBuildingsGWPAR5","sector","comm heating","ghg","CH4","Year",2010,"Vint_2010","GHG emissions - (MTCO2eq)",2.5039334152
"Baseline_NDC","EU-15","EU-15","emissGHGBySectorBuildingsGWPAR5","sector","comm others","ghg","CH4","Year",2010,"Vint_2010","GHG emissions - (MTCO2eq)",2.79229727336
"Baseline_NDC","EU-15","EU-15","emissGHGBySectorBuildingsGWPAR5","sector","resid heating","ghg","CH4","Year",2010,"Vint_2010","GHG emissions - (MTCO2eq)",26.799752
"Baseline_NDC","EU-15","EU-15","emissGHGBySectorBuildingsGWPAR5","sector","resid others","ghg","CH4","Year",2010,"Vint_2010","GHG emissions - (MTCO2eq)",8.783214664
"Baseline_NDC","EU-15","EU-15","emissGHGBySectorBuildingsGWPAR5","sector","comm cooling","ghg","HFCs","Year",2010,"Vint_2010","GHG emissions - (MTCO2eq)",96.36023025
"Baseline_NDC","EU-15","EU-15","emissGHGBySectorBuildingsGWPAR5","sector","resid cooling","ghg","HFCs","Year",2010,"Vint_2010","GHG emissions - (MTCO2eq)",102.01957695
"Baseline_NDC","EU-15","EU-15","emissGHGBySectorBuildingsGWPAR5","sector","comm heating","ghg","N2O","Year",2010,"Vint_2010","GHG emissions - (MTCO2eq)",0.230341763
"Baseline_NDC","EU-15","EU-15","emissGHGBySectorBuildingsGWPAR5","sector","comm others","ghg","N2O","Year",2010,"Vint_2010","GHG emissions - (MTCO2eq)",0.1985627987
"Baseline_NDC","EU-15","EU-15","emissGHGBySectorBuildingsGWPAR5","sector","resid heating","ghg","N2O","Year",2010,"Vint_2010","GHG emissions - (MTCO2eq)",2.86534695
"Baseline_NDC","EU-15","EU-15","emissGHGBySectorBuildingsGWPAR5","sector","resid others","ghg","N2O","Year",2010,"Vint_2010","GHG emissions - (MTCO2eq)",0.72727925
"Baseline_NDC","EU-15","EU-15","emissGHGBySectorBuildingsGWPAR5","sector","comm cooling","ghg","CH4","Year",2015,"Vint_2015","GHG emissions - (MTCO2eq)",2.3492168e-06
"Baseline_NDC","EU-15","EU-15","emissGHGBySectorBuildingsGWPAR5","sector","comm heating","ghg","CH4","Year",2015,"Vint_2015","GHG emissions - (MTCO2eq)",2.0832581224
"Baseline_NDC","EU-15","EU-15","emissGHGBySectorBuildingsGWPAR5","sector","comm others","ghg","CH4","Year",2015,"Vint_2015","GHG emissions - (MTCO2eq)",2.29576710944
"Baseline_NDC","EU-15","EU-15","emissGHGBySectorBuildingsGWPAR5","sector","resid heating","ghg","CH4","Year",2015,"Vint_2015","GHG emissions - (MTCO2eq)",20.37480872
"Baseline_NDC","EU-15","EU-15","emissGHGBySectorBuildingsGWPAR5","sector","resid others","ghg","CH4","Year",2015,"Vint_2015","GHG emissions - (MTCO2eq)",6.31569344
"Baseline_NDC","EU-15","EU-15","emissGHGBySectorBuildingsGWPAR5","sector","comm cooling","ghg","HFCs","Year",2015,"Vint_2015","GHG emissions - (MTCO2eq)",93.22711632
"Baseline_NDC","EU-15","EU-15","emissGHGBySectorBuildingsGWPAR5","sector","resid cooling","ghg","HFCs","Year",2015,"Vint_2015","GHG emissions - (MTCO2eq)",98.70240645
"Baseline_NDC","EU-15","EU-15","emissGHGBySectorBuildingsGWPAR5","sector","comm heating","ghg","N2O","Year",2015,"Vint_2015","GHG emissions - (MTCO2eq)",0.3052545335
"Baseline_NDC","EU-15","EU-15","emissGHGBySectorBuildingsGWPAR5","sector","comm others","ghg","N2O","Year",2015,"Vint_2015","GHG emissions - (MTCO2eq)",0.1964252557
"Baseline_NDC","EU-15","EU-15","emissGHGBySectorBuildingsGWPAR5","sector","resid heating","ghg","N2O","Year",2015,"Vint_2015","GHG emissions - (MTCO2eq)",2.65560263
"Baseline_NDC","EU-15","EU-15","emissGHGBySectorBuildingsGWPAR5","sector","resid others","ghg","N2O","Year",2015,"Vint_2015","GHG emissions - (MTCO2eq)",0.633436072
"Baseline_NDC","EU-15","EU-15","emissGHGBySectorBuildingsGWPAR5","sector","comm cooling","ghg","CH4","Year",2020,"Vint_2020","GHG emissions - (MTCO2eq)",2.023532e-06
"Baseline_NDC","EU-15","EU-15","emissGHGBySectorBuildingsGWPAR5","sector","comm heating","ghg","CH4","Year",2020,"Vint_2020","GHG emissions - (MTCO2eq)",2.2431780784
"Baseline_NDC","EU-15","EU-15","emissGHGBySectorBuildingsGWPAR5","sector","comm others","ghg","CH4","Year",2020,"Vint_2020","GHG emissions - (MTCO2eq)",2.48912185648
"Baseline_NDC","EU-15","EU-15","emissGHGBySectorBuildingsGWPAR5","sector","resid heating","ghg","CH4","Year",2020,"Vint_2020","GHG emissions - (MTCO2eq)",19.85739728
"Baseline_NDC","EU-15","EU-15","emissGHGBySectorBuildingsGWPAR5","sector","resid others","ghg","CH4","Year",2020,"Vint_2020","GHG emissions - (MTCO2eq)",6.39468032
"Baseline_NDC","EU-15","EU-15","emissGHGBySectorBuildingsGWPAR5","sector","comm cooling","ghg","HFCs","Year",2020,"Vint_2020","GHG emissions - (MTCO2eq)",94.4849597157
"Baseline_NDC","EU-15","EU-15","emissGHGBySectorBuildingsGWPAR5","sector","resid cooling","ghg","HFCs","Year",2020,"Vint_2020","GHG emissions - (MTCO2eq)",98.6304455712
"Baseline_NDC","EU-15","EU-15","emissGHGBySectorBuildingsGWPAR5","sector","comm heating","ghg","N2O","Year",2020,"Vint_2020","GHG emissions - (MTCO2eq)",0.2965941003
"Baseline_NDC","EU-15","EU-15","emissGHGBySectorBuildingsGWPAR5","sector","comm others","ghg","N2O","Year",2020,"Vint_2020","GHG emissions - (MTCO2eq)",0.1881870364
"Baseline_NDC","EU-15","EU-15","emissGHGBySectorBuildingsGWPAR5","sector","resid heating","ghg","N2O","Year",2020,"Vint_2020","GHG emissions - (MTCO2eq)",2.43784948
"Baseline_NDC","EU-15","EU-15","emissGHGBySectorBuildingsGWPAR5","sector","resid others","ghg","N2O","Year",2020,"Vint_2020","GHG emissions - (MTCO2eq)",0.58456774
"Baseline_NDC","EU-15","EU-15","emissGHGBySectorBuildingsGWPAR5","sector","comm cooling","ghg","CH4","Year",2025,"Vint_2025","GHG emissions - (MTCO2eq)",1.1744712e-06
"Baseline_NDC","EU-15","EU-15","emissGHGBySectorBuildingsGWPAR5","sector","comm heating","ghg","CH4","Year",2025,"Vint_2025","GHG emissions - (MTCO2eq)",1.023031054752
"Baseline_NDC","EU-15","EU-15","emissGHGBySectorBuildingsGWPAR5","sector","comm others","ghg","CH4","Year",2025,"Vint_2025","GHG emissions - (MTCO2eq)",0.876257050424
"Baseline_NDC","EU-15","EU-15","emissGHGBySectorBuildingsGWPAR5","sector","resid heating","ghg","CH4","Year",2025,"Vint_2025","GHG emissions - (MTCO2eq)",26.90191616
"Baseline_NDC","EU-15","EU-15","emissGHGBySectorBuildingsGWPAR5","sector","resid others","ghg","CH4","Year",2025,"Vint_2025","GHG emissions - (MTCO2eq)",3.8272666656
"Baseline_NDC","EU-15","EU-15","emissGHGBySectorBuildingsGWPAR5","sector","comm cooling","ghg","HFCs","Year",2025,"Vint_2025","GHG emissions - (MTCO2eq)",65.7241407315
"Baseline_NDC","EU-15","EU-15","emissGHGBySectorBuildingsGWPAR5","sector","resid cooling","ghg","HFCs","Year",2025,"Vint_2025","GHG emissions - (MTCO2eq)",68.1364884366
"Baseline_NDC","EU-15","EU-15","emissGHGBySectorBuildingsGWPAR5","sector","comm heating","ghg","N2O","Year",2025,"Vint_2025","GHG emissions - (MTCO2eq)",0.41102785727
"Baseline_NDC","EU-15","EU-15","emissGHGBySectorBuildingsGWPAR5","sector","comm others","ghg","N2O","Year",2025,"Vint_2025","GHG emissions - (MTCO2eq)",0.129034749654
"Baseline_NDC","EU-15","EU-15","emissGHGBySectorBuildingsGWPAR5","sector","resid heating","ghg","N2O","Year",2025,"Vint_2025","GHG emissions - (MTCO2eq)",5.13171387
"Baseline_NDC","EU-15","EU-15","emissGHGBySectorBuildingsGWPAR5","sector","resid others","ghg","N2O","Year",2025,"Vint_2025","GHG emissions - (MTCO2eq)",0.5892978734
"Baseline_NDC","EU-15","EU-15","emissGHGBySectorBuildingsGWPAR5","sector","comm cooling","ghg","CH4","Year",2030,"Vint_2030","GHG emissions - (MTCO2eq)",1.2219424e-06
"Baseline_NDC","EU-15","EU-15","emissGHGBySectorBuildingsGWPAR5","sector","comm heating","ghg","CH4","Year",2030,"Vint_2030","GHG emissions - (MTCO2eq)",1.20839762792
"Baseline_NDC","EU-15","EU-15","emissGHGBySectorBuildingsGWPAR5","sector","comm others","ghg","CH4","Year",2030,"Vint_2030","GHG emissions - (MTCO2eq)",1.0795636166
"Baseline_NDC","EU-15","EU-15","emissGHGBySectorBuildingsGWPAR5","sector","resid heating","ghg","CH4","Year",2030,"Vint_2030","GHG emissions - (MTCO2eq)",27.02370552
"Baseline_NDC","EU-15","EU-15","emissGHGBySectorBuildingsGWPAR5","sector","resid others","ghg","CH4","Year",2030,"Vint_2030","GHG emissions - (MTCO2eq)",4.3754069632
"Baseline_NDC","EU-15","EU-15","emissGHGBySectorBuildingsGWPAR5","sector","comm cooling","ghg","HFCs","Year",2030,"Vint_2030","GHG emissions - (MTCO2eq)",65.4406897032
"Baseline_NDC","EU-15","EU-15","emissGHGBySectorBuildingsGWPAR5","sector","resid cooling","ghg","HFCs","Year",2030,"Vint_2030","GHG emissions - (MTCO2eq)",67.2176155707
"Baseline_NDC","EU-15","EU-15","emissGHGBySectorBuildingsGWPAR5","sector","comm heating","ghg","N2O","Year",2030,"Vint_2030","GHG emissions - (MTCO2eq)",0.44104072165
"Baseline_NDC","EU-15","EU-15","emissGHGBySectorBuildingsGWPAR5","sector","comm others","ghg","N2O","Year",2030,"Vint_2030","GHG emissions - (MTCO2eq)",0.13840520647
"Baseline_NDC","EU-15","EU-15","emissGHGBySectorBuildingsGWPAR5","sector","resid heating","ghg","N2O","Year",2030,"Vint_2030","GHG emissions - (MTCO2eq)",5.02591209
"Baseline_NDC","EU-15","EU-15","emissGHGBySectorBuildingsGWPAR5","sector","resid others","ghg","N2O","Year",2030,"Vint_2030","GHG emissions - (MTCO2eq)",0.6373138594
"NoRusGas_ModelOptimal","EU-12","EU-12","emissGHGBySectorBuildingsGWPAR5","sector","comm heating","ghg","CH4","Year",1990,"Vint_1990","GHG emissions - (MTCO2eq)",0.59534706
"NoRusGas_ModelOptimal","EU-12","EU-12","emissGHGBySectorBuildingsGWPAR5","sector","comm others","ghg","CH4","Year",1990,"Vint_1990","GHG emissions - (MTCO2eq)",0.4567129644
"NoRusGas_ModelOptimal","EU-12","EU-12","emissGHGBySectorBuildingsGWPAR5","sector","resid heating","ghg","CH4","Year",1990,"Vint_1990","GHG emissions - (MTCO2eq)",4.775567202
"NoRusGas_ModelOptimal","EU-12","EU-12","emissGHGBySectorBuildingsGWPAR5","sector","resid others","ghg","CH4","Year",1990,"Vint_1990","GHG emissions - (MTCO2eq)",2.8297369716
"NoRusGas_ModelOptimal","EU-12","EU-12","emissGHGBySectorBuildingsGWPAR5","sector","comm cooling","ghg","HFCs","Year",1990,"Vint_1990","GHG emissions - (MTCO2eq)",0.0001413315135
"NoRusGas_ModelOptimal","EU-12","EU-12","emissGHGBySectorBuildingsGWPAR5","sector","resid cooling","ghg","HFCs","Year",1990,"Vint_1990","GHG emissions - (MTCO2eq)",0.000248276934
"NoRusGas_ModelOptimal","EU-12","EU-12","emissGHGBySectorBuildingsGWPAR5","sector","comm heating","ghg","N2O","Year",1990,"Vint_1990","GHG emissions - (MTCO2eq)",0.1062699502
"NoRusGas_ModelOptimal","EU-12","EU-12","emissGHGBySectorBuildingsGWPAR5","sector","comm others","ghg","N2O","Year",1990,"Vint_1990","GHG emissions - (MTCO2eq)",0.0264304799
"NoRusGas_ModelOptimal","EU-12","EU-12","emissGHGBySectorBuildingsGWPAR5","sector","resid heating","ghg","N2O","Year",1990,"Vint_1990","GHG emissions - (MTCO2eq)",0.573271585
"NoRusGas_ModelOptimal","EU-12","EU-12","emissGHGBySectorBuildingsGWPAR5","sector","resid others","ghg","N2O","Year",1990,"Vint_1990","GHG emissions - (MTCO2eq)",0.081083057
"NoRusGas_ModelOptimal","EU-12","EU-12","emissGHGBySectorBuildingsGWPAR5","sector","comm heating","ghg","CH4","Year",2005,"Vint_2005","GHG emissions - (MTCO2eq)",0.874789328
"NoRusGas_ModelOptimal","EU-12","EU-12","emissGHGBySectorBuildingsGWPAR5","sector","comm others","ghg","CH4","Year",2005,"Vint_2005","GHG emissions - (MTCO2eq)",0.725835362
"NoRusGas_ModelOptimal","EU-12","EU-12","emissGHGBySectorBuildingsGWPAR5","sector","resid heating","ghg","CH4","Year",2005,"Vint_2005","GHG emissions - (MTCO2eq)",5.3198373928
"NoRusGas_ModelOptimal","EU-12","EU-12","emissGHGBySectorBuildingsGWPAR5","sector","resid others","ghg","CH4","Year",2005,"Vint_2005","GHG emissions - (MTCO2eq)",3.393394088
"NoRusGas_ModelOptimal","EU-12","EU-12","emissGHGBySectorBuildingsGWPAR5","sector","comm cooling","ghg","HFCs","Year",2005,"Vint_2005","GHG emissions - (MTCO2eq)",3.71036061
"NoRusGas_ModelOptimal","EU-12","EU-12","emissGHGBySectorBuildingsGWPAR5","sector","resid cooling","ghg","HFCs","Year",2005,"Vint_2005","GHG emissions - (MTCO2eq)",4.3980870915
"NoRusGas_ModelOptimal","EU-12","EU-12","emissGHGBySectorBuildingsGWPAR5","sector","comm heating","ghg","N2O","Year",2005,"Vint_2005","GHG emissions - (MTCO2eq)",0.0323336835
"NoRusGas_ModelOptimal","EU-12","EU-12","emissGHGBySectorBuildingsGWPAR5","sector","comm others","ghg","N2O","Year",2005,"Vint_2005","GHG emissions - (MTCO2eq)",0.01186565855
"NoRusGas_ModelOptimal","EU-12","EU-12","emissGHGBySectorBuildingsGWPAR5","sector","resid heating","ghg","N2O","Year",2005,"Vint_2005","GHG emissions - (MTCO2eq)",0.5124757355
"NoRusGas_ModelOptimal","EU-12","EU-12","emissGHGBySectorBuildingsGWPAR5","sector","resid others","ghg","N2O","Year",2005,"Vint_2005","GHG emissions - (MTCO2eq)",0.0760116195
"NoRusGas_ModelOptimal","EU-12","EU-12","emissGHGBySectorBuildingsGWPAR5","sector","comm heating","ghg","CH4","Year",2010,"Vint_2010","GHG emissions - (MTCO2eq)",0.9045967308
"NoRusGas_ModelOptimal","EU-12","EU-12","emissGHGBySectorBuildingsGWPAR5","sector","comm others","ghg","CH4","Year",2010,"Vint_2010","GHG emissions - (MTCO2eq)",0.7500652516
"NoRusGas_ModelOptimal","EU-12","EU-12","emissGHGBySectorBuildingsGWPAR5","sector","resid heating","ghg","CH4","Year",2010,"Vint_2010","GHG emissions - (MTCO2eq)",5.8252315576
"NoRusGas_ModelOptimal","EU-12","EU-12","emissGHGBySectorBuildingsGWPAR5","sector","resid others","ghg","CH4","Year",2010,"Vint_2010","GHG emissions - (MTCO2eq)",3.5144716544
"NoRusGas_ModelOptimal","EU-12","EU-12","emissGHGBySectorBuildingsGWPAR5","sector","comm cooling","ghg","HFCs","Year",2010,"Vint_2010","GHG emissions - (MTCO2eq)",6.985374409125
"NoRusGas_ModelOptimal","EU-12","EU-12","emissGHGBySectorBuildingsGWPAR5","sector","resid cooling","ghg","HFCs","Year",2010,"Vint_2010","GHG emissions - (MTCO2eq)",7.27715258055
"NoRusGas_ModelOptimal","EU-12","EU-12","emissGHGBySectorBuildingsGWPAR5","sector","comm heating","ghg","N2O","Year",2010,"Vint_2010","GHG emissions - (MTCO2eq)",0.038696625
"NoRusGas_ModelOptimal","EU-12","EU-12","emissGHGBySectorBuildingsGWPAR5","sector","comm others","ghg","N2O","Year",2010,"Vint_2010","GHG emissions - (MTCO2eq)",0.0133352346
"NoRusGas_ModelOptimal","EU-12","EU-12","emissGHGBySectorBuildingsGWPAR5","sector","resid heating","ghg","N2O","Year",2010,"Vint_2010","GHG emissions - (MTCO2eq)",0.619130259
"NoRusGas_ModelOptimal","EU-12","EU-12","emissGHGBySectorBuildingsGWPAR5","sector","resid others","ghg","N2O","Year",2010,"Vint_2010","GHG emissions - (MTCO2eq)",0.084393596
"NoRusGas_ModelOptimal","EU-12","EU-12","emissGHGBySectorBuildingsGWPAR5","sector","comm heating","ghg","CH4","Year",2015,"Vint_2015","GHG emissions - (MTCO2eq)",0.7475560708
"NoRusGas_ModelOptimal","EU-12","EU-12","emissGHGBySectorBuildingsGWPAR5","sector","comm others","ghg","CH4","Year",2015,"Vint_2015","GHG emissions - (MTCO2eq)",0.6197077488
"NoRusGas_ModelOptimal","EU-12","EU-12","emissGHGBySectorBuildingsGWPAR5","sector","resid heating","ghg","CH4","Year",2015,"Vint_2015","GHG emissions - (MTCO2eq)",5.001185266
"NoRusGas_ModelOptimal","EU-12","EU-12","emissGHGBySectorBuildingsGWPAR5","sector","resid others","ghg","CH4","Year",2015,"Vint_2015","GHG emissions - (MTCO2eq)",3.0403032156
"NoRusGas_ModelOptimal","EU-12","EU-12","emissGHGBySectorBuildingsGWPAR5","sector","comm cooling","ghg","HFCs","Year",2015,"Vint_2015","GHG emissions - (MTCO2eq)",9.44097869655
"NoRusGas_ModelOptimal","EU-12","EU-12","emissGHGBySectorBuildingsGWPAR5","sector","resid cooling","ghg","HFCs","Year",2015,"Vint_2015","GHG emissions - (MTCO2eq)",9.8353477512
"NoRusGas_ModelOptimal","EU-12","EU-12","emissGHGBySectorBuildingsGWPAR5","sector","comm heating","ghg","N2O","Year",2015,"Vint_2015","GHG emissions - (MTCO2eq)",0.0320358712
"NoRusGas_ModelOptimal","EU-12","EU-12","emissGHGBySectorBuildingsGWPAR5","sector","comm others","ghg","N2O","Year",2015,"Vint_2015","GHG emissions - (MTCO2eq)",0.01014688975
"NoRusGas_ModelOptimal","EU-12","EU-12","emissGHGBySectorBuildingsGWPAR5","sector","resid heating","ghg","N2O","Year",2015,"Vint_2015","GHG emissions - (MTCO2eq)",0.577266195
"NoRusGas_ModelOptimal","EU-12","EU-12","emissGHGBySectorBuildingsGWPAR5","sector","resid others","ghg","N2O","Year",2015,"Vint_2015","GHG emissions - (MTCO2eq)",0.0772517665
"NoRusGas_ModelOptimal","EU-12","EU-12","emissGHGBySectorBuildingsGWPAR5","sector","comm heating","ghg","CH4","Year",2020,"Vint_2020","GHG emissions - (MTCO2eq)",0.9787420636
"NoRusGas_ModelOptimal","EU-12","EU-12","emissGHGBySectorBuildingsGWPAR5","sector","comm others","ghg","CH4","Year",2020,"Vint_2020","GHG emissions - (MTCO2eq)",0.7988075956
"NoRusGas_ModelOptimal","EU-12","EU-12","emissGHGBySectorBuildingsGWPAR5","sector","resid heating","ghg","CH4","Year",2020,"Vint_2020","GHG emissions - (MTCO2eq)",5.0568091336
"NoRusGas_ModelOptimal","EU-12","EU-12","emissGHGBySectorBuildingsGWPAR5","sector","resid others","ghg","CH4","Year",2020,"Vint_2020","GHG emissions - (MTCO2eq)",3.3596391696
"NoRusGas_ModelOptimal","EU-12","EU-12","emissGHGBySectorBuildingsGWPAR5","sector","comm cooling","ghg","HFCs","Year",2020,"Vint_2020","GHG emissions - (MTCO2eq)",10.91739543705
"NoRusGas_ModelOptimal","EU-12","EU-12","emissGHGBySectorBuildingsGWPAR5","sector","resid cooling","ghg","HFCs","Year",2020,"Vint_2020","GHG emissions - (MTCO2eq)",10.5982722945
"NoRusGas_ModelOptimal","EU-12","EU-12","emissGHGBySectorBuildingsGWPAR5","sector","comm heating","ghg","N2O","Year",2020,"Vint_2020","GHG emissions - (MTCO2eq)",0.0345982145
"NoRusGas_ModelOptimal","EU-12","EU-12","emissGHGBySectorBuildingsGWPAR5","sector","comm others","ghg","N2O","Year",2020,"Vint_2020","GHG emissions - (MTCO2eq)",0.01121975285
"NoRusGas_ModelOptimal","EU-12","EU-12","emissGHGBySectorBuildingsGWPAR5","sector","resid heating","ghg","N2O","Year",2020,"Vint_2020","GHG emissions - (MTCO2eq)",0.5357190445
"NoRusGas_ModelOptimal","EU-12","EU-12","emissGHGBySectorBuildingsGWPAR5","sector","resid others","ghg","N2O","Year",2020,"Vint_2020","GHG emissions - (MTCO2eq)",0.0706777525
"NoRusGas_ModelOptimal","EU-12","EU-12","emissGHGBySectorBuildingsGWPAR5","sector","comm heating","ghg","CH4","Year",2025,"Vint_2025","GHG emissions - (MTCO2eq)",0.80124759848
"NoRusGas_ModelOptimal","EU-12","EU-12","emissGHGBySectorBuildingsGWPAR5","sector","comm others","ghg","CH4","Year",2025,"Vint_2025","GHG emissions - (MTCO2eq)",0.343731360588
"NoRusGas_ModelOptimal","EU-12","EU-12","emissGHGBySectorBuildingsGWPAR5","sector","resid heating","ghg","CH4","Year",2025,"Vint_2025","GHG emissions - (MTCO2eq)",6.830037186
"NoRusGas_ModelOptimal","EU-12","EU-12","emissGHGBySectorBuildingsGWPAR5","sector","resid others","ghg","CH4","Year",2025,"Vint_2025","GHG emissions - (MTCO2eq)",1.690551478
"NoRusGas_ModelOptimal","EU-12","EU-12","emissGHGBySectorBuildingsGWPAR5","sector","comm cooling","ghg","HFCs","Year",2025,"Vint_2025","GHG emissions - (MTCO2eq)",8.156553168735
"NoRusGas_ModelOptimal","EU-12","EU-12","emissGHGBySectorBuildingsGWPAR5","sector","resid cooling","ghg","HFCs","Year",2025,"Vint_2025","GHG emissions - (MTCO2eq)",7.175215724895
"NoRusGas_ModelOptimal","EU-12","EU-12","emissGHGBySectorBuildingsGWPAR5","sector","comm heating","ghg","N2O","Year",2025,"Vint_2025","GHG emissions - (MTCO2eq)",0.05113985105
"NoRusGas_ModelOptimal","EU-12","EU-12","emissGHGBySectorBuildingsGWPAR5","sector","comm others","ghg","N2O","Year",2025,"Vint_2025","GHG emissions - (MTCO2eq)",0.00669509992
"NoRusGas_ModelOptimal","EU-12","EU-12","emissGHGBySectorBuildingsGWPAR5","sector","resid heating","ghg","N2O","Year",2025,"Vint_2025","GHG emissions - (MTCO2eq)",0.84586256565
"NoRusGas_ModelOptimal","EU-12","EU-12","emissGHGBySectorBuildingsGWPAR5","sector","resid others","ghg","N2O","Year",2025,"Vint_2025","GHG emissions - (MTCO2eq)",0.062340974665
"NoRusGas_ModelOptimal","EU-12","EU-12","emissGHGBySectorBuildingsGWPAR5","sector","comm heating","ghg","CH4","Year",2030,"Vint_2030","GHG emissions - (MTCO2eq)",0.94450291292
"NoRusGas_ModelOptimal","EU-12","EU-12","emissGHGBySectorBuildingsGWPAR5","sector","comm others","ghg","CH4","Year",2030,"Vint_2030","GHG emissions - (MTCO2eq)",0.44469501328
"NoRusGas_ModelOptimal","EU-12","EU-12","emissGHGBySectorBuildingsGWPAR5","sector","resid heating","ghg","CH4","Year",2030,"Vint_2030","GHG emissions - (MTCO2eq)",6.9093302152
"NoRusGas_ModelOptimal","EU-12","EU-12","emissGHGBySectorBuildingsGWPAR5","sector","resid others","ghg","CH4","Year",2030,"Vint_2030","GHG emissions - (MTCO2eq)",1.9543393856
"NoRusGas_ModelOptimal","EU-12","EU-12","emissGHGBySectorBuildingsGWPAR5","sector","comm cooling","ghg","HFCs","Year",2030,"Vint_2030","GHG emissions - (MTCO2eq)",8.58876124167
"NoRusGas_ModelOptimal","EU-12","EU-12","emissGHGBySectorBuildingsGWPAR5","sector","resid cooling","ghg","HFCs","Year",2030,"Vint_2030","GHG emissions - (MTCO2eq)",7.324643132325
"NoRusGas_ModelOptimal","EU-12","EU-12","emissGHGBySectorBuildingsGWPAR5","sector","comm heating","ghg","N2O","Year",2030,"Vint_2030","GHG emissions - (MTCO2eq)",0.0541247872
"NoRusGas_ModelOptimal","EU-12","EU-12","emissGHGBySectorBuildingsGWPAR5","sector","comm others","ghg","N2O","Year",2030,"Vint_2030","GHG emissions - (MTCO2eq)",0.0075722796
"NoRusGas_ModelOptimal","EU-12","EU-12","emissGHGBySectorBuildingsGWPAR5","sector","resid heating","ghg","N2O","Year",2030,"Vint_2030","GHG emissions - (MTCO2eq)",0.8369924035
"NoRusGas_ModelOptimal","EU-12","EU-12","emissGHGBySectorBuildingsGWPAR5","sector","resid others","ghg","N2O","Year",2030,"Vint_2030","GHG emissions - (MTCO2eq)",0.06548662245
"NoRusGas_ModelOptimal","EU-15","EU-15","emissGHGBySectorBuildingsGWPAR5","sector","comm cooling","ghg","CH4","Year",1990,"Vint_1990","GHG emissions - (MTCO2eq)",9.358272e-07
"NoRusGas_ModelOptimal","EU-15","EU-15","emissGHGBySectorBuildingsGWPAR5","sector","comm heating","ghg","CH4","Year",1990,"Vint_1990","GHG emissions - (MTCO2eq)",0.90539974
"NoRusGas_ModelOptimal","EU-15","EU-15","emissGHGBySectorBuildingsGWPAR5","sector","comm others","ghg","CH4","Year",1990,"Vint_1990","GHG emissions - (MTCO2eq)",0.9543154852
"NoRusGas_ModelOptimal","EU-15","EU-15","emissGHGBySectorBuildingsGWPAR5","sector","resid heating","ghg","CH4","Year",1990,"Vint_1990","GHG emissions - (MTCO2eq)",13.2211212
"NoRusGas_ModelOptimal","EU-15","EU-15","emissGHGBySectorBuildingsGWPAR5","sector","resid others","ghg","CH4","Year",1990,"Vint_1990","GHG emissions - (MTCO2eq)",4.29458792
"NoRusGas_ModelOptimal","EU-15","EU-15","emissGHGBySectorBuildingsGWPAR5","sector","comm cooling","ghg","HFCs","Year",1990,"Vint_1990","GHG emissions - (MTCO2eq)",0.00634613715
"NoRusGas_ModelOptimal","EU-15","EU-15","emissGHGBySectorBuildingsGWPAR5","sector","resid cooling","ghg","HFCs","Year",1990,"Vint_1990","GHG emissions - (MTCO2eq)",0.00925803765
"NoRusGas_ModelOptimal","EU-15","EU-15","emissGHGBySectorBuildingsGWPAR5","sector","comm heating","ghg","N2O","Year",1990,"Vint_1990","GHG emissions - (MTCO2eq)",0.2139506915
"NoRusGas_ModelOptimal","EU-15","EU-15","emissGHGBySectorBuildingsGWPAR5","sector","comm others","ghg","N2O","Year",1990,"Vint_1990","GHG emissions - (MTCO2eq)",0.12139092705
"NoRusGas_ModelOptimal","EU-15","EU-15","emissGHGBySectorBuildingsGWPAR5","sector","resid heating","ghg","N2O","Year",1990,"Vint_1990","GHG emissions - (MTCO2eq)",1.026906535
"NoRusGas_ModelOptimal","EU-15","EU-15","emissGHGBySectorBuildingsGWPAR5","sector","resid others","ghg","N2O","Year",1990,"Vint_1990","GHG emissions - (MTCO2eq)",0.5108872725
"NoRusGas_ModelOptimal","EU-15","EU-15","emissGHGBySectorBuildingsGWPAR5","sector","comm cooling","ghg","CH4","Year",2005,"Vint_2005","GHG emissions - (MTCO2eq)",1.4845796e-06
"NoRusGas_ModelOptimal","EU-15","EU-15","emissGHGBySectorBuildingsGWPAR5","sector","comm heating","ghg","CH4","Year",2005,"Vint_2005","GHG emissions - (MTCO2eq)",1.3069149044
"NoRusGas_ModelOptimal","EU-15","EU-15","emissGHGBySectorBuildingsGWPAR5","sector","comm others","ghg","CH4","Year",2005,"Vint_2005","GHG emissions - (MTCO2eq)",1.45719570388
"NoRusGas_ModelOptimal","EU-15","EU-15","emissGHGBySectorBuildingsGWPAR5","sector","resid heating","ghg","CH4","Year",2005,"Vint_2005","GHG emissions - (MTCO2eq)",14.02299864
"NoRusGas_ModelOptimal","EU-15","EU-15","emissGHGBySectorBuildingsGWPAR5","sector","resid others","ghg","CH4","Year",2005,"Vint_2005","GHG emissions - (MTCO2eq)",4.77278816
"NoRusGas_ModelOptimal","EU-15","EU-15","emissGHGBySectorBuildingsGWPAR5","sector","comm cooling","ghg","HFCs","Year",2005,"Vint_2005","GHG emissions - (MTCO2eq)",35.2164460815
"NoRusGas_ModelOptimal","EU-15","EU-15","emissGHGBySectorBuildingsGWPAR5","sector","resid cooling","ghg","HFCs","Year",2005,"Vint_2005","GHG emissions - (MTCO2eq)",40.2945751665
"NoRusGas_ModelOptimal","EU-15","EU-15","emissGHGBySectorBuildingsGWPAR5","sector","comm heating","ghg","N2O","Year",2005,"Vint_2005","GHG emissions - (MTCO2eq)",0.121062918
"NoRusGas_ModelOptimal","EU-15","EU-15","emissGHGBySectorBuildingsGWPAR5","sector","comm others","ghg","N2O","Year",2005,"Vint_2005","GHG emissions - (MTCO2eq)",0.11144471385
"NoRusGas_ModelOptimal","EU-15","EU-15","emissGHGBySectorBuildingsGWPAR5","sector","resid heating","ghg","N2O","Year",2005,"Vint_2005","GHG emissions - (MTCO2eq)",1.20924005
"NoRusGas_ModelOptimal","EU-15","EU-15","emissGHGBySectorBuildingsGWPAR5","sector","resid others","ghg","N2O","Year",2005,"Vint_2005","GHG emissions - (MTCO2eq)",0.33190773
"NoRusGas_ModelOptimal","EU-15","EU-15","emissGHGBySectorBuildingsGWPAR5","sector","comm cooling","ghg","CH4","Year",2010,"Vint_2010","GHG emissions - (MTCO2eq)",1.4337344e-06
"NoRusGas_ModelOptimal","EU-15","EU-15","emissGHGBySectorBuildingsGWPAR5","sector","comm heating","ghg","CH4","Year",2010,"Vint_2010","GHG emissions - (MTCO2eq)",1.2519667076
"NoRusGas_ModelOptimal","EU-15","EU-15","emissGHGBySectorBuildingsGWPAR5","sector","comm others","ghg","CH4","Year",2010,"Vint_2010","GHG emissions - (MTCO2eq)",1.39614863668
"NoRusGas_ModelOptimal","EU-15","EU-15","emissGHGBySectorBuildingsGWPAR5","sector","resid heating","ghg","CH4","Year",2010,"Vint_2010","GHG emissions - (MTCO2eq)",13.399876
"NoRusGas_ModelOptimal","EU-15","EU-15","emissGHGBySectorBuildingsGWPAR5","sector","resid others","ghg","CH4","Year",2010,"Vint_2010","GHG emissions - (MTCO2eq)",4.391607332
"NoRusGas_ModelOptimal","EU-15","EU-15","emissGHGBySectorBuildingsGWPAR5","sector","comm cooling","ghg","HFCs","Year",2010,"Vint_2010","GHG emissions - (MTCO2eq)",48.180115125
"NoRusGas_ModelOptimal","EU-15","EU-15","emissGHGBySectorBuildingsGWPAR5","sector","resid cooling","ghg","HFCs","Year",2010,"Vint_2010","GHG emissions - (MTCO2eq)",51.009788475
"NoRusGas_ModelOptimal","EU-15","EU-15","emissGHGBySectorBuildingsGWPAR5","sector","comm heating","ghg","N2O","Year",2010,"Vint_2010","GHG emissions - (MTCO2eq)",0.1151708815
"NoRusGas_ModelOptimal","EU-15","EU-15","emissGHGBySectorBuildingsGWPAR5","sector","comm others","ghg","N2O","Year",2010,"Vint_2010","GHG emissions - (MTCO2eq)",0.09928139935
"NoRusGas_ModelOptimal","EU-15","EU-15","emissGHGBySectorBuildingsGWPAR5","sector","resid heating","ghg","N2O","Year",2010,"Vint_2010","GHG emissions - (MTCO2eq)",1.432673475
"NoRusGas_ModelOptimal","EU-15","EU-15","emissGHGBySectorBuildingsGWPAR5","sector","resid others","ghg","N2O","Year",2010,"Vint_2010","GHG emissions - (MTCO2eq)",0.363639625
"NoRusGas_ModelOptimal","EU-15","EU-15","emissGHGBySectorBuildingsGWPAR5","sector","comm cooling","ghg","CH4","Year",2015,"Vint_2015","GHG emissions - (MTCO2eq)",1.1746084e-06
"NoRusGas_ModelOptimal","EU-15","EU-15","emissGHGBySectorBuildingsGWPAR5","sector","comm heating","ghg","CH4","Year",2015,"Vint_2015","GHG emissions - (MTCO2eq)",1.0416290612
"NoRusGas_ModelOptimal","EU-15","EU-15","emissGHGBySectorBuildingsGWPAR5","sector","comm others","ghg","CH4","Year",2015,"Vint_2015","GHG emissions - (MTCO2eq)",1.14788355472
"NoRusGas_ModelOptimal","EU-15","EU-15","emissGHGBySectorBuildingsGWPAR5","sector","resid heating","ghg","CH4","Year",2015,"Vint_2015","GHG emissions - (MTCO2eq)",10.18740436
"NoRusGas_ModelOptimal","EU-15","EU-15","emissGHGBySectorBuildingsGWPAR5","sector","resid others","ghg","CH4","Year",2015,"Vint_2015","GHG emissions - (MTCO2eq)",3.15784672
"NoRusGas_ModelOptimal","EU-15","EU-15","emissGHGBySectorBuildingsGWPAR5","sector","comm cooling","ghg","HFCs","Year",2015,"Vint_2015","GHG emissions - (MTCO2eq)",46.61355816
"NoRusGas_ModelOptimal","EU-15","EU-15","emissGHGBySectorBuildingsGWPAR5","sector","resid cooling","ghg","HFCs","Year",2015,"Vint_2015","GHG emissions - (MTCO2eq)",49.351203225
"NoRusGas_ModelOptimal","EU-15","EU-15","emissGHGBySectorBuildingsGWPAR5","sector","comm heating","ghg","N2O","Year",2015,"Vint_2015","GHG emissions - (MTCO2eq)",0.15262726675
"NoRusGas_ModelOptimal","EU-15","EU-15","emissGHGBySectorBuildingsGWPAR5","sector","comm others","ghg","N2O","Year",2015,"Vint_2015","GHG emissions - (MTCO2eq)",0.09821262785
"NoRusGas_ModelOptimal","EU-15","EU-15","emissGHGBySectorBuildingsGWPAR5","sector","resid heating","ghg","N2O","Year",2015,"Vint_2015","GHG emissions - (MTCO2eq)",1.327801315
"NoRusGas_ModelOptimal","EU-15","EU-15","emissGHGBySectorBuildingsGWPAR5","sector","resid others","ghg","N2O","Year",2015,"Vint_2015","GHG emissions - (MTCO2eq)",0.316718036
"NoRusGas_ModelOptimal","EU-15","EU-15","emissGHGBySectorBuildingsGWPAR5","sector","comm cooling","ghg","CH4","Year",2020,"Vint_2020","GHG emissions - (MTCO2eq)",1.011766e-06
"NoRusGas_ModelOptimal","EU-15","EU-15","emissGHGBySectorBuildingsGWPAR5","sector","comm heating","ghg","CH4","Year",2020,"Vint_2020","GHG emissions - (MTCO2eq)",1.1215890392
"NoRusGas_ModelOptimal","EU-15","EU-15","emissGHGBySectorBuildingsGWPAR5","sector","comm others","ghg","CH4","Year",2020,"Vint_2020","GHG emissions - (MTCO2eq)",1.24456092824
"NoRusGas_ModelOptimal","EU-15","EU-15","emissGHGBySectorBuildingsGWPAR5","sector","resid heating","ghg","CH4","Year",2020,"Vint_2020","GHG emissions - (MTCO2eq)",9.92869864
"NoRusGas_ModelOptimal","EU-15","EU-15","emissGHGBySectorBuildingsGWPAR5","sector","resid others","ghg","CH4","Year",2020,"Vint_2020","GHG emissions - (MTCO2eq)",3.19734016
"NoRusGas_ModelOptimal","EU-15","EU-15","emissGHGBySectorBuildingsGWPAR5","sector","comm cooling","ghg","HFCs","Year",2020,"Vint_2020","GHG emissions - (MTCO2eq)",47.24247985785
"NoRusGas_ModelOptimal","EU-15","EU-15","emissGHGBySectorBuildingsGWPAR5","sector","resid cooling","ghg","HFCs","Year",2020,"Vint_2020","GHG emissions - (MTCO2eq)",49.3152227856
"NoRusGas_ModelOptimal","EU-15","EU-15","emissGHGBySectorBuildingsGWPAR5","sector","comm heating","ghg","N2O","Year",2020,"Vint_2020","GHG emissions - (MTCO2eq)",0.14829705015
"NoRusGas_ModelOptimal","EU-15","EU-15","emissGHGBySectorBuildingsGWPAR5","sector","comm others","ghg","N2O","Year",2020,"Vint_2020","GHG emissions - (MTCO2eq)",0.0940935182
"NoRusGas_ModelOptimal","EU-15","EU-15","emissGHGBySectorBuildingsGWPAR5","sector","resid heating","ghg","N2O","Year",2020,"Vint_2020","GHG emissions - (MTCO2eq)",1.21892474
"NoRusGas_ModelOptimal","EU-15","EU-15","emissGHGBySectorBuildingsGWPAR5","sector","resid others","ghg","N2O","Year",2020,"Vint_2020","GHG emissions - (MTCO2eq)",0.29228387
"NoRusGas_ModelOptimal","EU-15","EU-15","emissGHGBySectorBuildingsGWPAR5","sector","comm cooling","ghg","CH4","Year",2025,"Vint_2025","GHG emissions - (MTCO2eq)",5.872356e-07
"NoRusGas_ModelOptimal","EU-15","EU-15","emissGHGBySectorBuildingsGWPAR5","sector","comm heating","ghg","CH4","Year",2025,"Vint_2025","GHG emissions - (MTCO2eq)",0.511515527376
"NoRusGas_ModelOptimal","EU-15","EU-15","emissGHGBySectorBuildingsGWPAR5","sector","comm others","ghg","CH4","Year",2025,"Vint_2025","GHG emissions - (MTCO2eq)",0.438128525212
"NoRusGas_ModelOptimal","EU-15","EU-15","emissGHGBySectorBuildingsGWPAR5","sector","resid heating","ghg","CH4","Year",2025,"Vint_2025","GHG emissions - (MTCO2eq)",13.45095808
"NoRusGas_ModelOptimal","EU-15","EU-15","emissGHGBySectorBuildingsGWPAR5","sector","resid others","ghg","CH4","Year",2025,"Vint_2025","GHG emissions - (MTCO2eq)",1.9136333328
"NoRusGas_ModelOptimal","EU-15","EU-15","emissGHGBySectorBuildingsGWPAR5","sector","comm cooling","ghg","HFCs","Year",2025,"Vint_2025","GHG emissions - (MTCO2eq)",32.86207036575
"NoRusGas_ModelOptimal","EU-15","EU-15","emissGHGBySectorBuildingsGWPAR5","sector","resid cooling","ghg","HFCs","Year",2025,"Vint_2025","GHG emissions - (MTCO2eq)",34.0682442183
"NoRusGas_ModelOptimal","EU-15","EU-15","emissGHGBySectorBuildingsGWPAR5","sector","comm heating","ghg","N2O","Year",2025,"Vint_2025","GHG emissions - (MTCO2eq)",0.205513928635
"NoRusGas_ModelOptimal","EU-15","EU-15","emissGHGBySectorBuildingsGWPAR5","sector","comm others","ghg","N2O","Year",2025,"Vint_2025","GHG emissions - (MTCO2eq)",0.064517374827
"NoRusGas_ModelOptimal","EU-15","EU-15","emissGHGBySectorBuildingsGWPAR5","sector","resid heating","ghg","N2O","Year",2025,"Vint_2025","GHG emissions - (MTCO2eq)",2.565856935
"NoRusGas_ModelOptimal","EU-15","EU-15","emissGHGBySectorBuildingsGWPAR5","sector","resid others","ghg","N2O","Year",2025,"Vint_2025","GHG emissions - (MTCO2eq)",0.2946489367
"NoRusGas_ModelOptimal","EU-15","EU-15","emissGHGBySectorBuildingsGWPAR5","sector","comm cooling","ghg","CH4","Year",2030,"Vint_2030","GHG emissions - (MTCO2eq)",6.109712e-07
"NoRusGas_ModelOptimal","EU-15","EU-15","emissGHGBySectorBuildingsGWPAR5","sector","comm heating","ghg","CH4","Year",2030,"Vint_2030","GHG emissions - (MTCO2eq)",0.60419881396
"NoRusGas_ModelOptimal","EU-15","EU-15","emissGHGBySectorBuildingsGWPAR5","sector","comm others","ghg","CH4","Year",2030,"Vint_2030","GHG emissions - (MTCO2eq)",0.5397818083
"NoRusGas_ModelOptimal","EU-15","EU-15","emissGHGBySectorBuildingsGWPAR5","sector","resid heating","ghg","CH4","Year",2030,"Vint_2030","GHG emissions - (MTCO2eq)",13.51185276
"NoRusGas_ModelOptimal","EU-15","EU-15","emissGHGBySectorBuildingsGWPAR5","sector","resid others","ghg","CH4","Year",2030,"Vint_2030","GHG emissions - (MTCO2eq)",2.1877034816
"NoRusGas_ModelOptimal","EU-15","EU-15","emissGHGBySectorBuildingsGWPAR5","sector","comm cooling","ghg","HFCs","Year",2030,"Vint_2030","GHG emissions - (MTCO2eq)",32.7203448516
"NoRusGas_ModelOptimal","EU-15","EU-15","emissGHGBySectorBuildingsGWPAR5","sector","resid cooling","ghg","HFCs","Year",2030,"Vint_2030","GHG emissions - (MTCO2eq)",33.60880778535
"NoRusGas_ModelOptimal","EU-15","EU-15","emissGHGBySectorBuildingsGWPAR5","sector","comm heating","ghg","N2O","Year",2030,"Vint_2030","GHG emissions - (MTCO2eq)",0.220520360825
"NoRusGas_ModelOptimal","EU-15","EU-15","emissGHGBySectorBuildingsGWPAR5","sector","comm others","ghg","N2O","Year",2030,"Vint_2030","GHG emissions - (MTCO2eq)",0.069202603235
"NoRusGas_ModelOptimal","EU-15","EU-15","emissGHGBySectorBuildingsGWPAR5","sector","resid heating","ghg","N2O","Year",2030,"Vint_2030","GHG emissions - (MTCO2eq)",2.512956045
"NoRusGas_ModelOptimal","EU-15","EU-15","emissGHGBySectorBuildingsGWPAR5","sector","resid others","ghg","N2O","Year",2030,"Vint_2030","GHG emissions - (MTCO2eq)",0.3186569297
"NoRusGas_ModelOptimal2","EU-12","EU-12","emissGHGBySectorBuildingsGWPAR5","sector","comm heating","ghg","CH4","Year",1990,"Vint_1990","GHG emissions - (MTCO2eq)",0.59534706
"NoRusGas_ModelOptimal2","EU-12","EU-12","emissGHGBySectorBuildingsGWPAR5","sector","comm others","ghg","CH4","Year",1990,"Vint_1990","GHG emissions - (MTCO2eq)",0.4567129644
"NoRusGas_ModelOptimal2","EU-12","EU-12","emissGHGBySectorBuildingsGWPAR5","sector","resid heating","ghg","CH4","Year",1990,"Vint_1990","GHG emissions - (MTCO2eq)",4.775567202
"NoRusGas_ModelOptimal2","EU-12","EU-12","emissGHGBySectorBuildingsGWPAR5","sector","resid others","ghg","CH4","Year",1990,"Vint_1990","GHG emissions - (MTCO2eq)",2.8297369716
"NoRusGas_ModelOptimal2","EU-12","EU-12","emissGHGBySectorBuildingsGWPAR5","sector","comm cooling","ghg","HFCs","Year",1990,"Vint_1990","GHG emissions - (MTCO2eq)",0.0001413315135
"NoRusGas_ModelOptimal2","EU-12","EU-12","emissGHGBySectorBuildingsGWPAR5","sector","resid cooling","ghg","HFCs","Year",1990,"Vint_1990","GHG emissions - (MTCO2eq)",0.000248276934
"NoRusGas_ModelOptimal2","EU-12","EU-12","emissGHGBySectorBuildingsGWPAR5","sector","comm heating","ghg","N2O","Year",1990,"Vint_1990","GHG emissions - (MTCO2eq)",0.1062699502
"NoRusGas_ModelOptimal2","EU-12","EU-12","emissGHGBySectorBuildingsGWPAR5","sector","comm others","ghg","N2O","Year",1990,"Vint_1990","GHG emissions - (MTCO2eq)",0.0264304799
"NoRusGas_ModelOptimal2","EU-12","EU-12","emissGHGBySectorBuildingsGWPAR5","sector","resid heating","ghg","N2O","Year",1990,"Vint_1990","GHG emissions - (MTCO2eq)",0.573271585
"NoRusGas_ModelOptimal2","EU-12","EU-12","emissGHGBySectorBuildingsGWPAR5","sector","resid others","ghg","N2O","Year",1990,"Vint_1990","GHG emissions - (MTCO2eq)",0.081083057
"NoRusGas_ModelOptimal2","EU-12","EU-12","emissGHGBySectorBuildingsGWPAR5","sector","comm heating","ghg","CH4","Year",2005,"Vint_2005","GHG emissions - (MTCO2eq)",0.874789328
"NoRusGas_ModelOptimal2","EU-12","EU-12","emissGHGBySectorBuildingsGWPAR5","sector","comm others","ghg","CH4","Year",2005,"Vint_2005","GHG emissions - (MTCO2eq)",0.725835362
"NoRusGas_ModelOptimal2","EU-12","EU-12","emissGHGBySectorBuildingsGWPAR5","sector","resid heating","ghg","CH4","Year",2005,"Vint_2005","GHG emissions - (MTCO2eq)",5.3198373928
"NoRusGas_ModelOptimal2","EU-12","EU-12","emissGHGBySectorBuildingsGWPAR5","sector","resid others","ghg","CH4","Year",2005,"Vint_2005","GHG emissions - (MTCO2eq)",3.393394088
"NoRusGas_ModelOptimal2","EU-12","EU-12","emissGHGBySectorBuildingsGWPAR5","sector","comm cooling","ghg","HFCs","Year",2005,"Vint_2005","GHG emissions - (MTCO2eq)",3.71036061
"NoRusGas_ModelOptimal2","EU-12","EU-12","emissGHGBySectorBuildingsGWPAR5","sector","resid cooling","ghg","HFCs","Year",2005,"Vint_2005","GHG emissions - (MTCO2eq)",4.3980870915
"NoRusGas_ModelOptimal2","EU-12","EU-12","emissGHGBySectorBuildingsGWPAR5","sector","comm heating","ghg","N2O","Year",2005,"Vint_2005","GHG emissions - (MTCO2eq)",0.0323336835
"NoRusGas_ModelOptimal2","EU-12","EU-12","emissGHGBySectorBuildingsGWPAR5","sector","comm others","ghg","N2O","Year",2005,"Vint_2005","GHG emissions - (MTCO2eq)",0.01186565855
"NoRusGas_ModelOptimal2","EU-12","EU-12","emissGHGBySectorBuildingsGWPAR5","sector","resid heating","ghg","N2O","Year",2005,"Vint_2005","GHG emissions - (MTCO2eq)",0.5124757355
"NoRusGas_ModelOptimal2","EU-12","EU-12","emissGHGBySectorBuildingsGWPAR5","sector","resid others","ghg","N2O","Year",2005,"Vint_2005","GHG emissions - (MTCO2eq)",0.0760116195
"NoRusGas_ModelOptimal2","EU-12","EU-12","emissGHGBySectorBuildingsGWPAR5","sector","comm heating","ghg","CH4","Year",2010,"Vint_2010","GHG emissions - (MTCO2eq)",0.9045967308
"NoRusGas_ModelOptimal2","EU-12","EU-12","emissGHGBySectorBuildingsGWPAR5","sector","comm others","ghg","CH4","Year",2010,"Vint_2010","GHG emissions - (MTCO2eq)",0.7500652516
"NoRusGas_ModelOptimal2","EU-12","EU-12","emissGHGBySectorBuildingsGWPAR5","sector","resid heating","ghg","CH4","Year",2010,"Vint_2010","GHG emissions - (MTCO2eq)",5.8252315576
"NoRusGas_ModelOptimal2","EU-12","EU-12","emissGHGBySectorBuildingsGWPAR5","sector","resid others","ghg","CH4","Year",2010,"Vint_2010","GHG emissions - (MTCO2eq)",3.5144716544
"NoRusGas_ModelOptimal2","EU-12","EU-12","emissGHGBySectorBuildingsGWPAR5","sector","comm cooling","ghg","HFCs","Year",2010,"Vint_2010","GHG emissions - (MTCO2eq)",6.985374409125
"NoRusGas_ModelOptimal2","EU-12","EU-12","emissGHGBySectorBuildingsGWPAR5","sector","resid cooling","ghg","HFCs","Year",2010,"Vint_2010","GHG emissions - (MTCO2eq)",7.27715258055
"NoRusGas_ModelOptimal2","EU-12","EU-12","emissGHGBySectorBuildingsGWPAR5","sector","comm heating","ghg","N2O","Year",2010,"Vint_2010","GHG emissions - (MTCO2eq)",0.038696625
"NoRusGas_ModelOptimal2","EU-12","EU-12","emissGHGBySectorBuildingsGWPAR5","sector","comm others","ghg","N2O","Year",2010,"Vint_2010","GHG emissions - (MTCO2eq)",0.0133352346
"NoRusGas_ModelOptimal2","EU-12","EU-12","emissGHGBySectorBuildingsGWPAR5","sector","resid heating","ghg","N2O","Year",2010,"Vint_2010","GHG emissions - (MTCO2eq)",0.619130259
"NoRusGas_ModelOptimal2","EU-12","EU-12","emissGHGBySectorBuildingsGWPAR5","sector","resid others","ghg","N2O","Year",2010,"Vint_2010","GHG emissions - (MTCO2eq)",0.084393596
"NoRusGas_ModelOptimal2","EU-12","EU-12","emissGHGBySectorBuildingsGWPAR5","sector","comm heating","ghg","CH4","Year",2015,"Vint_2015","GHG emissions - (MTCO2eq)",0.7475560708
"NoRusGas_ModelOptimal2","EU-12","EU-12","emissGHGBySectorBuildingsGWPAR5","sector","comm others","ghg","CH4","Year",2015,"Vint_2015","GHG emissions - (MTCO2eq)",0.6197077488
"NoRusGas_ModelOptimal2","EU-12","EU-12","emissGHGBySectorBuildingsGWPAR5","sector","resid heating","ghg","CH4","Year",2015,"Vint_2015","GHG emissions - (MTCO2eq)",5.001185266
"NoRusGas_ModelOptimal2","EU-12","EU-12","emissGHGBySectorBuildingsGWPAR5","sector","resid others","ghg","CH4","Year",2015,"Vint_2015","GHG emissions - (MTCO2eq)",3.0403032156
"NoRusGas_ModelOptimal2","EU-12","EU-12","emissGHGBySectorBuildingsGWPAR5","sector","comm cooling","ghg","HFCs","Year",2015,"Vint_2015","GHG emissions - (MTCO2eq)",9.44097869655
"NoRusGas_ModelOptimal2","EU-12","EU-12","emissGHGBySectorBuildingsGWPAR5","sector","resid cooling","ghg","HFCs","Year",2015,"Vint_2015","GHG emissions - (MTCO2eq)",9.8353477512
"NoRusGas_ModelOptimal2","EU-12","EU-12","emissGHGBySectorBuildingsGWPAR5","sector","comm heating","ghg","N2O","Year",2015,"Vint_2015","GHG emissions - (MTCO2eq)",0.0320358712
"NoRusGas_ModelOptimal2","EU-12","EU-12","emissGHGBySectorBuildingsGWPAR5","sector","comm others","ghg","N2O","Year",2015,"Vint_2015","GHG emissions - (MTCO2eq)",0.01014688975
"NoRusGas_ModelOptimal2","EU-12","EU-12","emissGHGBySectorBuildingsGWPAR5","sector","resid heating","ghg","N2O","Year",2015,"Vint_2015","GHG emissions - (MTCO2eq)",0.577266195
"NoRusGas_ModelOptimal2","EU-12","EU-12","emissGHGBySectorBuildingsGWPAR5","sector","resid others","ghg","N2O","Year",2015,"Vint_2015","GHG emissions - (MTCO2eq)",0.0772517665
"NoRusGas_ModelOptimal2","EU-12","EU-12","emissGHGBySectorBuildingsGWPAR5","sector","comm heating","ghg","CH4","Year",2020,"Vint_2020","GHG emissions - (MTCO2eq)",0.9787420636
"NoRusGas_ModelOptimal2","EU-12","EU-12","emissGHGBySectorBuildingsGWPAR5","sector","comm others","ghg","CH4","Year",2020,"Vint_2020","GHG emissions - (MTCO2eq)",0.7988075956
"NoRusGas_ModelOptimal2","EU-12","EU-12","emissGHGBySectorBuildingsGWPAR5","sector","resid heating","ghg","CH4","Year",2020,"Vint_2020","GHG emissions - (MTCO2eq)",5.0568091336
"NoRusGas_ModelOptimal2","EU-12","EU-12","emissGHGBySectorBuildingsGWPAR5","sector","resid others","ghg","CH4","Year",2020,"Vint_2020","GHG emissions - (MTCO2eq)",3.3596391696
"NoRusGas_ModelOptimal2","EU-12","EU-12","emissGHGBySectorBuildingsGWPAR5","sector","comm cooling","ghg","HFCs","Year",2020,"Vint_2020","GHG emissions - (MTCO2eq)",10.91739543705
"NoRusGas_ModelOptimal2","EU-12","EU-12","emissGHGBySectorBuildingsGWPAR5","sector","resid cooling","ghg","HFCs","Year",2020,"Vint_2020","GHG emissions - (MTCO2eq)",10.5982722945
"NoRusGas_ModelOptimal2","EU-12","EU-12","emissGHGBySectorBuildingsGWPAR5","sector","comm heating","ghg","N2O","Year",2020,"Vint_2020","GHG emissions - (MTCO2eq)",0.0345982145
"NoRusGas_ModelOptimal2","EU-12","EU-12","emissGHGBySectorBuildingsGWPAR5","sector","comm others","ghg","N2O","Year",2020,"Vint_2020","GHG emissions - (MTCO2eq)",0.01121975285
"NoRusGas_ModelOptimal2","EU-12","EU-12","emissGHGBySectorBuildingsGWPAR5","sector","resid heating","ghg","N2O","Year",2020,"Vint_2020","GHG emissions - (MTCO2eq)",0.5357190445
"NoRusGas_ModelOptimal2","EU-12","EU-12","emissGHGBySectorBuildingsGWPAR5","sector","resid others","ghg","N2O","Year",2020,"Vint_2020","GHG emissions - (MTCO2eq)",0.0706777525
"NoRusGas_ModelOptimal2","EU-12","EU-12","emissGHGBySectorBuildingsGWPAR5","sector","comm heating","ghg","CH4","Year",2025,"Vint_2025","GHG emissions - (MTCO2eq)",0.80124759848
"NoRusGas_ModelOptimal2","EU-12","EU-12","emissGHGBySectorBuildingsGWPAR5","sector","comm others","ghg","CH4","Year",2025,"Vint_2025","GHG emissions - (MTCO2eq)",0.343731360588
"NoRusGas_ModelOptimal2","EU-12","EU-12","emissGHGBySectorBuildingsGWPAR5","sector","resid heating","ghg","CH4","Year",2025,"Vint_2025","GHG emissions - (MTCO2eq)",6.830037186
"NoRusGas_ModelOptimal2","EU-12","EU-12","emissGHGBySectorBuildingsGWPAR5","sector","resid others","ghg","CH4","Year",2025,"Vint_2025","GHG emissions - (MTCO2eq)",1.690551478
"NoRusGas_ModelOptimal2","EU-12","EU-12","emissGHGBySectorBuildingsGWPAR5","sector","comm cooling","ghg","HFCs","Year",2025,"Vint_2025","GHG emissions - (MTCO2eq)",8.156553168735
"NoRusGas_ModelOptimal2","EU-12","EU-12","emissGHGBySectorBuildingsGWPAR5","sector","resid cooling","ghg","HFCs","Year",2025,"Vint_2025","GHG emissions - (MTCO2eq)",7.175215724895
"NoRusGas_ModelOptimal2","EU-12","EU-12","emissGHGBySectorBuildingsGWPAR5","sector","comm heating","ghg","N2O","Year",2025,"Vint_2025","GHG emissions - (MTCO2eq)",0.05113985105
"NoRusGas_ModelOptimal2","EU-12","EU-12","emissGHGBySectorBuildingsGWPAR5","sector","comm others","ghg","N2O","Year",2025,"Vint_2025","GHG emissions - (MTCO2eq)",0.00669509992
"NoRusGas_ModelOptimal2","EU-12","EU-12","emissGHGBySectorBuildingsGWPAR5","sector","resid heating","ghg","N2O","Year",2025,"Vint_2025","GHG emissions - (MTCO2eq)",0.84586256565
"NoRusGas_ModelOptimal2","EU-12","EU-12","emissGHGBySectorBuildingsGWPAR5","sector","resid others","ghg","N2O","Year",2025,"Vint_2025","GHG emissions - (MTCO2eq)",0.062340974665
"NoRusGas_ModelOptimal2","EU-12","EU-12","emissGHGBySectorBuildingsGWPAR5","sector","comm heating","ghg","CH4","Year",2030,"Vint_2030","GHG emissions - (MTCO2eq)",0.94450291292
"NoRusGas_ModelOptimal2","EU-12","EU-12","emissGHGBySectorBuildingsGWPAR5","sector","comm others","ghg","CH4","Year",2030,"Vint_2030","GHG emissions - (MTCO2eq)",0.44469501328
"NoRusGas_ModelOptimal2","EU-12","EU-12","emissGHGBySectorBuildingsGWPAR5","sector","resid heating","ghg","CH4","Year",2030,"Vint_2030","GHG emissions - (MTCO2eq)",6.9093302152
"NoRusGas_ModelOptimal2","EU-12","EU-12","emissGHGBySectorBuildingsGWPAR5","sector","resid others","ghg","CH4","Year",2030,"Vint_2030","GHG emissions - (MTCO2eq)",1.9543393856
"NoRusGas_ModelOptimal2","EU-12","EU-12","emissGHGBySectorBuildingsGWPAR5","sector","comm cooling","ghg","HFCs","Year",2030,"Vint_2030","GHG emissions - (MTCO2eq)",8.58876124167
"NoRusGas_ModelOptimal2","EU-12","EU-12","emissGHGBySectorBuildingsGWPAR5","sector","resid cooling","ghg","HFCs","Year",2030,"Vint_2030","GHG emissions - (MTCO2eq)",7.324643132325
"NoRusGas_ModelOptimal2","EU-12","EU-12","emissGHGBySectorBuildingsGWPAR5","sector","comm heating","ghg","N2O","Year",2030,"Vint_2030","GHG emissions - (MTCO2eq)",0.0541247872
"NoRusGas_ModelOptimal2","EU-12","EU-12","emissGHGBySectorBuildingsGWPAR5","sector","comm others","ghg","N2O","Year",2030,"Vint_2030","GHG emissions - (MTCO2eq)",0.0075722796
"NoRusGas_ModelOptimal2","EU-12","EU-12","emissGHGBySectorBuildingsGWPAR5","sector","resid heating","ghg","N2O","Year",2030,"Vint_2030","GHG emissions - (MTCO2eq)",0.8369924035
"NoRusGas_ModelOptimal2","EU-12","EU-12","emissGHGBySectorBuildingsGWPAR5","sector","resid others","ghg","N2O","Year",2030,"Vint_2030","GHG emissions - (MTCO2eq)",0.06548662245
"NoRusGas_ModelOptimal2","EU-15","EU-15","emissGHGBySectorBuildingsGWPAR5","sector","comm cooling","ghg","CH4","Year",1990,"Vint_1990","GHG emissions - (MTCO2eq)",9.358272e-07
"NoRusGas_ModelOptimal2","EU-15","EU-15","emissGHGBySectorBuildingsGWPAR5","sector","comm heating","ghg","CH4","Year",1990,"Vint_1990","GHG emissions - (MTCO2eq)",0.90539974
"NoRusGas_ModelOptimal2","EU-15","EU-15","emissGHGBySectorBuildingsGWPAR5","sector","comm others","ghg","CH4","Year",1990,"Vint_1990","GHG emissions - (MTCO2eq)",0.9543154852
"NoRusGas_ModelOptimal2","EU-15","EU-15","emissGHGBySectorBuildingsGWPAR5","sector","resid heating","ghg","CH4","Year",1990,"Vint_1990","GHG emissions - (MTCO2eq)",13.2211212
"NoRusGas_ModelOptimal2","EU-15","EU-15","emissGHGBySectorBuildingsGWPAR5","sector","resid others","ghg","CH4","Year",1990,"Vint_1990","GHG emissions - (MTCO2eq)",4.29458792
"NoRusGas_ModelOptimal2","EU-15","EU-15","emissGHGBySectorBuildingsGWPAR5","sector","comm cooling","ghg","HFCs","Year",1990,"Vint_1990","GHG emissions - (MTCO2eq)",0.00634613715
"NoRusGas_ModelOptimal2","EU-15","EU-15","emissGHGBySectorBuildingsGWPAR5","sector","resid cooling","ghg","HFCs","Year",1990,"Vint_1990","GHG emissions - (MTCO2eq)",0.00925803765
"NoRusGas_ModelOptimal2","EU-15","EU-15","emissGHGBySectorBuildingsGWPAR5","sector","comm heating","ghg","N2O","Year",1990,"Vint_1990","GHG emissions - (MTCO2eq)",0.2139506915
"NoRusGas_ModelOptimal2","EU-15","EU-15","emissGHGBySectorBuildingsGWPAR5","sector","comm others","ghg","N2O","Year",1990,"Vint_1990","GHG emissions - (MTCO2eq)",0.12139092705
"NoRusGas_ModelOptimal2","EU-15","EU-15","emissGHGBySectorBuildingsGWPAR5","sector","resid heating","ghg","N2O","Year",1990,"Vint_1990","GHG emissions - (MTCO2eq)",1.026906535
"NoRusGas_ModelOptimal2","EU-15","EU-15","emissGHGBySectorBuildingsGWPAR5","sector","resid others","ghg","N2O","Year",1990,"Vint_1990","GHG emissions - (MTCO2eq)",0.5108872725
"NoRusGas_ModelOptimal2","EU-15","EU-15","emissGHGBySectorBuildingsGWPAR5","sector","comm cooling","ghg","CH4","Year",2005,"Vint_2005","GHG emissions - (MTCO2eq)",1.4845796e-06
"NoRusGas_ModelOptimal2","EU-15","EU-15","emissGHGBySectorBuildingsGWPAR5","sector","comm heating","ghg","CH4","Year",2005,"Vint_2005","GHG emissions - (MTCO2eq)",1.3069149044
"NoRusGas_ModelOptimal2","EU-15","EU-15","emissGHGBySectorBuildingsGWPAR5","sector","comm others","ghg","CH4","Year",2005,"Vint_2005","GHG emissions - (MTCO2eq)",1.45719570388
"NoRusGas_ModelOptimal2","EU-15","EU-15","emissGHGBySectorBuildingsGWPAR5","sector","resid heating","ghg","CH4","Year",2005,"Vint_2005","GHG emissions - (MTCO2eq)",14.02299864
"NoRusGas_ModelOptimal2","EU-15","EU-15","emissGHGBySectorBuildingsGWPAR5","sector","resid others","ghg","CH4","Year",2005,"Vint_2005","GHG emissions - (MTCO2eq)",4.77278816
"NoRusGas_ModelOptimal2","EU-15","EU-15","emissGHGBySectorBuildingsGWPAR5","sector","comm cooling","ghg","HFCs","Year",2005,"Vint_2005","GHG emissions - (MTCO2eq)",35.2164460815
"NoRusGas_ModelOptimal2","EU-15","EU-15","emissGHGBySectorBuildingsGWPAR5","sector","resid cooling","ghg","HFCs","Year",2005,"Vint_2005","GHG emissions - (MTCO2eq)",40.2945751665
"NoRusGas_ModelOptimal2","EU-15","EU-15","emissGHGBySectorBuildingsGWPAR5","sector","comm heating","ghg","N2O","Year",2005,"Vint_2005","GHG emissions - (MTCO2eq)",0.121062918
"NoRusGas_ModelOptimal2","EU-15","EU-15","emissGHGBySectorBuildingsGWPAR5","sector","comm others","ghg","N2O","Year",2005,"Vint_2005","GHG emissions - (MTCO2eq)",0.11144471385
"NoRusGas_ModelOptimal2","EU-15","EU-15","emissGHGBySectorBuildingsGWPAR5","sector","resid heating","ghg","N2O","Year",2005,"Vint_2005","GHG emissions - (MTCO2eq)",1.20924005
"NoRusGas_ModelOptimal2","EU-15","EU-15","emissGHGBySectorBuildingsGWPAR5","sector","resid others","ghg","N2O","Year",2005,"Vint_2005","GHG emissions - (MTCO2eq)",0.33190773
"NoRusGas_ModelOptimal2","EU-15","EU-15","emissGHGBySectorBuildingsGWPAR5","sector","comm cooling","ghg","CH4","Year",2010,"Vint_2010","GHG emissions - (MTCO2eq)",1.4337344e-06
"NoRusGas_ModelOptimal2","EU-15","EU-15","emissGHGBySectorBuildingsGWPAR5","sector","comm heating","ghg","CH4","Year",2010,"Vint_2010","GHG emissions - (MTCO2eq)",1.2519667076
"NoRusGas_ModelOptimal2","EU-15","EU-15","emissGHGBySectorBuildingsGWPAR5","sector","comm others","ghg","CH4","Year",2010,"Vint_2010","GHG emissions - (MTCO2eq)",1.39614863668
"NoRusGas_ModelOptimal2","EU-15","EU-15","emissGHGBySectorBuildingsGWPAR5","sector","resid heating","ghg","CH4","Year",2010,"Vint_2010","GHG emissions - (MTCO2eq)",13.399876
"NoRusGas_ModelOptimal2","EU-15","EU-15","emissGHGBySectorBuildingsGWPAR5","sector","resid others","ghg","CH4","Year",2010,"Vint_2010","GHG emissions - (MTCO2eq)",4.391607332
"NoRusGas_ModelOptimal2","EU-15","EU-15","emissGHGBySectorBuildingsGWPAR5","sector","comm cooling","ghg","HFCs","Year",2010,"Vint_2010","GHG emissions - (MTCO2eq)",48.180115125
"NoRusGas_ModelOptimal2","EU-15","EU-15","emissGHGBySectorBuildingsGWPAR5","sector","resid cooling","ghg","HFCs","Year",2010,"Vint_2010","GHG emissions - (MTCO2eq)",51.009788475
"NoRusGas_ModelOptimal2","EU-15","EU-15","emissGHGBySectorBuildingsGWPAR5","sector","comm heating","ghg","N2O","Year",2010,"Vint_2010","GHG emissions - (MTCO2eq)",0.1151708815
"NoRusGas_ModelOptimal2","EU-15","EU-15","emissGHGBySectorBuildingsGWPAR5","sector","comm others","ghg","N2O","Year",2010,"Vint_2010","GHG emissions - (MTCO2eq)",0.09928139935
"NoRusGas_ModelOptimal2","EU-15","EU-15","emissGHGBySectorBuildingsGWPAR5","sector","resid heating","ghg","N2O","Year",2010,"Vint_2010","GHG emissions - (MTCO2eq)",1.432673475
"NoRusGas_ModelOptimal2","EU-15","EU-15","emissGHGBySectorBuildingsGWPAR5","sector","resid others","ghg","N2O","Year",2010,"Vint_2010","GHG emissions - (MTCO2eq)",0.363639625
"NoRusGas_ModelOptimal2","EU-15","EU-15","emissGHGBySectorBuildingsGWPAR5","sector","comm cooling","ghg","CH4","Year",2015,"Vint_2015","GHG emissions - (MTCO2eq)",1.1746084e-06
"NoRusGas_ModelOptimal2","EU-15","EU-15","emissGHGBySectorBuildingsGWPAR5","sector","comm heating","ghg","CH4","Year",2015,"Vint_2015","GHG emissions - (MTCO2eq)",1.0416290612
"NoRusGas_ModelOptimal2","EU-15","EU-15","emissGHGBySectorBuildingsGWPAR5","sector","comm others","ghg","CH4","Year",2015,"Vint_2015","GHG emissions - (MTCO2eq)",1.14788355472
"NoRusGas_ModelOptimal2","EU-15","EU-15","emissGHGBySectorBuildingsGWPAR5","sector","resid heating","ghg","CH4","Year",2015,"Vint_2015","GHG emissions - (MTCO2eq)",10.18740436
"NoRusGas_ModelOptimal2","EU-15","EU-15","emissGHGBySectorBuildingsGWPAR5","sector","resid others","ghg","CH4","Year",2015,"Vint_2015","GHG emissions - (MTCO2eq)",3.15784672
"NoRusGas_ModelOptimal2","EU-15","EU-15","emissGHGBySectorBuildingsGWPAR5","sector","comm cooling","ghg","HFCs","Year",2015,"Vint_2015","GHG emissions - (MTCO2eq)",46.61355816
"NoRusGas_ModelOptimal2","EU-15","EU-15","emissGHGBySectorBuildingsGWPAR5","sector","resid cooling","ghg","HFCs","Year",2015,"Vint_2015","GHG emissions - (MTCO2eq)",49.351203225
"NoRusGas_ModelOptimal2","EU-15","EU-15","emissGHGBySectorBuildingsGWPAR5","sector","comm heating","ghg","N2O","Year",2015,"Vint_2015","GHG emissions - (MTCO2eq)",0.15262726675
"NoRusGas_ModelOptimal2","EU-15","EU-15","emissGHGBySectorBuildingsGWPAR5","sector","comm others","ghg","N2O","Year",2015,"Vint_2015","GHG emissions - (MTCO2eq)",0.09821262785
"NoRusGas_ModelOptimal2","EU-15","EU-15","emissGHGBySectorBuildingsGWPAR5","sector","resid heating","ghg","N2O","Year",2015,"Vint_2015","GHG emissions - (MTCO2eq)",1.327801315
"NoRusGas_ModelOptimal2","EU-15","EU-15","emissGHGBySectorBuildingsGWPAR5","sector","resid others","ghg","N2O","Year",2015,"Vint_2015","GHG emissions - (MTCO2eq)",0.316718036
"NoRusGas_ModelOptimal2","EU-15","EU-15","emissGHGBySectorBuildingsGWPAR5","sector","comm cooling","ghg","CH4","Year",2020,"Vint_2020","GHG emissions - (MTCO2eq)",1.011766e-06
"NoRusGas_ModelOptimal2","EU-15","EU-15","emissGHGBySectorBuildingsGWPAR5","sector","comm heating","ghg","CH4","Year",2020,"Vint_2020","GHG emissions - (MTCO2eq)",1.1215890392
"NoRusGas_ModelOptimal2","EU-15","EU-15","emissGHGBySectorBuildingsGWPAR5","sector","comm others","ghg","CH4","Year",2020,"Vint_2020","GHG emissions - (MTCO2eq)",1.24456092824
"NoRusGas_ModelOptimal2","EU-15","EU-15","emissGHGBySectorBuildingsGWPAR5","sector","resid heating","ghg","CH4","Year",2020,"Vint_2020","GHG emissions - (MTCO2eq)",9.92869864
"NoRusGas_ModelOptimal2","EU-15","EU-15","emissGHGBySectorBuildingsGWPAR5","sector","resid others","ghg","CH4","Year",2020,"Vint_2020","GHG emissions - (MTCO2eq)",3.19734016
"NoRusGas_ModelOptimal2","EU-15","EU-15","emissGHGBySectorBuildingsGWPAR5","sector","comm cooling","ghg","HFCs","Year",2020,"Vint_2020","GHG emissions - (MTCO2eq)",47.24247985785
"NoRusGas_ModelOptimal2","EU-15","EU-15","emissGHGBySectorBuildingsGWPAR5","sector","resid cooling","ghg","HFCs","Year",2020,"Vint_2020","GHG emissions - (MTCO2eq)",49.3152227856
"NoRusGas_ModelOptimal2","EU-15","EU-15","emissGHGBySectorBuildingsGWPAR5","sector","comm heating","ghg","N2O","Year",2020,"Vint_2020","GHG emissions - (MTCO2eq)",0.14829705015
"NoRusGas_ModelOptimal2","EU-15","EU-15","emissGHGBySectorBuildingsGWPAR5","sector","comm others","ghg","N2O","Year",2020,"Vint_2020","GHG emissions - (MTCO2eq)",0.0940935182
"NoRusGas_ModelOptimal2","EU-15","EU-15","emissGHGBySectorBuildingsGWPAR5","sector","resid heating","ghg","N2O","Year",2020,"Vint_2020","GHG emissions - (MTCO2eq)",1.21892474
"NoRusGas_ModelOptimal2","EU-15","EU-15","emissGHGBySectorBuildingsGWPAR5","sector","resid others","ghg","N2O","Year",2020,"Vint_2020","GHG emissions - (MTCO2eq)",0.29228387
"NoRusGas_ModelOptimal2","EU-15","EU-15","emissGHGBySectorBuildingsGWPAR5","sector","comm cooling","ghg","CH4","Year",2025,"Vint_2025","GHG emissions - (MTCO2eq)",5.872356e-07
"NoRusGas_ModelOptimal2","EU-15","EU-15","emissGHGBySectorBuildingsGWPAR5","sector","comm heating","ghg","CH4","Year",2025,"Vint_2025","GHG emissions - (MTCO2eq)",0.511515527376
"NoRusGas_ModelOptimal2","EU-15","EU-15","emissGHGBySectorBuildingsGWPAR5","sector","comm others","ghg","CH4","Year",2025,"Vint_2025","GHG emissions - (MTCO2eq)",0.438128525212
"NoRusGas_ModelOptimal2","EU-15","EU-15","emissGHGBySectorBuildingsGWPAR5","sector","resid heating","ghg","CH4","Year",2025,"Vint_2025","GHG emissions - (MTCO2eq)",13.45095808
"NoRusGas_ModelOptimal2","EU-15","EU-15","emissGHGBySectorBuildingsGWPAR5","sector","resid others","ghg","CH4","Year",2025,"Vint_2025","GHG emissions - (MTCO2eq)",1.9136333328
"NoRusGas_ModelOptimal2","EU-15","EU-15","emissGHGBySectorBuildingsGWPAR5","sector","comm cooling","ghg","HFCs","Year",2025,"Vint_2025","GHG emissions - (MTCO2eq)",32.86207036575
"NoRusGas_ModelOptimal2","EU-15","EU-15","emissGHGBySectorBuildingsGWPAR5","sector","resid cooling","ghg","HFCs","Year",2025,"Vint_2025","GHG emissions - (MTCO2eq)",34.0682442183
"NoRusGas_ModelOptimal2","EU-15","EU-15","emissGHGBySectorBuildingsGWPAR5","sector","comm heating","ghg","N2O","Year",2025,"Vint_2025","GHG emissions - (MTCO2eq)",0.205513928635
"NoRusGas_ModelOptimal2","EU-15","EU-15","emissGHGBySectorBuildingsGWPAR5","sector","comm others","ghg","N2O","Year",2025,"Vint_2025","GHG emissions - (MTCO2eq)",0.064517374827
"NoRusGas_ModelOptimal2","EU-15","EU-15","emissGHGBySectorBuildingsGWPAR5","sector","resid heating","ghg","N2O","Year",2025,"Vint_2025","GHG emissions - (MTCO2eq)",2.565856935
"NoRusGas_ModelOptimal2","EU-15","EU-15","emissGHGBySectorBuildingsGWPAR5","sector","resid others","ghg","N2O","Year",2025,"Vint_2025","GHG emissions - (MTCO2eq)",0.2946489367
"NoRusGas_ModelOptimal2","EU-15","EU-15","emissGHGBySectorBuildingsGWPAR5","sector","comm cooling","ghg","CH4","Year",2030,"Vint_2030","GHG emissions - (MTCO2eq)",6.109712e-07
"NoRusGas_ModelOptimal2","EU-15","EU-15","emissGHGBySectorBuildingsGWPAR5","sector","comm heating","ghg","CH4","Year",2030,"Vint_2030","GHG emissions - (MTCO2eq)",0.60419881396
"NoRusGas_ModelOptimal2","EU-15","EU-15","emissGHGBySectorBuildingsGWPAR5","sector","comm others","ghg","CH4","Year",2030,"Vint_2030","GHG emissions - (MTCO2eq)",0.5397818083
"NoRusGas_ModelOptimal2","EU-15","EU-15","emissGHGBySectorBuildingsGWPAR5","sector","resid heating","ghg","CH4","Year",2030,"Vint_2030","GHG emissions - (MTCO2eq)",13.51185276
"NoRusGas_ModelOptimal2","EU-15","EU-15","emissGHGBySectorBuildingsGWPAR5","sector","resid others","ghg","CH4","Year",2030,"Vint_2030","GHG emissions - (MTCO2eq)",2.1877034816
"NoRusGas_ModelOptimal2","EU-15","EU-15","emissGHGBySectorBuildingsGWPAR5","sector","comm cooling","ghg","HFCs","Year",2030,"Vint_2030","GHG emissions - (MTCO2eq)",32.7203448516
"NoRusGas_ModelOptimal2","EU-15","EU-15","emissGHGBySectorBuildingsGWPAR5","sector","resid cooling","ghg","HFCs","Year",2030,"Vint_2030","GHG emissions - (MTCO2eq)",33.60880778535
"NoRusGas_ModelOptimal2","EU-15","EU-15","emissGHGBySectorBuildingsGWPAR5","sector","comm heating","ghg","N2O","Year",2030,"Vint_2030","GHG emissions - (MTCO2eq)",0.220520360825
"NoRusGas_ModelOptimal2","EU-15","EU-15","emissGHGBySectorBuildingsGWPAR5","sector","comm others","ghg","N2O","Year",2030,"Vint_2030","GHG emissions - (MTCO2eq)",0.069202603235
"NoRusGas_ModelOptimal2","EU-15","EU-15","emissGHGBySectorBuildingsGWPAR5","sector","resid heating","ghg","N2O","Year",2030,"Vint_2030","GHG emissions - (MTCO2eq)",2.512956045
"NoRusGas_ModelOptimal2","EU-15","EU-15","emissGHGBySectorBuildingsGWPAR5","sector","resid others","ghg","N2O","Year",2030,"Vint_2030","GHG emissions - (MTCO2eq)",0.3186569297
"NoRusGas_constrained_ModelOptimal","EU-12","EU-12","emissGHGBySectorBuildingsGWPAR5","sector","comm heating","ghg","CH4","Year",1990,"Vint_1990","GHG emissions - (MTCO2eq)",0.59534706
"NoRusGas_constrained_ModelOptimal","EU-12","EU-12","emissGHGBySectorBuildingsGWPAR5","sector","comm others","ghg","CH4","Year",1990,"Vint_1990","GHG emissions - (MTCO2eq)",0.4567129644
"NoRusGas_constrained_ModelOptimal","EU-12","EU-12","emissGHGBySectorBuildingsGWPAR5","sector","resid heating","ghg","CH4","Year",1990,"Vint_1990","GHG emissions - (MTCO2eq)",4.775567202
"NoRusGas_constrained_ModelOptimal","EU-12","EU-12","emissGHGBySectorBuildingsGWPAR5","sector","resid others","ghg","CH4","Year",1990,"Vint_1990","GHG emissions - (MTCO2eq)",2.8297369716
"NoRusGas_constrained_ModelOptimal","EU-12","EU-12","emissGHGBySectorBuildingsGWPAR5","sector","comm cooling","ghg","HFCs","Year",1990,"Vint_1990","GHG emissions - (MTCO2eq)",0.0001413315135
"NoRusGas_constrained_ModelOptimal","EU-12","EU-12","emissGHGBySectorBuildingsGWPAR5","sector","resid cooling","ghg","HFCs","Year",1990,"Vint_1990","GHG emissions - (MTCO2eq)",0.000248276934
"NoRusGas_constrained_ModelOptimal","EU-12","EU-12","emissGHGBySectorBuildingsGWPAR5","sector","comm heating","ghg","N2O","Year",1990,"Vint_1990","GHG emissions - (MTCO2eq)",0.1062699502
"NoRusGas_constrained_ModelOptimal","EU-12","EU-12","emissGHGBySectorBuildingsGWPAR5","sector","comm others","ghg","N2O","Year",1990,"Vint_1990","GHG emissions - (MTCO2eq)",0.0264304799
"NoRusGas_constrained_ModelOptimal","EU-12","EU-12","emissGHGBySectorBuildingsGWPAR5","sector","resid heating","ghg","N2O","Year",1990,"Vint_1990","GHG emissions - (MTCO2eq)",0.573271585
"NoRusGas_constrained_ModelOptimal","EU-12","EU-12","emissGHGBySectorBuildingsGWPAR5","sector","resid others","ghg","N2O","Year",1990,"Vint_1990","GHG emissions - (MTCO2eq)",0.081083057
"NoRusGas_constrained_ModelOptimal","EU-12","EU-12","emissGHGBySectorBuildingsGWPAR5","sector","comm heating","ghg","CH4","Year",2005,"Vint_2005","GHG emissions - (MTCO2eq)",0.874789328
"NoRusGas_constrained_ModelOptimal","EU-12","EU-12","emissGHGBySectorBuildingsGWPAR5","sector","comm others","ghg","CH4","Year",2005,"Vint_2005","GHG emissions - (MTCO2eq)",0.725835362
"NoRusGas_constrained_ModelOptimal","EU-12","EU-12","emissGHGBySectorBuildingsGWPAR5","sector","resid heating","ghg","CH4","Year",2005,"Vint_2005","GHG emissions - (MTCO2eq)",5.3198373928
"NoRusGas_constrained_ModelOptimal","EU-12","EU-12","emissGHGBySectorBuildingsGWPAR5","sector","resid others","ghg","CH4","Year",2005,"Vint_2005","GHG emissions - (MTCO2eq)",3.393394088
"NoRusGas_constrained_ModelOptimal","EU-12","EU-12","emissGHGBySectorBuildingsGWPAR5","sector","comm cooling","ghg","HFCs","Year",2005,"Vint_2005","GHG emissions - (MTCO2eq)",3.71036061
"NoRusGas_constrained_ModelOptimal","EU-12","EU-12","emissGHGBySectorBuildingsGWPAR5","sector","resid cooling","ghg","HFCs","Year",2005,"Vint_2005","GHG emissions - (MTCO2eq)",4.3980870915
"NoRusGas_constrained_ModelOptimal","EU-12","EU-12","emissGHGBySectorBuildingsGWPAR5","sector","comm heating","ghg","N2O","Year",2005,"Vint_2005","GHG emissions - (MTCO2eq)",0.0323336835
"NoRusGas_constrained_ModelOptimal","EU-12","EU-12","emissGHGBySectorBuildingsGWPAR5","sector","comm others","ghg","N2O","Year",2005,"Vint_2005","GHG emissions - (MTCO2eq)",0.01186565855
"NoRusGas_constrained_ModelOptimal","EU-12","EU-12","emissGHGBySectorBuildingsGWPAR5","sector","resid heating","ghg","N2O","Year",2005,"Vint_2005","GHG emissions - (MTCO2eq)",0.5124757355
"NoRusGas_constrained_ModelOptimal","EU-12","EU-12","emissGHGBySectorBuildingsGWPAR5","sector","resid others","ghg","N2O","Year",2005,"Vint_2005","GHG emissions - (MTCO2eq)",0.0760116195
"NoRusGas_constrained_ModelOptimal","EU-12","EU-12","emissGHGBySectorBuildingsGWPAR5","sector","comm heating","ghg","CH4","Year",2010,"Vint_2010","GHG emissions - (MTCO2eq)",0.9045967308
"NoRusGas_constrained_ModelOptimal","EU-12","EU-12","emissGHGBySectorBuildingsGWPAR5","sector","comm others","ghg","CH4","Year",2010,"Vint_2010","GHG emissions - (MTCO2eq)",0.7500652516
"NoRusGas_constrained_ModelOptimal","EU-12","EU-12","emissGHGBySectorBuildingsGWPAR5","sector","resid heating","ghg","CH4","Year",2010,"Vint_2010","GHG emissions - (MTCO2eq)",5.8252315576
"NoRusGas_constrained_ModelOptimal","EU-12","EU-12","emissGHGBySectorBuildingsGWPAR5","sector","resid others","ghg","CH4","Year",2010,"Vint_2010","GHG emissions - (MTCO2eq)",3.5144716544
"NoRusGas_constrained_ModelOptimal","EU-12","EU-12","emissGHGBySectorBuildingsGWPAR5","sector","comm cooling","ghg","HFCs","Year",2010,"Vint_2010","GHG emissions - (MTCO2eq)",6.985374409125
"NoRusGas_constrained_ModelOptimal","EU-12","EU-12","emissGHGBySectorBuildingsGWPAR5","sector","resid cooling","ghg","HFCs","Year",2010,"Vint_2010","GHG emissions - (MTCO2eq)",7.27715258055
"NoRusGas_constrained_ModelOptimal","EU-12","EU-12","emissGHGBySectorBuildingsGWPAR5","sector","comm heating","ghg","N2O","Year",2010,"Vint_2010","GHG emissions - (MTCO2eq)",0.038696625
"NoRusGas_constrained_ModelOptimal","EU-12","EU-12","emissGHGBySectorBuildingsGWPAR5","sector","comm others","ghg","N2O","Year",2010,"Vint_2010","GHG emissions - (MTCO2eq)",0.0133352346
"NoRusGas_constrained_ModelOptimal","EU-12","EU-12","emissGHGBySectorBuildingsGWPAR5","sector","resid heating","ghg","N2O","Year",2010,"Vint_2010","GHG emissions - (MTCO2eq)",0.619130259
"NoRusGas_constrained_ModelOptimal","EU-12","EU-12","emissGHGBySectorBuildingsGWPAR5","sector","resid others","ghg","N2O","Year",2010,"Vint_2010","GHG emissions - (MTCO2eq)",0.084393596
"NoRusGas_constrained_ModelOptimal","EU-12","EU-12","emissGHGBySectorBuildingsGWPAR5","sector","comm heating","ghg","CH4","Year",2015,"Vint_2015","GHG emissions - (MTCO2eq)",0.7475560708
"NoRusGas_constrained_ModelOptimal","EU-12","EU-12","emissGHGBySectorBuildingsGWPAR5","sector","comm others","ghg","CH4","Year",2015,"Vint_2015","GHG emissions - (MTCO2eq)",0.6197077488
"NoRusGas_constrained_ModelOptimal","EU-12","EU-12","emissGHGBySectorBuildingsGWPAR5","sector","resid heating","ghg","CH4","Year",2015,"Vint_2015","GHG emissions - (MTCO2eq)",5.001185266
"NoRusGas_constrained_ModelOptimal","EU-12","EU-12","emissGHGBySectorBuildingsGWPAR5","sector","resid others","ghg","CH4","Year",2015,"Vint_2015","GHG emissions - (MTCO2eq)",3.0403032156
"NoRusGas_constrained_ModelOptimal","EU-12","EU-12","emissGHGBySectorBuildingsGWPAR5","sector","comm cooling","ghg","HFCs","Year",2015,"Vint_2015","GHG emissions - (MTCO2eq)",9.44097869655
"NoRusGas_constrained_ModelOptimal","EU-12","EU-12","emissGHGBySectorBuildingsGWPAR5","sector","resid cooling","ghg","HFCs","Year",2015,"Vint_2015","GHG emissions - (MTCO2eq)",9.8353477512
"NoRusGas_constrained_ModelOptimal","EU-12","EU-12","emissGHGBySectorBuildingsGWPAR5","sector","comm heating","ghg","N2O","Year",2015,"Vint_2015","GHG emissions - (MTCO2eq)",0.0320358712
"NoRusGas_constrained_ModelOptimal","EU-12","EU-12","emissGHGBySectorBuildingsGWPAR5","sector","comm others","ghg","N2O","Year",2015,"Vint_2015","GHG emissions - (MTCO2eq)",0.01014688975
"NoRusGas_constrained_ModelOptimal","EU-12","EU-12","emissGHGBySectorBuildingsGWPAR5","sector","resid heating","ghg","N2O","Year",2015,"Vint_2015","GHG emissions - (MTCO2eq)",0.577266195
"NoRusGas_constrained_ModelOptimal","EU-12","EU-12","emissGHGBySectorBuildingsGWPAR5","sector","resid others","ghg","N2O","Year",2015,"Vint_2015","GHG emissions - (MTCO2eq)",0.0772517665
"NoRusGas_constrained_ModelOptimal","EU-12","EU-12","emissGHGBySectorBuildingsGWPAR5","sector","comm heating","ghg","CH4","Year",2020,"Vint_2020","GHG emissions - (MTCO2eq)",0.9787420636
"NoRusGas_constrained_ModelOptimal","EU-12","EU-12","emissGHGBySectorBuildingsGWPAR5","sector","comm others","ghg","CH4","Year",2020,"Vint_2020","GHG emissions - (MTCO2eq)",0.7988075956
"NoRusGas_constrained_ModelOptimal","EU-12","EU-12","emissGHGBySectorBuildingsGWPAR5","sector","resid heating","ghg","CH4","Year",2020,"Vint_2020","GHG emissions - (MTCO2eq)",5.0568091336
"NoRusGas_constrained_ModelOptimal","EU-12","EU-12","emissGHGBySectorBuildingsGWPAR5","sector","resid others","ghg","CH4","Year",2020,"Vint_2020","GHG emissions - (MTCO2eq)",3.3596391696
"NoRusGas_constrained_ModelOptimal","EU-12","EU-12","emissGHGBySectorBuildingsGWPAR5","sector","comm cooling","ghg","HFCs","Year",2020,"Vint_2020","GHG emissions - (MTCO2eq)",10.91739543705
"NoRusGas_constrained_ModelOptimal","EU-12","EU-12","emissGHGBySectorBuildingsGWPAR5","sector","resid cooling","ghg","HFCs","Year",2020,"Vint_2020","GHG emissions - (MTCO2eq)",10.5982722945
"NoRusGas_constrained_ModelOptimal","EU-12","EU-12","emissGHGBySectorBuildingsGWPAR5","sector","comm heating","ghg","N2O","Year",2020,"Vint_2020","GHG emissions - (MTCO2eq)",0.0345982145
"NoRusGas_constrained_ModelOptimal","EU-12","EU-12","emissGHGBySectorBuildingsGWPAR5","sector","comm others","ghg","N2O","Year",2020,"Vint_2020","GHG emissions - (MTCO2eq)",0.01121975285
"NoRusGas_constrained_ModelOptimal","EU-12","EU-12","emissGHGBySectorBuildingsGWPAR5","sector","resid heating","ghg","N2O","Year",2020,"Vint_2020","GHG emissions - (MTCO2eq)",0.5357190445
"NoRusGas_constrained_ModelOptimal","EU-12","EU-12","emissGHGBySectorBuildingsGWPAR5","sector","resid others","ghg","N2O","Year",2020,"Vint_2020","GHG emissions - (MTCO2eq)",0.0706777525
"NoRusGas_constrained_ModelOptimal","EU-12","EU-12","emissGHGBySectorBuildingsGWPAR5","sector","comm heating","ghg","CH4","Year",2025,"Vint_2025","GHG emissions - (MTCO2eq)",1.02043027436
"NoRusGas_constrained_ModelOptimal","EU-12","EU-12","emissGHGBySectorBuildingsGWPAR5","sector","comm others","ghg","CH4","Year",2025,"Vint_2025","GHG emissions - (MTCO2eq)",0.55446714008
"NoRusGas_constrained_ModelOptimal","EU-12","EU-12","emissGHGBySectorBuildingsGWPAR5","sector","resid heating","ghg","CH4","Year",2025,"Vint_2025","GHG emissions - (MTCO2eq)",6.7524981328
"NoRusGas_constrained_ModelOptimal","EU-12","EU-12","emissGHGBySectorBuildingsGWPAR5","sector","resid others","ghg","CH4","Year",2025,"Vint_2025","GHG emissions - (MTCO2eq)",2.3968668192
"NoRusGas_constrained_ModelOptimal","EU-12","EU-12","emissGHGBySectorBuildingsGWPAR5","sector","comm cooling","ghg","HFCs","Year",2025,"Vint_2025","GHG emissions - (MTCO2eq)",8.123396586705
"NoRusGas_constrained_ModelOptimal","EU-12","EU-12","emissGHGBySectorBuildingsGWPAR5","sector","resid cooling","ghg","HFCs","Year",2025,"Vint_2025","GHG emissions - (MTCO2eq)",7.10125012827
"NoRusGas_constrained_ModelOptimal","EU-12","EU-12","emissGHGBySectorBuildingsGWPAR5","sector","comm heating","ghg","N2O","Year",2025,"Vint_2025","GHG emissions - (MTCO2eq)",0.04113030974
"NoRusGas_constrained_ModelOptimal","EU-12","EU-12","emissGHGBySectorBuildingsGWPAR5","sector","comm others","ghg","N2O","Year",2025,"Vint_2025","GHG emissions - (MTCO2eq)",0.00769446209
"NoRusGas_constrained_ModelOptimal","EU-12","EU-12","emissGHGBySectorBuildingsGWPAR5","sector","resid heating","ghg","N2O","Year",2025,"Vint_2025","GHG emissions - (MTCO2eq)",0.7411337839
"NoRusGas_constrained_ModelOptimal","EU-12","EU-12","emissGHGBySectorBuildingsGWPAR5","sector","resid others","ghg","N2O","Year",2025,"Vint_2025","GHG emissions - (MTCO2eq)",0.061935119215
"NoRusGas_constrained_ModelOptimal","EU-12","EU-12","emissGHGBySectorBuildingsGWPAR5","sector","comm heating","ghg","CH4","Year",2030,"Vint_2030","GHG emissions - (MTCO2eq)",1.0970374688
"NoRusGas_constrained_ModelOptimal","EU-12","EU-12","emissGHGBySectorBuildingsGWPAR5","sector","comm others","ghg","CH4","Year",2030,"Vint_2030","GHG emissions - (MTCO2eq)",0.60611891452
"NoRusGas_constrained_ModelOptimal","EU-12","EU-12","emissGHGBySectorBuildingsGWPAR5","sector","resid heating","ghg","CH4","Year",2030,"Vint_2030","GHG emissions - (MTCO2eq)",7.5681810708
"NoRusGas_constrained_ModelOptimal","EU-12","EU-12","emissGHGBySectorBuildingsGWPAR5","sector","resid others","ghg","CH4","Year",2030,"Vint_2030","GHG emissions - (MTCO2eq)",2.555922698
"NoRusGas_constrained_ModelOptimal","EU-12","EU-12","emissGHGBySectorBuildingsGWPAR5","sector","comm cooling","ghg","HFCs","Year",2030,"Vint_2030","GHG emissions - (MTCO2eq)",9.08243071065
"NoRusGas_constrained_ModelOptimal","EU-12","EU-12","emissGHGBySectorBuildingsGWPAR5","sector","resid cooling","ghg","HFCs","Year",2030,"Vint_2030","GHG emissions - (MTCO2eq)",7.80006973131
"NoRusGas_constrained_ModelOptimal","EU-12","EU-12","emissGHGBySectorBuildingsGWPAR5","sector","comm heating","ghg","N2O","Year",2030,"Vint_2030","GHG emissions - (MTCO2eq)",0.05909948115
"NoRusGas_constrained_ModelOptimal","EU-12","EU-12","emissGHGBySectorBuildingsGWPAR5","sector","comm others","ghg","N2O","Year",2030,"Vint_2030","GHG emissions - (MTCO2eq)",0.009412641265
"NoRusGas_constrained_ModelOptimal","EU-12","EU-12","emissGHGBySectorBuildingsGWPAR5","sector","resid heating","ghg","N2O","Year",2030,"Vint_2030","GHG emissions - (MTCO2eq)",0.9057720405
"NoRusGas_constrained_ModelOptimal","EU-12","EU-12","emissGHGBySectorBuildingsGWPAR5","sector","resid others","ghg","N2O","Year",2030,"Vint_2030","GHG emissions - (MTCO2eq)",0.08002046265
"NoRusGas_constrained_ModelOptimal","EU-15","EU-15","emissGHGBySectorBuildingsGWPAR5","sector","comm cooling","ghg","CH4","Year",1990,"Vint_1990","GHG emissions - (MTCO2eq)",9.358272e-07
"NoRusGas_constrained_ModelOptimal","EU-15","EU-15","emissGHGBySectorBuildingsGWPAR5","sector","comm heating","ghg","CH4","Year",1990,"Vint_1990","GHG emissions - (MTCO2eq)",0.90539974
"NoRusGas_constrained_ModelOptimal","EU-15","EU-15","emissGHGBySectorBuildingsGWPAR5","sector","comm others","ghg","CH4","Year",1990,"Vint_1990","GHG emissions - (MTCO2eq)",0.9543154852
"NoRusGas_constrained_ModelOptimal","EU-15","EU-15","emissGHGBySectorBuildingsGWPAR5","sector","resid heating","ghg","CH4","Year",1990,"Vint_1990","GHG emissions - (MTCO2eq)",13.2211212
"NoRusGas_constrained_ModelOptimal","EU-15","EU-15","emissGHGBySectorBuildingsGWPAR5","sector","resid others","ghg","CH4","Year",1990,"Vint_1990","GHG emissions - (MTCO2eq)",4.29458792
"NoRusGas_constrained_ModelOptimal","EU-15","EU-15","emissGHGBySectorBuildingsGWPAR5","sector","comm cooling","ghg","HFCs","Year",1990,"Vint_1990","GHG emissions - (MTCO2eq)",0.00634613715
"NoRusGas_constrained_ModelOptimal","EU-15","EU-15","emissGHGBySectorBuildingsGWPAR5","sector","resid cooling","ghg","HFCs","Year",1990,"Vint_1990","GHG emissions - (MTCO2eq)",0.00925803765
"NoRusGas_constrained_ModelOptimal","EU-15","EU-15","emissGHGBySectorBuildingsGWPAR5","sector","comm heating","ghg","N2O","Year",1990,"Vint_1990","GHG emissions - (MTCO2eq)",0.2139506915
"NoRusGas_constrained_ModelOptimal","EU-15","EU-15","emissGHGBySectorBuildingsGWPAR5","sector","comm others","ghg","N2O","Year",1990,"Vint_1990","GHG emissions - (MTCO2eq)",0.12139092705
"NoRusGas_constrained_ModelOptimal","EU-15","EU-15","emissGHGBySectorBuildingsGWPAR5","sector","resid heating","ghg","N2O","Year",1990,"Vint_1990","GHG emissions - (MTCO2eq)",1.026906535
"NoRusGas_constrained_ModelOptimal","EU-15","EU-15","emissGHGBySectorBuildingsGWPAR5","sector","resid others","ghg","N2O","Year",1990,"Vint_1990","GHG emissions - (MTCO2eq)",0.5108872725
"NoRusGas_constrained_ModelOptimal","EU-15","EU-15","emissGHGBySectorBuildingsGWPAR5","sector","comm cooling","ghg","CH4","Year",2005,"Vint_2005","GHG emissions - (MTCO2eq)",1.4845796e-06
"NoRusGas_constrained_ModelOptimal","EU-15","EU-15","emissGHGBySectorBuildingsGWPAR5","sector","comm heating","ghg","CH4","Year",2005,"Vint_2005","GHG emissions - (MTCO2eq)",1.3069149044
"NoRusGas_constrained_ModelOptimal","EU-15","EU-15","emissGHGBySectorBuildingsGWPAR5","sector","comm others","ghg","CH4","Year",2005,"Vint_2005","GHG emissions - (MTCO2eq)",1.45719570388
"NoRusGas_constrained_ModelOptimal","EU-15","EU-15","emissGHGBySectorBuildingsGWPAR5","sector","resid heating","ghg","CH4","Year",2005,"Vint_2005","GHG emissions - (MTCO2eq)",14.02299864
"NoRusGas_constrained_ModelOptimal","EU-15","EU-15","emissGHGBySectorBuildingsGWPAR5","sector","resid others","ghg","CH4","Year",2005,"Vint_2005","GHG emissions - (MTCO2eq)",4.77278816
"NoRusGas_constrained_ModelOptimal","EU-15","EU-15","emissGHGBySectorBuildingsGWPAR5","sector","comm cooling","ghg","HFCs","Year",2005,"Vint_2005","GHG emissions - (MTCO2eq)",35.2164460815
"NoRusGas_constrained_ModelOptimal","EU-15","EU-15","emissGHGBySectorBuildingsGWPAR5","sector","resid cooling","ghg","HFCs","Year",2005,"Vint_2005","GHG emissions - (MTCO2eq)",40.2945751665
"NoRusGas_constrained_ModelOptimal","EU-15","EU-15","emissGHGBySectorBuildingsGWPAR5","sector","comm heating","ghg","N2O","Year",2005,"Vint_2005","GHG emissions - (MTCO2eq)",0.121062918
"NoRusGas_constrained_ModelOptimal","EU-15","EU-15","emissGHGBySectorBuildingsGWPAR5","sector","comm others","ghg","N2O","Year",2005,"Vint_2005","GHG emissions - (MTCO2eq)",0.11144471385
"NoRusGas_constrained_ModelOptimal","EU-15","EU-15","emissGHGBySectorBuildingsGWPAR5","sector","resid heating","ghg","N2O","Year",2005,"Vint_2005","GHG emissions - (MTCO2eq)",1.20924005
"NoRusGas_constrained_ModelOptimal","EU-15","EU-15","emissGHGBySectorBuildingsGWPAR5","sector","resid others","ghg","N2O","Year",2005,"Vint_2005","GHG emissions - (MTCO2eq)",0.33190773
"NoRusGas_constrained_ModelOptimal","EU-15","EU-15","emissGHGBySectorBuildingsGWPAR5","sector","comm cooling","ghg","CH4","Year",2010,"Vint_2010","GHG emissions - (MTCO2eq)",1.4337344e-06
"NoRusGas_constrained_ModelOptimal","EU-15","EU-15","emissGHGBySectorBuildingsGWPAR5","sector","comm heating","ghg","CH4","Year",2010,"Vint_2010","GHG emissions - (MTCO2eq)",1.2519667076
"NoRusGas_constrained_ModelOptimal","EU-15","EU-15","emissGHGBySectorBuildingsGWPAR5","sector","comm others","ghg","CH4","Year",2010,"Vint_2010","GHG emissions - (MTCO2eq)",1.39614863668
"NoRusGas_constrained_ModelOptimal","EU-15","EU-15","emissGHGBySectorBuildingsGWPAR5","sector","resid heating","ghg","CH4","Year",2010,"Vint_2010","GHG emissions - (MTCO2eq)",13.399876
"NoRusGas_constrained_ModelOptimal","EU-15","EU-15","emissGHGBySectorBuildingsGWPAR5","sector","resid others","ghg","CH4","Year",2010,"Vint_2010","GHG emissions - (MTCO2eq)",4.391607332
"NoRusGas_constrained_ModelOptimal","EU-15","EU-15","emissGHGBySectorBuildingsGWPAR5","sector","comm cooling","ghg","HFCs","Year",2010,"Vint_2010","GHG emissions - (MTCO2eq)",48.180115125
"NoRusGas_constrained_ModelOptimal","EU-15","EU-15","emissGHGBySectorBuildingsGWPAR5","sector","resid cooling","ghg","HFCs","Year",2010,"Vint_2010","GHG emissions - (MTCO2eq)",51.009788475
"NoRusGas_constrained_ModelOptimal","EU-15","EU-15","emissGHGBySectorBuildingsGWPAR5","sector","comm heating","ghg","N2O","Year",2010,"Vint_2010","GHG emissions - (MTCO2eq)",0.1151708815
"NoRusGas_constrained_ModelOptimal","EU-15","EU-15","emissGHGBySectorBuildingsGWPAR5","sector","comm others","ghg","N2O","Year",2010,"Vint_2010","GHG emissions - (MTCO2eq)",0.09928139935
"NoRusGas_constrained_ModelOptimal","EU-15","EU-15","emissGHGBySectorBuildingsGWPAR5","sector","resid heating","ghg","N2O","Year",2010,"Vint_2010","GHG emissions - (MTCO2eq)",1.432673475
"NoRusGas_constrained_ModelOptimal","EU-15","EU-15","emissGHGBySectorBuildingsGWPAR5","sector","resid others","ghg","N2O","Year",2010,"Vint_2010","GHG emissions - (MTCO2eq)",0.363639625
"NoRusGas_constrained_ModelOptimal","EU-15","EU-15","emissGHGBySectorBuildingsGWPAR5","sector","comm cooling","ghg","CH4","Year",2015,"Vint_2015","GHG emissions - (MTCO2eq)",1.1746084e-06
"NoRusGas_constrained_ModelOptimal","EU-15","EU-15","emissGHGBySectorBuildingsGWPAR5","sector","comm heating","ghg","CH4","Year",2015,"Vint_2015","GHG emissions - (MTCO2eq)",1.0416290612
"NoRusGas_constrained_ModelOptimal","EU-15","EU-15","emissGHGBySectorBuildingsGWPAR5","sector","comm others","ghg","CH4","Year",2015,"Vint_2015","GHG emissions - (MTCO2eq)",1.14788355472
"NoRusGas_constrained_ModelOptimal","EU-15","EU-15","emissGHGBySectorBuildingsGWPAR5","sector","resid heating","ghg","CH4","Year",2015,"Vint_2015","GHG emissions - (MTCO2eq)",10.18740436
"NoRusGas_constrained_ModelOptimal","EU-15","EU-15","emissGHGBySectorBuildingsGWPAR5","sector","resid others","ghg","CH4","Year",2015,"Vint_2015","GHG emissions - (MTCO2eq)",3.15784672
"NoRusGas_constrained_ModelOptimal","EU-15","EU-15","emissGHGBySectorBuildingsGWPAR5","sector","comm cooling","ghg","HFCs","Year",2015,"Vint_2015","GHG emissions - (MTCO2eq)",46.61355816
"NoRusGas_constrained_ModelOptimal","EU-15","EU-15","emissGHGBySectorBuildingsGWPAR5","sector","resid cooling","ghg","HFCs","Year",2015,"Vint_2015","GHG emissions - (MTCO2eq)",49.351203225
"NoRusGas_constrained_ModelOptimal","EU-15","EU-15","emissGHGBySectorBuildingsGWPAR5","sector","comm heating","ghg","N2O","Year",2015,"Vint_2015","GHG emissions - (MTCO2eq)",0.15262726675
"NoRusGas_constrained_ModelOptimal","EU-15","EU-15","emissGHGBySectorBuildingsGWPAR5","sector","comm others","ghg","N2O","Year",2015,"Vint_2015","GHG emissions - (MTCO2eq)",0.09821262785
"NoRusGas_constrained_ModelOptimal","EU-15","EU-15","emissGHGBySectorBuildingsGWPAR5","sector","resid heating","ghg","N2O","Year",2015,"Vint_2015","GHG emissions - (MTCO2eq)",1.327801315
"NoRusGas_constrained_ModelOptimal","EU-15","EU-15","emissGHGBySectorBuildingsGWPAR5","sector","resid others","ghg","N2O","Year",2015,"Vint_2015","GHG emissions - (MTCO2eq)",0.316718036
"NoRusGas_constrained_ModelOptimal","EU-15","EU-15","emissGHGBySectorBuildingsGWPAR5","sector","comm cooling","ghg","CH4","Year",2020,"Vint_2020","GHG emissions - (MTCO2eq)",1.011766e-06
"NoRusGas_constrained_ModelOptimal","EU-15","EU-15","emissGHGBySectorBuildingsGWPAR5","sector","comm heating","ghg","CH4","Year",2020,"Vint_2020","GHG emissions - (MTCO2eq)",1.1215890392
"NoRusGas_constrained_ModelOptimal","EU-15","EU-15","emissGHGBySectorBuildingsGWPAR5","sector","comm others","ghg","CH4","Year",2020,"Vint_2020","GHG emissions - (MTCO2eq)",1.24456092824
"NoRusGas_constrained_ModelOptimal","EU-15","EU-15","emissGHGBySectorBuildingsGWPAR5","sector","resid heating","ghg","CH4","Year",2020,"Vint_2020","GHG emissions - (MTCO2eq)",9.92869864
"NoRusGas_constrained_ModelOptimal","EU-15","EU-15","emissGHGBySectorBuildingsGWPAR5","sector","resid others","ghg","CH4","Year",2020,"Vint_2020","GHG emissions - (MTCO2eq)",3.19734016
"NoRusGas_constrained_ModelOptimal","EU-15","EU-15","emissGHGBySectorBuildingsGWPAR5","sector","comm cooling","ghg","HFCs","Year",2020,"Vint_2020","GHG emissions - (MTCO2eq)",47.24247985785
"NoRusGas_constrained_ModelOptimal","EU-15","EU-15","emissGHGBySectorBuildingsGWPAR5","sector","resid cooling","ghg","HFCs","Year",2020,"Vint_2020","GHG emissions - (MTCO2eq)",49.3152227856
"NoRusGas_constrained_ModelOptimal","EU-15","EU-15","emissGHGBySectorBuildingsGWPAR5","sector","comm heating","ghg","N2O","Year",2020,"Vint_2020","GHG emissions - (MTCO2eq)",0.14829705015
"NoRusGas_constrained_ModelOptimal","EU-15","EU-15","emissGHGBySectorBuildingsGWPAR5","sector","comm others","ghg","N2O","Year",2020,"Vint_2020","GHG emissions - (MTCO2eq)",0.0940935182
"NoRusGas_constrained_ModelOptimal","EU-15","EU-15","emissGHGBySectorBuildingsGWPAR5","sector","resid heating","ghg","N2O","Year",2020,"Vint_2020","GHG emissions - (MTCO2eq)",1.21892474
"NoRusGas_constrained_ModelOptimal","EU-15","EU-15","emissGHGBySectorBuildingsGWPAR5","sector","resid others","ghg","N2O","Year",2020,"Vint_2020","GHG emissions - (MTCO2eq)",0.29228387
"NoRusGas_constrained_ModelOptimal","EU-15","EU-15","emissGHGBySectorBuildingsGWPAR5","sector","comm cooling","ghg","CH4","Year",2025,"Vint_2025","GHG emissions - (MTCO2eq)",7.772968e-07
"NoRusGas_constrained_ModelOptimal","EU-15","EU-15","emissGHGBySectorBuildingsGWPAR5","sector","comm heating","ghg","CH4","Year",2025,"Vint_2025","GHG emissions - (MTCO2eq)",0.670524325128
"NoRusGas_constrained_ModelOptimal","EU-15","EU-15","emissGHGBySectorBuildingsGWPAR5","sector","comm others","ghg","CH4","Year",2025,"Vint_2025","GHG emissions - (MTCO2eq)",0.607282188576
"NoRusGas_constrained_ModelOptimal","EU-15","EU-15","emissGHGBySectorBuildingsGWPAR5","sector","resid heating","ghg","CH4","Year",2025,"Vint_2025","GHG emissions - (MTCO2eq)",13.00665884
"NoRusGas_constrained_ModelOptimal","EU-15","EU-15","emissGHGBySectorBuildingsGWPAR5","sector","resid others","ghg","CH4","Year",2025,"Vint_2025","GHG emissions - (MTCO2eq)",2.2352875608
"NoRusGas_constrained_ModelOptimal","EU-15","EU-15","emissGHGBySectorBuildingsGWPAR5","sector","comm cooling","ghg","HFCs","Year",2025,"Vint_2025","GHG emissions - (MTCO2eq)",32.80103513955
"NoRusGas_constrained_ModelOptimal","EU-15","EU-15","emissGHGBySectorBuildingsGWPAR5","sector","resid cooling","ghg","HFCs","Year",2025,"Vint_2025","GHG emissions - (MTCO2eq)",33.99979713705
"NoRusGas_constrained_ModelOptimal","EU-15","EU-15","emissGHGBySectorBuildingsGWPAR5","sector","comm heating","ghg","N2O","Year",2025,"Vint_2025","GHG emissions - (MTCO2eq)",0.196444779575
"NoRusGas_constrained_ModelOptimal","EU-15","EU-15","emissGHGBySectorBuildingsGWPAR5","sector","comm others","ghg","N2O","Year",2025,"Vint_2025","GHG emissions - (MTCO2eq)",0.0669715929595
"NoRusGas_constrained_ModelOptimal","EU-15","EU-15","emissGHGBySectorBuildingsGWPAR5","sector","resid heating","ghg","N2O","Year",2025,"Vint_2025","GHG emissions - (MTCO2eq)",2.2756928
"NoRusGas_constrained_ModelOptimal","EU-15","EU-15","emissGHGBySectorBuildingsGWPAR5","sector","resid others","ghg","N2O","Year",2025,"Vint_2025","GHG emissions - (MTCO2eq)",0.295726962
"NoRusGas_constrained_ModelOptimal","EU-15","EU-15","emissGHGBySectorBuildingsGWPAR5","sector","comm cooling","ghg","CH4","Year",2030,"Vint_2030","GHG emissions - (MTCO2eq)",5.982956e-07
"NoRusGas_constrained_ModelOptimal","EU-15","EU-15","emissGHGBySectorBuildingsGWPAR5","sector","comm heating","ghg","CH4","Year",2030,"Vint_2030","GHG emissions - (MTCO2eq)",0.66352849696
"NoRusGas_constrained_ModelOptimal","EU-15","EU-15","emissGHGBySectorBuildingsGWPAR5","sector","comm others","ghg","CH4","Year",2030,"Vint_2030","GHG emissions - (MTCO2eq)",0.61600002786
"NoRusGas_constrained_ModelOptimal","EU-15","EU-15","emissGHGBySectorBuildingsGWPAR5","sector","resid heating","ghg","CH4","Year",2030,"Vint_2030","GHG emissions - (MTCO2eq)",15.23412016
"NoRusGas_constrained_ModelOptimal","EU-15","EU-15","emissGHGBySectorBuildingsGWPAR5","sector","resid others","ghg","CH4","Year",2030,"Vint_2030","GHG emissions - (MTCO2eq)",2.665562228
"NoRusGas_constrained_ModelOptimal","EU-15","EU-15","emissGHGBySectorBuildingsGWPAR5","sector","comm cooling","ghg","HFCs","Year",2030,"Vint_2030","GHG emissions - (MTCO2eq)",34.50797948115
"NoRusGas_constrained_ModelOptimal","EU-15","EU-15","emissGHGBySectorBuildingsGWPAR5","sector","resid cooling","ghg","HFCs","Year",2030,"Vint_2030","GHG emissions - (MTCO2eq)",35.43002006535
"NoRusGas_constrained_ModelOptimal","EU-15","EU-15","emissGHGBySectorBuildingsGWPAR5","sector","comm heating","ghg","N2O","Year",2030,"Vint_2030","GHG emissions - (MTCO2eq)",0.27806795719
"NoRusGas_constrained_ModelOptimal","EU-15","EU-15","emissGHGBySectorBuildingsGWPAR5","sector","comm others","ghg","N2O","Year",2030,"Vint_2030","GHG emissions - (MTCO2eq)",0.085993722498
"NoRusGas_constrained_ModelOptimal","EU-15","EU-15","emissGHGBySectorBuildingsGWPAR5","sector","resid heating","ghg","N2O","Year",2030,"Vint_2030","GHG emissions - (MTCO2eq)",2.923645095
"NoRusGas_constrained_ModelOptimal","EU-15","EU-15","emissGHGBySectorBuildingsGWPAR5","sector","resid others","ghg","N2O","Year",2030,"Vint_2030","GHG emissions - (MTCO2eq)",0.40738096225
