"scenario","region","subRegion","sources","x","xLabel","vintage","units","aggregate","class2","class1","classPalette1","classPalette2","origScen","origQuery","origUnits","origX","value","origValue","classLabel1","classLabel2","param"
"Baseline_NDC","EU-12","EU-12","Sources",1990,"Year","Vint_1990","GHG emissions - (MTCO2eq)","sum","CO2","CO2_biomass","pal_all","pal_all","Baseline_NDC","CO2 emissions by sector","MTC",1990,0.197694222,0.053916606,"sector","ghg","emissGHGBySectorPowerGWPAR5"
"Baseline_NDC","EU-12","EU-12","Sources",1990,"Year","Vint_1990","GHG emissions - (MTCO2eq)","sum","CO2","CO2_coal","pal_all","pal_all","Baseline_NDC","CO2 emissions by sector","MTC",1990,585.378962593333,159.64880798,"sector","ghg","emissGHGBySectorPowerGWPAR5"
"Baseline_NDC","EU-12","EU-12","Sources",1990,"Year","Vint_1990","GHG emissions - (MTCO2eq)","sum","CO2","CO2_natural gas","pal_all","pal_all","Baseline_NDC","CO2 emissions by sector","MTC",1990,69.74121,19.02033,"sector","ghg","emissGHGBySectorPowerGWPAR5"
"Baseline_NDC","EU-12","EU-12","Sources",1990,"Year","Vint_1990","GHG emissions - (MTCO2eq)","sum","CO2","CO2_refined liquids","pal_all","pal_all","Baseline_NDC","CO2 emissions by sector","MTC",1990,61.6780274,16.8212802,"sector","ghg","emissGHGBySectorPowerGWPAR5"
"Baseline_NDC","EU-12","EU-12","Sources",2005,"Year","Vint_2005","GHG emissions - (MTCO2eq)","sum","CO2","CO2_biomass","pal_all","pal_all","Baseline_NDC","CO2 emissions by sector","MTC",2005,6.149627,1.677171,"sector","ghg","emissGHGBySectorPowerGWPAR5"
"Baseline_NDC","EU-12","EU-12","Sources",2005,"Year","Vint_2005","GHG emissions - (MTCO2eq)","sum","CO2","CO2_coal","pal_all","pal_all","Baseline_NDC","CO2 emissions by sector","MTC",2005,556.476873333333,151.76642,"sector","ghg","emissGHGBySectorPowerGWPAR5"
"Baseline_NDC","EU-12","EU-12","Sources",2005,"Year","Vint_2005","GHG emissions - (MTCO2eq)","sum","CO2","CO2_natural gas","pal_all","pal_all","Baseline_NDC","CO2 emissions by sector","MTC",2005,45.7917533333333,12.48866,"sector","ghg","emissGHGBySectorPowerGWPAR5"
"Baseline_NDC","EU-12","EU-12","Sources",2005,"Year","Vint_2005","GHG emissions - (MTCO2eq)","sum","CO2","CO2_refined liquids","pal_all","pal_all","Baseline_NDC","CO2 emissions by sector","MTC",2005,18.5134048,5.0491104,"sector","ghg","emissGHGBySectorPowerGWPAR5"
"Baseline_NDC","EU-12","EU-12","Sources",2010,"Year","Vint_2010","GHG emissions - (MTCO2eq)","sum","CO2","CO2_biomass","pal_all","pal_all","Baseline_NDC","CO2 emissions by sector","MTC",2010,19.0979374666667,5.2085284,"sector","ghg","emissGHGBySectorPowerGWPAR5"
"Baseline_NDC","EU-12","EU-12","Sources",2010,"Year","Vint_2010","GHG emissions - (MTCO2eq)","sum","CO2","CO2_coal","pal_all","pal_all","Baseline_NDC","CO2 emissions by sector","MTC",2010,553.26832,150.89136,"sector","ghg","emissGHGBySectorPowerGWPAR5"
"Baseline_NDC","EU-12","EU-12","Sources",2010,"Year","Vint_2010","GHG emissions - (MTCO2eq)","sum","CO2","CO2_natural gas","pal_all","pal_all","Baseline_NDC","CO2 emissions by sector","MTC",2010,40.7166871892,11.1045510516,"sector","ghg","emissGHGBySectorPowerGWPAR5"
"Baseline_NDC","EU-12","EU-12","Sources",2010,"Year","Vint_2010","GHG emissions - (MTCO2eq)","sum","CO2","CO2_refined liquids","pal_all","pal_all","Baseline_NDC","CO2 emissions by sector","MTC",2010,17.8210024666667,4.8602734,"sector","ghg","emissGHGBySectorPowerGWPAR5"
"Baseline_NDC","EU-12","EU-12","Sources",2015,"Year","Vint_2015","GHG emissions - (MTCO2eq)","sum","CO2","CO2_biomass","pal_all","pal_all","Baseline_NDC","CO2 emissions by sector","MTC",2015,28.509536,7.775328,"sector","ghg","emissGHGBySectorPowerGWPAR5"
"Baseline_NDC","EU-12","EU-12","Sources",2015,"Year","Vint_2015","GHG emissions - (MTCO2eq)","sum","CO2","CO2_coal","pal_all","pal_all","Baseline_NDC","CO2 emissions by sector","MTC",2015,497.71282,135.73986,"sector","ghg","emissGHGBySectorPowerGWPAR5"
"Baseline_NDC","EU-12","EU-12","Sources",2015,"Year","Vint_2015","GHG emissions - (MTCO2eq)","sum","CO2","CO2_natural gas","pal_all","pal_all","Baseline_NDC","CO2 emissions by sector","MTC",2015,31.9928878903333,8.725333061,"sector","ghg","emissGHGBySectorPowerGWPAR5"
"Baseline_NDC","EU-12","EU-12","Sources",2015,"Year","Vint_2015","GHG emissions - (MTCO2eq)","sum","CO2","CO2_refined liquids","pal_all","pal_all","Baseline_NDC","CO2 emissions by sector","MTC",2015,11.561385,3.153105,"sector","ghg","emissGHGBySectorPowerGWPAR5"
"Baseline_NDC","EU-12","EU-12","Sources",2020,"Year","Vint_2020","GHG emissions - (MTCO2eq)","sum","CO2","CO2_biomass","pal_all","pal_all","Baseline_NDC","CO2 emissions by sector","MTC",2020,28.3342898666667,7.7275336,"sector","ghg","emissGHGBySectorPowerGWPAR5"
"Baseline_NDC","EU-12","EU-12","Sources",2020,"Year","Vint_2020","GHG emissions - (MTCO2eq)","sum","CO2","CO2_coal","pal_all","pal_all","Baseline_NDC","CO2 emissions by sector","MTC",2020,577.525578666667,157.506976,"sector","ghg","emissGHGBySectorPowerGWPAR5"
"Baseline_NDC","EU-12","EU-12","Sources",2020,"Year","Vint_2020","GHG emissions - (MTCO2eq)","sum","CO2","CO2_natural gas","pal_all","pal_all","Baseline_NDC","CO2 emissions by sector","MTC",2020,34.7462515414667,9.4762504204,"sector","ghg","emissGHGBySectorPowerGWPAR5"
"Baseline_NDC","EU-12","EU-12","Sources",2020,"Year","Vint_2020","GHG emissions - (MTCO2eq)","sum","CO2","CO2_refined liquids","pal_all","pal_all","Baseline_NDC","CO2 emissions by sector","MTC",2020,8.09975591333333,2.20902434,"sector","ghg","emissGHGBySectorPowerGWPAR5"
"Baseline_NDC","EU-12","EU-12","Sources",2020,"Year","Vint_2020","GHG emissions - (MTCO2eq)","sum","CO2","backup_electricity_CO2","pal_all","pal_all","Baseline_NDC","CO2 emissions by sector","MTC",2020,0.328429933333333,0.0895718,"sector","ghg","emissGHGBySectorPowerGWPAR5"
"Baseline_NDC","EU-12","EU-12","Sources",2025,"Year","Vint_2025","GHG emissions - (MTCO2eq)","sum","CO2","CO2_biomass","pal_all","pal_all","Baseline_NDC","CO2 emissions by sector","MTC",2025,52.3344219346667,14.273024164,"sector","ghg","emissGHGBySectorPowerGWPAR5"
"Baseline_NDC","EU-12","EU-12","Sources",2025,"Year","Vint_2025","GHG emissions - (MTCO2eq)","sum","CO2","CO2_coal","pal_all","pal_all","Baseline_NDC","CO2 emissions by sector","MTC",2025,122.10217712,33.30059376,"sector","ghg","emissGHGBySectorPowerGWPAR5"
"Baseline_NDC","EU-12","EU-12","Sources",2025,"Year","Vint_2025","GHG emissions - (MTCO2eq)","sum","CO2","CO2_natural gas","pal_all","pal_all","Baseline_NDC","CO2 emissions by sector","MTC",2025,9.28033562001333,2.53100062364,"sector","ghg","emissGHGBySectorPowerGWPAR5"
"Baseline_NDC","EU-12","EU-12","Sources",2025,"Year","Vint_2025","GHG emissions - (MTCO2eq)","sum","CO2","CO2_refined liquids","pal_all","pal_all","Baseline_NDC","CO2 emissions by sector","MTC",2025,5.07356648333333,1.38369995,"sector","ghg","emissGHGBySectorPowerGWPAR5"
"Baseline_NDC","EU-12","EU-12","Sources",2025,"Year","Vint_2025","GHG emissions - (MTCO2eq)","sum","CO2","backup_electricity_CO2","pal_all","pal_all","Baseline_NDC","CO2 emissions by sector","MTC",2025,1.82106466666667,0.496654,"sector","ghg","emissGHGBySectorPowerGWPAR5"
"Baseline_NDC","EU-12","EU-12","Sources",2030,"Year","Vint_2030","GHG emissions - (MTCO2eq)","sum","CO2","CO2_biomass","pal_all","pal_all","Baseline_NDC","CO2 emissions by sector","MTC",2030,55.8426442273333,15.229812062,"sector","ghg","emissGHGBySectorPowerGWPAR5"
"Baseline_NDC","EU-12","EU-12","Sources",2030,"Year","Vint_2030","GHG emissions - (MTCO2eq)","sum","CO2","CO2_coal","pal_all","pal_all","Baseline_NDC","CO2 emissions by sector","MTC",2030,185.63580464,50.62794672,"sector","ghg","emissGHGBySectorPowerGWPAR5"
"Baseline_NDC","EU-12","EU-12","Sources",2030,"Year","Vint_2030","GHG emissions - (MTCO2eq)","sum","CO2","CO2_natural gas","pal_all","pal_all","Baseline_NDC","CO2 emissions by sector","MTC",2030,12.7210289211867,3.46937152396,"sector","ghg","emissGHGBySectorPowerGWPAR5"
"Baseline_NDC","EU-12","EU-12","Sources",2030,"Year","Vint_2030","GHG emissions - (MTCO2eq)","sum","CO2","CO2_refined liquids","pal_all","pal_all","Baseline_NDC","CO2 emissions by sector","MTC",2030,3.53123853573333,0.9630650552,"sector","ghg","emissGHGBySectorPowerGWPAR5"
"Baseline_NDC","EU-12","EU-12","Sources",2030,"Year","Vint_2030","GHG emissions - (MTCO2eq)","sum","CO2","backup_electricity_CO2","pal_all","pal_all","Baseline_NDC","CO2 emissions by sector","MTC",2030,2.79143333333333,0.7613,"sector","ghg","emissGHGBySectorPowerGWPAR5"
"Baseline_NDC","EU-15","EU-15","Sources",1990,"Year","Vint_1990","GHG emissions - (MTCO2eq)","sum","CO2","CO2_biomass","pal_all","pal_all","Baseline_NDC","CO2 emissions by sector","MTC",1990,20.3992536,5.5634328,"sector","ghg","emissGHGBySectorPowerGWPAR5"
"Baseline_NDC","EU-15","EU-15","Sources",1990,"Year","Vint_1990","GHG emissions - (MTCO2eq)","sum","CO2","CO2_coal","pal_all","pal_all","Baseline_NDC","CO2 emissions by sector","MTC",1990,1593.42018,434.56914,"sector","ghg","emissGHGBySectorPowerGWPAR5"
"Baseline_NDC","EU-15","EU-15","Sources",1990,"Year","Vint_1990","GHG emissions - (MTCO2eq)","sum","CO2","CO2_natural gas","pal_all","pal_all","Baseline_NDC","CO2 emissions by sector","MTC",1990,128.613158666667,35.076316,"sector","ghg","emissGHGBySectorPowerGWPAR5"
"Baseline_NDC","EU-15","EU-15","Sources",1990,"Year","Vint_1990","GHG emissions - (MTCO2eq)","sum","CO2","CO2_refined liquids","pal_all","pal_all","Baseline_NDC","CO2 emissions by sector","MTC",1990,232.766658666667,63.481816,"sector","ghg","emissGHGBySectorPowerGWPAR5"
"Baseline_NDC","EU-15","EU-15","Sources",2005,"Year","Vint_2005","GHG emissions - (MTCO2eq)","sum","CO2","CO2_biomass","pal_all","pal_all","Baseline_NDC","CO2 emissions by sector","MTC",2005,117.270868,31.982964,"sector","ghg","emissGHGBySectorPowerGWPAR5"
"Baseline_NDC","EU-15","EU-15","Sources",2005,"Year","Vint_2005","GHG emissions - (MTCO2eq)","sum","CO2","CO2_coal","pal_all","pal_all","Baseline_NDC","CO2 emissions by sector","MTC",2005,1393.68056666667,380.0947,"sector","ghg","emissGHGBySectorPowerGWPAR5"
"Baseline_NDC","EU-15","EU-15","Sources",2005,"Year","Vint_2005","GHG emissions - (MTCO2eq)","sum","CO2","CO2_natural gas","pal_all","pal_all","Baseline_NDC","CO2 emissions by sector","MTC",2005,435.491591333333,118.770434,"sector","ghg","emissGHGBySectorPowerGWPAR5"
"Baseline_NDC","EU-15","EU-15","Sources",2005,"Year","Vint_2005","GHG emissions - (MTCO2eq)","sum","CO2","CO2_refined liquids","pal_all","pal_all","Baseline_NDC","CO2 emissions by sector","MTC",2005,145.620845333333,39.714776,"sector","ghg","emissGHGBySectorPowerGWPAR5"
"Baseline_NDC","EU-15","EU-15","Sources",2010,"Year","Vint_2010","GHG emissions - (MTCO2eq)","sum","CO2","CO2_biomass","pal_all","pal_all","Baseline_NDC","CO2 emissions by sector","MTC",2010,174.166388,47.499924,"sector","ghg","emissGHGBySectorPowerGWPAR5"
"Baseline_NDC","EU-15","EU-15","Sources",2010,"Year","Vint_2010","GHG emissions - (MTCO2eq)","sum","CO2","CO2_coal","pal_all","pal_all","Baseline_NDC","CO2 emissions by sector","MTC",2010,1134.45537333333,309.39692,"sector","ghg","emissGHGBySectorPowerGWPAR5"
"Baseline_NDC","EU-15","EU-15","Sources",2010,"Year","Vint_2010","GHG emissions - (MTCO2eq)","sum","CO2","CO2_natural gas","pal_all","pal_all","Baseline_NDC","CO2 emissions by sector","MTC",2010,509.38998,138.92454,"sector","ghg","emissGHGBySectorPowerGWPAR5"
"Baseline_NDC","EU-15","EU-15","Sources",2010,"Year","Vint_2010","GHG emissions - (MTCO2eq)","sum","CO2","CO2_refined liquids","pal_all","pal_all","Baseline_NDC","CO2 emissions by sector","MTC",2010,83.9341653333333,22.891136,"sector","ghg","emissGHGBySectorPowerGWPAR5"
"Baseline_NDC","EU-15","EU-15","Sources",2015,"Year","Vint_2015","GHG emissions - (MTCO2eq)","sum","CO2","CO2_biomass","pal_all","pal_all","Baseline_NDC","CO2 emissions by sector","MTC",2015,206.919159333333,56.432498,"sector","ghg","emissGHGBySectorPowerGWPAR5"
"Baseline_NDC","EU-15","EU-15","Sources",2015,"Year","Vint_2015","GHG emissions - (MTCO2eq)","sum","CO2","CO2_coal","pal_all","pal_all","Baseline_NDC","CO2 emissions by sector","MTC",2015,1087.40793333333,296.5658,"sector","ghg","emissGHGBySectorPowerGWPAR5"
"Baseline_NDC","EU-15","EU-15","Sources",2015,"Year","Vint_2015","GHG emissions - (MTCO2eq)","sum","CO2","CO2_natural gas","pal_all","pal_all","Baseline_NDC","CO2 emissions by sector","MTC",2015,324.623911333333,88.533794,"sector","ghg","emissGHGBySectorPowerGWPAR5"
"Baseline_NDC","EU-15","EU-15","Sources",2015,"Year","Vint_2015","GHG emissions - (MTCO2eq)","sum","CO2","CO2_refined liquids","pal_all","pal_all","Baseline_NDC","CO2 emissions by sector","MTC",2015,66.2329726666667,18.063538,"sector","ghg","emissGHGBySectorPowerGWPAR5"
"Baseline_NDC","EU-15","EU-15","Sources",2020,"Year","Vint_2020","GHG emissions - (MTCO2eq)","sum","CO2","CO2_biomass","pal_all","pal_all","Baseline_NDC","CO2 emissions by sector","MTC",2020,156.055292066667,42.5605342,"sector","ghg","emissGHGBySectorPowerGWPAR5"
"Baseline_NDC","EU-15","EU-15","Sources",2020,"Year","Vint_2020","GHG emissions - (MTCO2eq)","sum","CO2","CO2_coal","pal_all","pal_all","Baseline_NDC","CO2 emissions by sector","MTC",2020,1177.02350333333,321.00641,"sector","ghg","emissGHGBySectorPowerGWPAR5"
"Baseline_NDC","EU-15","EU-15","Sources",2020,"Year","Vint_2020","GHG emissions - (MTCO2eq)","sum","CO2","CO2_natural gas","pal_all","pal_all","Baseline_NDC","CO2 emissions by sector","MTC",2020,329.035448133333,89.7369404,"sector","ghg","emissGHGBySectorPowerGWPAR5"
"Baseline_NDC","EU-15","EU-15","Sources",2020,"Year","Vint_2020","GHG emissions - (MTCO2eq)","sum","CO2","CO2_refined liquids","pal_all","pal_all","Baseline_NDC","CO2 emissions by sector","MTC",2020,40.0772768,10.9301664,"sector","ghg","emissGHGBySectorPowerGWPAR5"
"Baseline_NDC","EU-15","EU-15","Sources",2020,"Year","Vint_2020","GHG emissions - (MTCO2eq)","sum","CO2","backup_electricity_CO2","pal_all","pal_all","Baseline_NDC","CO2 emissions by sector","MTC",2020,3.53074333333333,0.96293,"sector","ghg","emissGHGBySectorPowerGWPAR5"
"Baseline_NDC","EU-15","EU-15","Sources",2025,"Year","Vint_2025","GHG emissions - (MTCO2eq)","sum","CO2","CO2_biomass","pal_all","pal_all","Baseline_NDC","CO2 emissions by sector","MTC",2025,297.603148186667,81.16449496,"sector","ghg","emissGHGBySectorPowerGWPAR5"
"Baseline_NDC","EU-15","EU-15","Sources",2025,"Year","Vint_2025","GHG emissions - (MTCO2eq)","sum","CO2","CO2_coal","pal_all","pal_all","Baseline_NDC","CO2 emissions by sector","MTC",2025,216.713884346667,59.10378664,"sector","ghg","emissGHGBySectorPowerGWPAR5"
"Baseline_NDC","EU-15","EU-15","Sources",2025,"Year","Vint_2025","GHG emissions - (MTCO2eq)","sum","CO2","CO2_natural gas","pal_all","pal_all","Baseline_NDC","CO2 emissions by sector","MTC",2025,136.288148333333,37.169495,"sector","ghg","emissGHGBySectorPowerGWPAR5"
"Baseline_NDC","EU-15","EU-15","Sources",2025,"Year","Vint_2025","GHG emissions - (MTCO2eq)","sum","CO2","CO2_refined liquids","pal_all","pal_all","Baseline_NDC","CO2 emissions by sector","MTC",2025,17.000273972,4.636438356,"sector","ghg","emissGHGBySectorPowerGWPAR5"
"Baseline_NDC","EU-15","EU-15","Sources",2025,"Year","Vint_2025","GHG emissions - (MTCO2eq)","sum","CO2","backup_electricity_CO2","pal_all","pal_all","Baseline_NDC","CO2 emissions by sector","MTC",2025,13.7508066666667,3.75022,"sector","ghg","emissGHGBySectorPowerGWPAR5"
"Baseline_NDC","EU-15","EU-15","Sources",2030,"Year","Vint_2030","GHG emissions - (MTCO2eq)","sum","CO2","CO2_biomass","pal_all","pal_all","Baseline_NDC","CO2 emissions by sector","MTC",2030,314.439468735333,85.756218746,"sector","ghg","emissGHGBySectorPowerGWPAR5"
"Baseline_NDC","EU-15","EU-15","Sources",2030,"Year","Vint_2030","GHG emissions - (MTCO2eq)","sum","CO2","CO2_coal","pal_all","pal_all","Baseline_NDC","CO2 emissions by sector","MTC",2030,367.71535262,100.28600526,"sector","ghg","emissGHGBySectorPowerGWPAR5"
"Baseline_NDC","EU-15","EU-15","Sources",2030,"Year","Vint_2030","GHG emissions - (MTCO2eq)","sum","CO2","CO2_natural gas","pal_all","pal_all","Baseline_NDC","CO2 emissions by sector","MTC",2030,164.674714013333,44.91128564,"sector","ghg","emissGHGBySectorPowerGWPAR5"
"Baseline_NDC","EU-15","EU-15","Sources",2030,"Year","Vint_2030","GHG emissions - (MTCO2eq)","sum","CO2","CO2_refined liquids","pal_all","pal_all","Baseline_NDC","CO2 emissions by sector","MTC",2030,11.9077273846667,3.247562014,"sector","ghg","emissGHGBySectorPowerGWPAR5"
"Baseline_NDC","EU-15","EU-15","Sources",2030,"Year","Vint_2030","GHG emissions - (MTCO2eq)","sum","CO2","backup_electricity_CO2","pal_all","pal_all","Baseline_NDC","CO2 emissions by sector","MTC",2030,18.9926733333333,5.17982,"sector","ghg","emissGHGBySectorPowerGWPAR5"
"NoRusGas_ModelOptimal","EU-12","EU-12","Sources",1990,"Year","Vint_1990","GHG emissions - (MTCO2eq)","sum","CO2","CO2_biomass","pal_all","pal_all","NoRusGas_ModelOptimal","CO2 emissions by sector","MTC",1990,0.098847111,0.026958303,"sector","ghg","emissGHGBySectorPowerGWPAR5"
"NoRusGas_ModelOptimal","EU-12","EU-12","Sources",1990,"Year","Vint_1990","GHG emissions - (MTCO2eq)","sum","CO2","CO2_coal","pal_all","pal_all","NoRusGas_ModelOptimal","CO2 emissions by sector","MTC",1990,292.689481296667,79.82440399,"sector","ghg","emissGHGBySectorPowerGWPAR5"
"NoRusGas_ModelOptimal","EU-12","EU-12","Sources",1990,"Year","Vint_1990","GHG emissions - (MTCO2eq)","sum","CO2","CO2_natural gas","pal_all","pal_all","NoRusGas_ModelOptimal","CO2 emissions by sector","MTC",1990,34.870605,9.510165,"sector","ghg","emissGHGBySectorPowerGWPAR5"
"NoRusGas_ModelOptimal","EU-12","EU-12","Sources",1990,"Year","Vint_1990","GHG emissions - (MTCO2eq)","sum","CO2","CO2_refined liquids","pal_all","pal_all","NoRusGas_ModelOptimal","CO2 emissions by sector","MTC",1990,30.8390137,8.4106401,"sector","ghg","emissGHGBySectorPowerGWPAR5"
"NoRusGas_ModelOptimal","EU-12","EU-12","Sources",2005,"Year","Vint_2005","GHG emissions - (MTCO2eq)","sum","CO2","CO2_biomass","pal_all","pal_all","NoRusGas_ModelOptimal","CO2 emissions by sector","MTC",2005,3.0748135,0.8385855,"sector","ghg","emissGHGBySectorPowerGWPAR5"
"NoRusGas_ModelOptimal","EU-12","EU-12","Sources",2005,"Year","Vint_2005","GHG emissions - (MTCO2eq)","sum","CO2","CO2_coal","pal_all","pal_all","NoRusGas_ModelOptimal","CO2 emissions by sector","MTC",2005,278.238436666667,75.88321,"sector","ghg","emissGHGBySectorPowerGWPAR5"
"NoRusGas_ModelOptimal","EU-12","EU-12","Sources",2005,"Year","Vint_2005","GHG emissions - (MTCO2eq)","sum","CO2","CO2_natural gas","pal_all","pal_all","NoRusGas_ModelOptimal","CO2 emissions by sector","MTC",2005,22.8958766666667,6.24433,"sector","ghg","emissGHGBySectorPowerGWPAR5"
"NoRusGas_ModelOptimal","EU-12","EU-12","Sources",2005,"Year","Vint_2005","GHG emissions - (MTCO2eq)","sum","CO2","CO2_refined liquids","pal_all","pal_all","NoRusGas_ModelOptimal","CO2 emissions by sector","MTC",2005,9.2567024,2.5245552,"sector","ghg","emissGHGBySectorPowerGWPAR5"
"NoRusGas_ModelOptimal","EU-12","EU-12","Sources",2010,"Year","Vint_2010","GHG emissions - (MTCO2eq)","sum","CO2","CO2_biomass","pal_all","pal_all","NoRusGas_ModelOptimal","CO2 emissions by sector","MTC",2010,9.54896873333333,2.6042642,"sector","ghg","emissGHGBySectorPowerGWPAR5"
"NoRusGas_ModelOptimal","EU-12","EU-12","Sources",2010,"Year","Vint_2010","GHG emissions - (MTCO2eq)","sum","CO2","CO2_coal","pal_all","pal_all","NoRusGas_ModelOptimal","CO2 emissions by sector","MTC",2010,276.63416,75.44568,"sector","ghg","emissGHGBySectorPowerGWPAR5"
"NoRusGas_ModelOptimal","EU-12","EU-12","Sources",2010,"Year","Vint_2010","GHG emissions - (MTCO2eq)","sum","CO2","CO2_natural gas","pal_all","pal_all","NoRusGas_ModelOptimal","CO2 emissions by sector","MTC",2010,20.3583435946,5.5522755258,"sector","ghg","emissGHGBySectorPowerGWPAR5"
"NoRusGas_ModelOptimal","EU-12","EU-12","Sources",2010,"Year","Vint_2010","GHG emissions - (MTCO2eq)","sum","CO2","CO2_refined liquids","pal_all","pal_all","NoRusGas_ModelOptimal","CO2 emissions by sector","MTC",2010,8.91050123333333,2.4301367,"sector","ghg","emissGHGBySectorPowerGWPAR5"
"NoRusGas_ModelOptimal","EU-12","EU-12","Sources",2015,"Year","Vint_2015","GHG emissions - (MTCO2eq)","sum","CO2","CO2_biomass","pal_all","pal_all","NoRusGas_ModelOptimal","CO2 emissions by sector","MTC",2015,14.254768,3.887664,"sector","ghg","emissGHGBySectorPowerGWPAR5"
"NoRusGas_ModelOptimal","EU-12","EU-12","Sources",2015,"Year","Vint_2015","GHG emissions - (MTCO2eq)","sum","CO2","CO2_coal","pal_all","pal_all","NoRusGas_ModelOptimal","CO2 emissions by sector","MTC",2015,248.85641,67.86993,"sector","ghg","emissGHGBySectorPowerGWPAR5"
"NoRusGas_ModelOptimal","EU-12","EU-12","Sources",2015,"Year","Vint_2015","GHG emissions - (MTCO2eq)","sum","CO2","CO2_natural gas","pal_all","pal_all","NoRusGas_ModelOptimal","CO2 emissions by sector","MTC",2015,15.9964439451667,4.3626665305,"sector","ghg","emissGHGBySectorPowerGWPAR5"
"NoRusGas_ModelOptimal","EU-12","EU-12","Sources",2015,"Year","Vint_2015","GHG emissions - (MTCO2eq)","sum","CO2","CO2_refined liquids","pal_all","pal_all","NoRusGas_ModelOptimal","CO2 emissions by sector","MTC",2015,5.7806925,1.5765525,"sector","ghg","emissGHGBySectorPowerGWPAR5"
"NoRusGas_ModelOptimal","EU-12","EU-12","Sources",2020,"Year","Vint_2020","GHG emissions - (MTCO2eq)","sum","CO2","CO2_biomass","pal_all","pal_all","NoRusGas_ModelOptimal","CO2 emissions by sector","MTC",2020,14.1671449333333,3.8637668,"sector","ghg","emissGHGBySectorPowerGWPAR5"
"NoRusGas_ModelOptimal","EU-12","EU-12","Sources",2020,"Year","Vint_2020","GHG emissions - (MTCO2eq)","sum","CO2","CO2_coal","pal_all","pal_all","NoRusGas_ModelOptimal","CO2 emissions by sector","MTC",2020,288.762789333333,78.753488,"sector","ghg","emissGHGBySectorPowerGWPAR5"
"NoRusGas_ModelOptimal","EU-12","EU-12","Sources",2020,"Year","Vint_2020","GHG emissions - (MTCO2eq)","sum","CO2","CO2_natural gas","pal_all","pal_all","NoRusGas_ModelOptimal","CO2 emissions by sector","MTC",2020,17.3731257707333,4.7381252102,"sector","ghg","emissGHGBySectorPowerGWPAR5"
"NoRusGas_ModelOptimal","EU-12","EU-12","Sources",2020,"Year","Vint_2020","GHG emissions - (MTCO2eq)","sum","CO2","CO2_refined liquids","pal_all","pal_all","NoRusGas_ModelOptimal","CO2 emissions by sector","MTC",2020,4.04987795666667,1.10451217,"sector","ghg","emissGHGBySectorPowerGWPAR5"
"NoRusGas_ModelOptimal","EU-12","EU-12","Sources",2020,"Year","Vint_2020","GHG emissions - (MTCO2eq)","sum","CO2","backup_electricity_CO2","pal_all","pal_all","NoRusGas_ModelOptimal","CO2 emissions by sector","MTC",2020,0.164214966666667,0.0447859,"sector","ghg","emissGHGBySectorPowerGWPAR5"
"NoRusGas_ModelOptimal","EU-12","EU-12","Sources",2025,"Year","Vint_2025","GHG emissions - (MTCO2eq)","sum","CO2","CO2_biomass","pal_all","pal_all","NoRusGas_ModelOptimal","CO2 emissions by sector","MTC",2025,26.1672109673333,7.136512082,"sector","ghg","emissGHGBySectorPowerGWPAR5"
"NoRusGas_ModelOptimal","EU-12","EU-12","Sources",2025,"Year","Vint_2025","GHG emissions - (MTCO2eq)","sum","CO2","CO2_coal","pal_all","pal_all","NoRusGas_ModelOptimal","CO2 emissions by sector","MTC",2025,61.05108856,16.65029688,"sector","ghg","emissGHGBySectorPowerGWPAR5"
"NoRusGas_ModelOptimal","EU-12","EU-12","Sources",2025,"Year","Vint_2025","GHG emissions - (MTCO2eq)","sum","CO2","CO2_natural gas","pal_all","pal_all","NoRusGas_ModelOptimal","CO2 emissions by sector","MTC",2025,4.64016781000667,1.26550031182,"sector","ghg","emissGHGBySectorPowerGWPAR5"
"NoRusGas_ModelOptimal","EU-12","EU-12","Sources",2025,"Year","Vint_2025","GHG emissions - (MTCO2eq)","sum","CO2","CO2_refined liquids","pal_all","pal_all","NoRusGas_ModelOptimal","CO2 emissions by sector","MTC",2025,2.53678324166667,0.691849975,"sector","ghg","emissGHGBySectorPowerGWPAR5"
"NoRusGas_ModelOptimal","EU-12","EU-12","Sources",2025,"Year","Vint_2025","GHG emissions - (MTCO2eq)","sum","CO2","backup_electricity_CO2","pal_all","pal_all","NoRusGas_ModelOptimal","CO2 emissions by sector","MTC",2025,0.910532333333333,0.248327,"sector","ghg","emissGHGBySectorPowerGWPAR5"
"NoRusGas_ModelOptimal","EU-12","EU-12","Sources",2030,"Year","Vint_2030","GHG emissions - (MTCO2eq)","sum","CO2","CO2_biomass","pal_all","pal_all","NoRusGas_ModelOptimal","CO2 emissions by sector","MTC",2030,27.9213221136667,7.614906031,"sector","ghg","emissGHGBySectorPowerGWPAR5"
"NoRusGas_ModelOptimal","EU-12","EU-12","Sources",2030,"Year","Vint_2030","GHG emissions - (MTCO2eq)","sum","CO2","CO2_coal","pal_all","pal_all","NoRusGas_ModelOptimal","CO2 emissions by sector","MTC",2030,92.81790232,25.31397336,"sector","ghg","emissGHGBySectorPowerGWPAR5"
"NoRusGas_ModelOptimal","EU-12","EU-12","Sources",2030,"Year","Vint_2030","GHG emissions - (MTCO2eq)","sum","CO2","CO2_natural gas","pal_all","pal_all","NoRusGas_ModelOptimal","CO2 emissions by sector","MTC",2030,6.36051446059333,1.73468576198,"sector","ghg","emissGHGBySectorPowerGWPAR5"
"NoRusGas_ModelOptimal","EU-12","EU-12","Sources",2030,"Year","Vint_2030","GHG emissions - (MTCO2eq)","sum","CO2","CO2_refined liquids","pal_all","pal_all","NoRusGas_ModelOptimal","CO2 emissions by sector","MTC",2030,1.76561926786667,0.4815325276,"sector","ghg","emissGHGBySectorPowerGWPAR5"
"NoRusGas_ModelOptimal","EU-12","EU-12","Sources",2030,"Year","Vint_2030","GHG emissions - (MTCO2eq)","sum","CO2","backup_electricity_CO2","pal_all","pal_all","NoRusGas_ModelOptimal","CO2 emissions by sector","MTC",2030,1.39571666666667,0.38065,"sector","ghg","emissGHGBySectorPowerGWPAR5"
"NoRusGas_ModelOptimal","EU-15","EU-15","Sources",1990,"Year","Vint_1990","GHG emissions - (MTCO2eq)","sum","CO2","CO2_biomass","pal_all","pal_all","NoRusGas_ModelOptimal","CO2 emissions by sector","MTC",1990,10.1996268,2.7817164,"sector","ghg","emissGHGBySectorPowerGWPAR5"
"NoRusGas_ModelOptimal","EU-15","EU-15","Sources",1990,"Year","Vint_1990","GHG emissions - (MTCO2eq)","sum","CO2","CO2_coal","pal_all","pal_all","NoRusGas_ModelOptimal","CO2 emissions by sector","MTC",1990,796.71009,217.28457,"sector","ghg","emissGHGBySectorPowerGWPAR5"
"NoRusGas_ModelOptimal","EU-15","EU-15","Sources",1990,"Year","Vint_1990","GHG emissions - (MTCO2eq)","sum","CO2","CO2_natural gas","pal_all","pal_all","NoRusGas_ModelOptimal","CO2 emissions by sector","MTC",1990,64.3065793333333,17.538158,"sector","ghg","emissGHGBySectorPowerGWPAR5"
"NoRusGas_ModelOptimal","EU-15","EU-15","Sources",1990,"Year","Vint_1990","GHG emissions - (MTCO2eq)","sum","CO2","CO2_refined liquids","pal_all","pal_all","NoRusGas_ModelOptimal","CO2 emissions by sector","MTC",1990,116.383329333333,31.740908,"sector","ghg","emissGHGBySectorPowerGWPAR5"
"NoRusGas_ModelOptimal","EU-15","EU-15","Sources",2005,"Year","Vint_2005","GHG emissions - (MTCO2eq)","sum","CO2","CO2_biomass","pal_all","pal_all","NoRusGas_ModelOptimal","CO2 emissions by sector","MTC",2005,58.635434,15.991482,"sector","ghg","emissGHGBySectorPowerGWPAR5"
"NoRusGas_ModelOptimal","EU-15","EU-15","Sources",2005,"Year","Vint_2005","GHG emissions - (MTCO2eq)","sum","CO2","CO2_coal","pal_all","pal_all","NoRusGas_ModelOptimal","CO2 emissions by sector","MTC",2005,696.840283333333,190.04735,"sector","ghg","emissGHGBySectorPowerGWPAR5"
"NoRusGas_ModelOptimal","EU-15","EU-15","Sources",2005,"Year","Vint_2005","GHG emissions - (MTCO2eq)","sum","CO2","CO2_natural gas","pal_all","pal_all","NoRusGas_ModelOptimal","CO2 emissions by sector","MTC",2005,217.745795666667,59.385217,"sector","ghg","emissGHGBySectorPowerGWPAR5"
"NoRusGas_ModelOptimal","EU-15","EU-15","Sources",2005,"Year","Vint_2005","GHG emissions - (MTCO2eq)","sum","CO2","CO2_refined liquids","pal_all","pal_all","NoRusGas_ModelOptimal","CO2 emissions by sector","MTC",2005,72.8104226666667,19.857388,"sector","ghg","emissGHGBySectorPowerGWPAR5"
"NoRusGas_ModelOptimal","EU-15","EU-15","Sources",2010,"Year","Vint_2010","GHG emissions - (MTCO2eq)","sum","CO2","CO2_biomass","pal_all","pal_all","NoRusGas_ModelOptimal","CO2 emissions by sector","MTC",2010,87.083194,23.749962,"sector","ghg","emissGHGBySectorPowerGWPAR5"
"NoRusGas_ModelOptimal","EU-15","EU-15","Sources",2010,"Year","Vint_2010","GHG emissions - (MTCO2eq)","sum","CO2","CO2_coal","pal_all","pal_all","NoRusGas_ModelOptimal","CO2 emissions by sector","MTC",2010,567.227686666667,154.69846,"sector","ghg","emissGHGBySectorPowerGWPAR5"
"NoRusGas_ModelOptimal","EU-15","EU-15","Sources",2010,"Year","Vint_2010","GHG emissions - (MTCO2eq)","sum","CO2","CO2_natural gas","pal_all","pal_all","NoRusGas_ModelOptimal","CO2 emissions by sector","MTC",2010,254.69499,69.46227,"sector","ghg","emissGHGBySectorPowerGWPAR5"
"NoRusGas_ModelOptimal","EU-15","EU-15","Sources",2010,"Year","Vint_2010","GHG emissions - (MTCO2eq)","sum","CO2","CO2_refined liquids","pal_all","pal_all","NoRusGas_ModelOptimal","CO2 emissions by sector","MTC",2010,41.9670826666667,11.445568,"sector","ghg","emissGHGBySectorPowerGWPAR5"
"NoRusGas_ModelOptimal","EU-15","EU-15","Sources",2015,"Year","Vint_2015","GHG emissions - (MTCO2eq)","sum","CO2","CO2_biomass","pal_all","pal_all","NoRusGas_ModelOptimal","CO2 emissions by sector","MTC",2015,103.459579666667,28.216249,"sector","ghg","emissGHGBySectorPowerGWPAR5"
"NoRusGas_ModelOptimal","EU-15","EU-15","Sources",2015,"Year","Vint_2015","GHG emissions - (MTCO2eq)","sum","CO2","CO2_coal","pal_all","pal_all","NoRusGas_ModelOptimal","CO2 emissions by sector","MTC",2015,543.703966666667,148.2829,"sector","ghg","emissGHGBySectorPowerGWPAR5"
"NoRusGas_ModelOptimal","EU-15","EU-15","Sources",2015,"Year","Vint_2015","GHG emissions - (MTCO2eq)","sum","CO2","CO2_natural gas","pal_all","pal_all","NoRusGas_ModelOptimal","CO2 emissions by sector","MTC",2015,162.311955666667,44.266897,"sector","ghg","emissGHGBySectorPowerGWPAR5"
"NoRusGas_ModelOptimal","EU-15","EU-15","Sources",2015,"Year","Vint_2015","GHG emissions - (MTCO2eq)","sum","CO2","CO2_refined liquids","pal_all","pal_all","NoRusGas_ModelOptimal","CO2 emissions by sector","MTC",2015,33.1164863333333,9.031769,"sector","ghg","emissGHGBySectorPowerGWPAR5"
"NoRusGas_ModelOptimal","EU-15","EU-15","Sources",2020,"Year","Vint_2020","GHG emissions - (MTCO2eq)","sum","CO2","CO2_biomass","pal_all","pal_all","NoRusGas_ModelOptimal","CO2 emissions by sector","MTC",2020,78.0276460333333,21.2802671,"sector","ghg","emissGHGBySectorPowerGWPAR5"
"NoRusGas_ModelOptimal","EU-15","EU-15","Sources",2020,"Year","Vint_2020","GHG emissions - (MTCO2eq)","sum","CO2","CO2_coal","pal_all","pal_all","NoRusGas_ModelOptimal","CO2 emissions by sector","MTC",2020,588.511751666667,160.503205,"sector","ghg","emissGHGBySectorPowerGWPAR5"
"NoRusGas_ModelOptimal","EU-15","EU-15","Sources",2020,"Year","Vint_2020","GHG emissions - (MTCO2eq)","sum","CO2","CO2_natural gas","pal_all","pal_all","NoRusGas_ModelOptimal","CO2 emissions by sector","MTC",2020,164.517724066667,44.8684702,"sector","ghg","emissGHGBySectorPowerGWPAR5"
"NoRusGas_ModelOptimal","EU-15","EU-15","Sources",2020,"Year","Vint_2020","GHG emissions - (MTCO2eq)","sum","CO2","CO2_refined liquids","pal_all","pal_all","NoRusGas_ModelOptimal","CO2 emissions by sector","MTC",2020,20.0386384,5.4650832,"sector","ghg","emissGHGBySectorPowerGWPAR5"
"NoRusGas_ModelOptimal","EU-15","EU-15","Sources",2020,"Year","Vint_2020","GHG emissions - (MTCO2eq)","sum","CO2","backup_electricity_CO2","pal_all","pal_all","NoRusGas_ModelOptimal","CO2 emissions by sector","MTC",2020,1.76537166666667,0.481465,"sector","ghg","emissGHGBySectorPowerGWPAR5"
"NoRusGas_ModelOptimal","EU-15","EU-15","Sources",2025,"Year","Vint_2025","GHG emissions - (MTCO2eq)","sum","CO2","CO2_biomass","pal_all","pal_all","NoRusGas_ModelOptimal","CO2 emissions by sector","MTC",2025,148.801574093333,40.58224748,"sector","ghg","emissGHGBySectorPowerGWPAR5"
"NoRusGas_ModelOptimal","EU-15","EU-15","Sources",2025,"Year","Vint_2025","GHG emissions - (MTCO2eq)","sum","CO2","CO2_coal","pal_all","pal_all","NoRusGas_ModelOptimal","CO2 emissions by sector","MTC",2025,108.356942173333,29.55189332,"sector","ghg","emissGHGBySectorPowerGWPAR5"
"NoRusGas_ModelOptimal","EU-15","EU-15","Sources",2025,"Year","Vint_2025","GHG emissions - (MTCO2eq)","sum","CO2","CO2_natural gas","pal_all","pal_all","NoRusGas_ModelOptimal","CO2 emissions by sector","MTC",2025,68.1440741666667,18.5847475,"sector","ghg","emissGHGBySectorPowerGWPAR5"
"NoRusGas_ModelOptimal","EU-15","EU-15","Sources",2025,"Year","Vint_2025","GHG emissions - (MTCO2eq)","sum","CO2","CO2_refined liquids","pal_all","pal_all","NoRusGas_ModelOptimal","CO2 emissions by sector","MTC",2025,8.500136986,2.318219178,"sector","ghg","emissGHGBySectorPowerGWPAR5"
"NoRusGas_ModelOptimal","EU-15","EU-15","Sources",2025,"Year","Vint_2025","GHG emissions - (MTCO2eq)","sum","CO2","backup_electricity_CO2","pal_all","pal_all","NoRusGas_ModelOptimal","CO2 emissions by sector","MTC",2025,6.87540333333333,1.87511,"sector","ghg","emissGHGBySectorPowerGWPAR5"
"NoRusGas_ModelOptimal","EU-15","EU-15","Sources",2030,"Year","Vint_2030","GHG emissions - (MTCO2eq)","sum","CO2","CO2_biomass","pal_all","pal_all","NoRusGas_ModelOptimal","CO2 emissions by sector","MTC",2030,157.219734367667,42.878109373,"sector","ghg","emissGHGBySectorPowerGWPAR5"
"NoRusGas_ModelOptimal","EU-15","EU-15","Sources",2030,"Year","Vint_2030","GHG emissions - (MTCO2eq)","sum","CO2","CO2_coal","pal_all","pal_all","NoRusGas_ModelOptimal","CO2 emissions by sector","MTC",2030,183.85767631,50.14300263,"sector","ghg","emissGHGBySectorPowerGWPAR5"
"NoRusGas_ModelOptimal","EU-15","EU-15","Sources",2030,"Year","Vint_2030","GHG emissions - (MTCO2eq)","sum","CO2","CO2_natural gas","pal_all","pal_all","NoRusGas_ModelOptimal","CO2 emissions by sector","MTC",2030,82.3373570066667,22.45564282,"sector","ghg","emissGHGBySectorPowerGWPAR5"
"NoRusGas_ModelOptimal","EU-15","EU-15","Sources",2030,"Year","Vint_2030","GHG emissions - (MTCO2eq)","sum","CO2","CO2_refined liquids","pal_all","pal_all","NoRusGas_ModelOptimal","CO2 emissions by sector","MTC",2030,5.95386369233333,1.623781007,"sector","ghg","emissGHGBySectorPowerGWPAR5"
"NoRusGas_ModelOptimal","EU-15","EU-15","Sources",2030,"Year","Vint_2030","GHG emissions - (MTCO2eq)","sum","CO2","backup_electricity_CO2","pal_all","pal_all","NoRusGas_ModelOptimal","CO2 emissions by sector","MTC",2030,9.49633666666667,2.58991,"sector","ghg","emissGHGBySectorPowerGWPAR5"
"NoRusGas_ModelOptimal2","EU-12","EU-12","Sources",1990,"Year","Vint_1990","GHG emissions - (MTCO2eq)","sum","CO2","CO2_biomass","pal_all","pal_all","NoRusGas_ModelOptimal2","CO2 emissions by sector","MTC",1990,0.098847111,0.026958303,"sector","ghg","emissGHGBySectorPowerGWPAR5"
"NoRusGas_ModelOptimal2","EU-12","EU-12","Sources",1990,"Year","Vint_1990","GHG emissions - (MTCO2eq)","sum","CO2","CO2_coal","pal_all","pal_all","NoRusGas_ModelOptimal2","CO2 emissions by sector","MTC",1990,292.689481296667,79.82440399,"sector","ghg","emissGHGBySectorPowerGWPAR5"
"NoRusGas_ModelOptimal2","EU-12","EU-12","Sources",1990,"Year","Vint_1990","GHG emissions - (MTCO2eq)","sum","CO2","CO2_natural gas","pal_all","pal_all","NoRusGas_ModelOptimal2","CO2 emissions by sector","MTC",1990,34.870605,9.510165,"sector","ghg","emissGHGBySectorPowerGWPAR5"
"NoRusGas_ModelOptimal2","EU-12","EU-12","Sources",1990,"Year","Vint_1990","GHG emissions - (MTCO2eq)","sum","CO2","CO2_refined liquids","pal_all","pal_all","NoRusGas_ModelOptimal2","CO2 emissions by sector","MTC",1990,30.8390137,8.4106401,"sector","ghg","emissGHGBySectorPowerGWPAR5"
"NoRusGas_ModelOptimal2","EU-12","EU-12","Sources",2005,"Year","Vint_2005","GHG emissions - (MTCO2eq)","sum","CO2","CO2_biomass","pal_all","pal_all","NoRusGas_ModelOptimal2","CO2 emissions by sector","MTC",2005,3.0748135,0.8385855,"sector","ghg","emissGHGBySectorPowerGWPAR5"
"NoRusGas_ModelOptimal2","EU-12","EU-12","Sources",2005,"Year","Vint_2005","GHG emissions - (MTCO2eq)","sum","CO2","CO2_coal","pal_all","pal_all","NoRusGas_ModelOptimal2","CO2 emissions by sector","MTC",2005,278.238436666667,75.88321,"sector","ghg","emissGHGBySectorPowerGWPAR5"
"NoRusGas_ModelOptimal2","EU-12","EU-12","Sources",2005,"Year","Vint_2005","GHG emissions - (MTCO2eq)","sum","CO2","CO2_natural gas","pal_all","pal_all","NoRusGas_ModelOptimal2","CO2 emissions by sector","MTC",2005,22.8958766666667,6.24433,"sector","ghg","emissGHGBySectorPowerGWPAR5"
"NoRusGas_ModelOptimal2","EU-12","EU-12","Sources",2005,"Year","Vint_2005","GHG emissions - (MTCO2eq)","sum","CO2","CO2_refined liquids","pal_all","pal_all","NoRusGas_ModelOptimal2","CO2 emissions by sector","MTC",2005,9.2567024,2.5245552,"sector","ghg","emissGHGBySectorPowerGWPAR5"
"NoRusGas_ModelOptimal2","EU-12","EU-12","Sources",2010,"Year","Vint_2010","GHG emissions - (MTCO2eq)","sum","CO2","CO2_biomass","pal_all","pal_all","NoRusGas_ModelOptimal2","CO2 emissions by sector","MTC",2010,9.54896873333333,2.6042642,"sector","ghg","emissGHGBySectorPowerGWPAR5"
"NoRusGas_ModelOptimal2","EU-12","EU-12","Sources",2010,"Year","Vint_2010","GHG emissions - (MTCO2eq)","sum","CO2","CO2_coal","pal_all","pal_all","NoRusGas_ModelOptimal2","CO2 emissions by sector","MTC",2010,276.63416,75.44568,"sector","ghg","emissGHGBySectorPowerGWPAR5"
"NoRusGas_ModelOptimal2","EU-12","EU-12","Sources",2010,"Year","Vint_2010","GHG emissions - (MTCO2eq)","sum","CO2","CO2_natural gas","pal_all","pal_all","NoRusGas_ModelOptimal2","CO2 emissions by sector","MTC",2010,20.3583435946,5.5522755258,"sector","ghg","emissGHGBySectorPowerGWPAR5"
"NoRusGas_ModelOptimal2","EU-12","EU-12","Sources",2010,"Year","Vint_2010","GHG emissions - (MTCO2eq)","sum","CO2","CO2_refined liquids","pal_all","pal_all","NoRusGas_ModelOptimal2","CO2 emissions by sector","MTC",2010,8.91050123333333,2.4301367,"sector","ghg","emissGHGBySectorPowerGWPAR5"
"NoRusGas_ModelOptimal2","EU-12","EU-12","Sources",2015,"Year","Vint_2015","GHG emissions - (MTCO2eq)","sum","CO2","CO2_biomass","pal_all","pal_all","NoRusGas_ModelOptimal2","CO2 emissions by sector","MTC",2015,14.254768,3.887664,"sector","ghg","emissGHGBySectorPowerGWPAR5"
"NoRusGas_ModelOptimal2","EU-12","EU-12","Sources",2015,"Year","Vint_2015","GHG emissions - (MTCO2eq)","sum","CO2","CO2_coal","pal_all","pal_all","NoRusGas_ModelOptimal2","CO2 emissions by sector","MTC",2015,248.85641,67.86993,"sector","ghg","emissGHGBySectorPowerGWPAR5"
"NoRusGas_ModelOptimal2","EU-12","EU-12","Sources",2015,"Year","Vint_2015","GHG emissions - (MTCO2eq)","sum","CO2","CO2_natural gas","pal_all","pal_all","NoRusGas_ModelOptimal2","CO2 emissions by sector","MTC",2015,15.9964439451667,4.3626665305,"sector","ghg","emissGHGBySectorPowerGWPAR5"
"NoRusGas_ModelOptimal2","EU-12","EU-12","Sources",2015,"Year","Vint_2015","GHG emissions - (MTCO2eq)","sum","CO2","CO2_refined liquids","pal_all","pal_all","NoRusGas_ModelOptimal2","CO2 emissions by sector","MTC",2015,5.7806925,1.5765525,"sector","ghg","emissGHGBySectorPowerGWPAR5"
"NoRusGas_ModelOptimal2","EU-12","EU-12","Sources",2020,"Year","Vint_2020","GHG emissions - (MTCO2eq)","sum","CO2","CO2_biomass","pal_all","pal_all","NoRusGas_ModelOptimal2","CO2 emissions by sector","MTC",2020,14.1671449333333,3.8637668,"sector","ghg","emissGHGBySectorPowerGWPAR5"
"NoRusGas_ModelOptimal2","EU-12","EU-12","Sources",2020,"Year","Vint_2020","GHG emissions - (MTCO2eq)","sum","CO2","CO2_coal","pal_all","pal_all","NoRusGas_ModelOptimal2","CO2 emissions by sector","MTC",2020,288.762789333333,78.753488,"sector","ghg","emissGHGBySectorPowerGWPAR5"
"NoRusGas_ModelOptimal2","EU-12","EU-12","Sources",2020,"Year","Vint_2020","GHG emissions - (MTCO2eq)","sum","CO2","CO2_natural gas","pal_all","pal_all","NoRusGas_ModelOptimal2","CO2 emissions by sector","MTC",2020,17.3731257707333,4.7381252102,"sector","ghg","emissGHGBySectorPowerGWPAR5"
"NoRusGas_ModelOptimal2","EU-12","EU-12","Sources",2020,"Year","Vint_2020","GHG emissions - (MTCO2eq)","sum","CO2","CO2_refined liquids","pal_all","pal_all","NoRusGas_ModelOptimal2","CO2 emissions by sector","MTC",2020,4.04987795666667,1.10451217,"sector","ghg","emissGHGBySectorPowerGWPAR5"
"NoRusGas_ModelOptimal2","EU-12","EU-12","Sources",2020,"Year","Vint_2020","GHG emissions - (MTCO2eq)","sum","CO2","backup_electricity_CO2","pal_all","pal_all","NoRusGas_ModelOptimal2","CO2 emissions by sector","MTC",2020,0.164214966666667,0.0447859,"sector","ghg","emissGHGBySectorPowerGWPAR5"
"NoRusGas_ModelOptimal2","EU-12","EU-12","Sources",2025,"Year","Vint_2025","GHG emissions - (MTCO2eq)","sum","CO2","CO2_biomass","pal_all","pal_all","NoRusGas_ModelOptimal2","CO2 emissions by sector","MTC",2025,26.1672109673333,7.136512082,"sector","ghg","emissGHGBySectorPowerGWPAR5"
"NoRusGas_ModelOptimal2","EU-12","EU-12","Sources",2025,"Year","Vint_2025","GHG emissions - (MTCO2eq)","sum","CO2","CO2_coal","pal_all","pal_all","NoRusGas_ModelOptimal2","CO2 emissions by sector","MTC",2025,61.05108856,16.65029688,"sector","ghg","emissGHGBySectorPowerGWPAR5"
"NoRusGas_ModelOptimal2","EU-12","EU-12","Sources",2025,"Year","Vint_2025","GHG emissions - (MTCO2eq)","sum","CO2","CO2_natural gas","pal_all","pal_all","NoRusGas_ModelOptimal2","CO2 emissions by sector","MTC",2025,4.64016781000667,1.26550031182,"sector","ghg","emissGHGBySectorPowerGWPAR5"
"NoRusGas_ModelOptimal2","EU-12","EU-12","Sources",2025,"Year","Vint_2025","GHG emissions - (MTCO2eq)","sum","CO2","CO2_refined liquids","pal_all","pal_all","NoRusGas_ModelOptimal2","CO2 emissions by sector","MTC",2025,2.53678324166667,0.691849975,"sector","ghg","emissGHGBySectorPowerGWPAR5"
"NoRusGas_ModelOptimal2","EU-12","EU-12","Sources",2025,"Year","Vint_2025","GHG emissions - (MTCO2eq)","sum","CO2","backup_electricity_CO2","pal_all","pal_all","NoRusGas_ModelOptimal2","CO2 emissions by sector","MTC",2025,0.910532333333333,0.248327,"sector","ghg","emissGHGBySectorPowerGWPAR5"
"NoRusGas_ModelOptimal2","EU-12","EU-12","Sources",2030,"Year","Vint_2030","GHG emissions - (MTCO2eq)","sum","CO2","CO2_biomass","pal_all","pal_all","NoRusGas_ModelOptimal2","CO2 emissions by sector","MTC",2030,27.9213221136667,7.614906031,"sector","ghg","emissGHGBySectorPowerGWPAR5"
"NoRusGas_ModelOptimal2","EU-12","EU-12","Sources",2030,"Year","Vint_2030","GHG emissions - (MTCO2eq)","sum","CO2","CO2_coal","pal_all","pal_all","NoRusGas_ModelOptimal2","CO2 emissions by sector","MTC",2030,92.81790232,25.31397336,"sector","ghg","emissGHGBySectorPowerGWPAR5"
"NoRusGas_ModelOptimal2","EU-12","EU-12","Sources",2030,"Year","Vint_2030","GHG emissions - (MTCO2eq)","sum","CO2","CO2_natural gas","pal_all","pal_all","NoRusGas_ModelOptimal2","CO2 emissions by sector","MTC",2030,6.36051446059333,1.73468576198,"sector","ghg","emissGHGBySectorPowerGWPAR5"
"NoRusGas_ModelOptimal2","EU-12","EU-12","Sources",2030,"Year","Vint_2030","GHG emissions - (MTCO2eq)","sum","CO2","CO2_refined liquids","pal_all","pal_all","NoRusGas_ModelOptimal2","CO2 emissions by sector","MTC",2030,1.76561926786667,0.4815325276,"sector","ghg","emissGHGBySectorPowerGWPAR5"
"NoRusGas_ModelOptimal2","EU-12","EU-12","Sources",2030,"Year","Vint_2030","GHG emissions - (MTCO2eq)","sum","CO2","backup_electricity_CO2","pal_all","pal_all","NoRusGas_ModelOptimal2","CO2 emissions by sector","MTC",2030,1.39571666666667,0.38065,"sector","ghg","emissGHGBySectorPowerGWPAR5"
"NoRusGas_ModelOptimal2","EU-15","EU-15","Sources",1990,"Year","Vint_1990","GHG emissions - (MTCO2eq)","sum","CO2","CO2_biomass","pal_all","pal_all","NoRusGas_ModelOptimal2","CO2 emissions by sector","MTC",1990,10.1996268,2.7817164,"sector","ghg","emissGHGBySectorPowerGWPAR5"
"NoRusGas_ModelOptimal2","EU-15","EU-15","Sources",1990,"Year","Vint_1990","GHG emissions - (MTCO2eq)","sum","CO2","CO2_coal","pal_all","pal_all","NoRusGas_ModelOptimal2","CO2 emissions by sector","MTC",1990,796.71009,217.28457,"sector","ghg","emissGHGBySectorPowerGWPAR5"
"NoRusGas_ModelOptimal2","EU-15","EU-15","Sources",1990,"Year","Vint_1990","GHG emissions - (MTCO2eq)","sum","CO2","CO2_natural gas","pal_all","pal_all","NoRusGas_ModelOptimal2","CO2 emissions by sector","MTC",1990,64.3065793333333,17.538158,"sector","ghg","emissGHGBySectorPowerGWPAR5"
"NoRusGas_ModelOptimal2","EU-15","EU-15","Sources",1990,"Year","Vint_1990","GHG emissions - (MTCO2eq)","sum","CO2","CO2_refined liquids","pal_all","pal_all","NoRusGas_ModelOptimal2","CO2 emissions by sector","MTC",1990,116.383329333333,31.740908,"sector","ghg","emissGHGBySectorPowerGWPAR5"
"NoRusGas_ModelOptimal2","EU-15","EU-15","Sources",2005,"Year","Vint_2005","GHG emissions - (MTCO2eq)","sum","CO2","CO2_biomass","pal_all","pal_all","NoRusGas_ModelOptimal2","CO2 emissions by sector","MTC",2005,58.635434,15.991482,"sector","ghg","emissGHGBySectorPowerGWPAR5"
"NoRusGas_ModelOptimal2","EU-15","EU-15","Sources",2005,"Year","Vint_2005","GHG emissions - (MTCO2eq)","sum","CO2","CO2_coal","pal_all","pal_all","NoRusGas_ModelOptimal2","CO2 emissions by sector","MTC",2005,696.840283333333,190.04735,"sector","ghg","emissGHGBySectorPowerGWPAR5"
"NoRusGas_ModelOptimal2","EU-15","EU-15","Sources",2005,"Year","Vint_2005","GHG emissions - (MTCO2eq)","sum","CO2","CO2_natural gas","pal_all","pal_all","NoRusGas_ModelOptimal2","CO2 emissions by sector","MTC",2005,217.745795666667,59.385217,"sector","ghg","emissGHGBySectorPowerGWPAR5"
"NoRusGas_ModelOptimal2","EU-15","EU-15","Sources",2005,"Year","Vint_2005","GHG emissions - (MTCO2eq)","sum","CO2","CO2_refined liquids","pal_all","pal_all","NoRusGas_ModelOptimal2","CO2 emissions by sector","MTC",2005,72.8104226666667,19.857388,"sector","ghg","emissGHGBySectorPowerGWPAR5"
"NoRusGas_ModelOptimal2","EU-15","EU-15","Sources",2010,"Year","Vint_2010","GHG emissions - (MTCO2eq)","sum","CO2","CO2_biomass","pal_all","pal_all","NoRusGas_ModelOptimal2","CO2 emissions by sector","MTC",2010,87.083194,23.749962,"sector","ghg","emissGHGBySectorPowerGWPAR5"
"NoRusGas_ModelOptimal2","EU-15","EU-15","Sources",2010,"Year","Vint_2010","GHG emissions - (MTCO2eq)","sum","CO2","CO2_coal","pal_all","pal_all","NoRusGas_ModelOptimal2","CO2 emissions by sector","MTC",2010,567.227686666667,154.69846,"sector","ghg","emissGHGBySectorPowerGWPAR5"
"NoRusGas_ModelOptimal2","EU-15","EU-15","Sources",2010,"Year","Vint_2010","GHG emissions - (MTCO2eq)","sum","CO2","CO2_natural gas","pal_all","pal_all","NoRusGas_ModelOptimal2","CO2 emissions by sector","MTC",2010,254.69499,69.46227,"sector","ghg","emissGHGBySectorPowerGWPAR5"
"NoRusGas_ModelOptimal2","EU-15","EU-15","Sources",2010,"Year","Vint_2010","GHG emissions - (MTCO2eq)","sum","CO2","CO2_refined liquids","pal_all","pal_all","NoRusGas_ModelOptimal2","CO2 emissions by sector","MTC",2010,41.9670826666667,11.445568,"sector","ghg","emissGHGBySectorPowerGWPAR5"
"NoRusGas_ModelOptimal2","EU-15","EU-15","Sources",2015,"Year","Vint_2015","GHG emissions - (MTCO2eq)","sum","CO2","CO2_biomass","pal_all","pal_all","NoRusGas_ModelOptimal2","CO2 emissions by sector","MTC",2015,103.459579666667,28.216249,"sector","ghg","emissGHGBySectorPowerGWPAR5"
"NoRusGas_ModelOptimal2","EU-15","EU-15","Sources",2015,"Year","Vint_2015","GHG emissions - (MTCO2eq)","sum","CO2","CO2_coal","pal_all","pal_all","NoRusGas_ModelOptimal2","CO2 emissions by sector","MTC",2015,543.703966666667,148.2829,"sector","ghg","emissGHGBySectorPowerGWPAR5"
"NoRusGas_ModelOptimal2","EU-15","EU-15","Sources",2015,"Year","Vint_2015","GHG emissions - (MTCO2eq)","sum","CO2","CO2_natural gas","pal_all","pal_all","NoRusGas_ModelOptimal2","CO2 emissions by sector","MTC",2015,162.311955666667,44.266897,"sector","ghg","emissGHGBySectorPowerGWPAR5"
"NoRusGas_ModelOptimal2","EU-15","EU-15","Sources",2015,"Year","Vint_2015","GHG emissions - (MTCO2eq)","sum","CO2","CO2_refined liquids","pal_all","pal_all","NoRusGas_ModelOptimal2","CO2 emissions by sector","MTC",2015,33.1164863333333,9.031769,"sector","ghg","emissGHGBySectorPowerGWPAR5"
"NoRusGas_ModelOptimal2","EU-15","EU-15","Sources",2020,"Year","Vint_2020","GHG emissions - (MTCO2eq)","sum","CO2","CO2_biomass","pal_all","pal_all","NoRusGas_ModelOptimal2","CO2 emissions by sector","MTC",2020,78.0276460333333,21.2802671,"sector","ghg","emissGHGBySectorPowerGWPAR5"
"NoRusGas_ModelOptimal2","EU-15","EU-15","Sources",2020,"Year","Vint_2020","GHG emissions - (MTCO2eq)","sum","CO2","CO2_coal","pal_all","pal_all","NoRusGas_ModelOptimal2","CO2 emissions by sector","MTC",2020,588.511751666667,160.503205,"sector","ghg","emissGHGBySectorPowerGWPAR5"
"NoRusGas_ModelOptimal2","EU-15","EU-15","Sources",2020,"Year","Vint_2020","GHG emissions - (MTCO2eq)","sum","CO2","CO2_natural gas","pal_all","pal_all","NoRusGas_ModelOptimal2","CO2 emissions by sector","MTC",2020,164.517724066667,44.8684702,"sector","ghg","emissGHGBySectorPowerGWPAR5"
"NoRusGas_ModelOptimal2","EU-15","EU-15","Sources",2020,"Year","Vint_2020","GHG emissions - (MTCO2eq)","sum","CO2","CO2_refined liquids","pal_all","pal_all","NoRusGas_ModelOptimal2","CO2 emissions by sector","MTC",2020,20.0386384,5.4650832,"sector","ghg","emissGHGBySectorPowerGWPAR5"
"NoRusGas_ModelOptimal2","EU-15","EU-15","Sources",2020,"Year","Vint_2020","GHG emissions - (MTCO2eq)","sum","CO2","backup_electricity_CO2","pal_all","pal_all","NoRusGas_ModelOptimal2","CO2 emissions by sector","MTC",2020,1.76537166666667,0.481465,"sector","ghg","emissGHGBySectorPowerGWPAR5"
"NoRusGas_ModelOptimal2","EU-15","EU-15","Sources",2025,"Year","Vint_2025","GHG emissions - (MTCO2eq)","sum","CO2","CO2_biomass","pal_all","pal_all","NoRusGas_ModelOptimal2","CO2 emissions by sector","MTC",2025,148.801574093333,40.58224748,"sector","ghg","emissGHGBySectorPowerGWPAR5"
"NoRusGas_ModelOptimal2","EU-15","EU-15","Sources",2025,"Year","Vint_2025","GHG emissions - (MTCO2eq)","sum","CO2","CO2_coal","pal_all","pal_all","NoRusGas_ModelOptimal2","CO2 emissions by sector","MTC",2025,108.356942173333,29.55189332,"sector","ghg","emissGHGBySectorPowerGWPAR5"
"NoRusGas_ModelOptimal2","EU-15","EU-15","Sources",2025,"Year","Vint_2025","GHG emissions - (MTCO2eq)","sum","CO2","CO2_natural gas","pal_all","pal_all","NoRusGas_ModelOptimal2","CO2 emissions by sector","MTC",2025,68.1440741666667,18.5847475,"sector","ghg","emissGHGBySectorPowerGWPAR5"
"NoRusGas_ModelOptimal2","EU-15","EU-15","Sources",2025,"Year","Vint_2025","GHG emissions - (MTCO2eq)","sum","CO2","CO2_refined liquids","pal_all","pal_all","NoRusGas_ModelOptimal2","CO2 emissions by sector","MTC",2025,8.500136986,2.318219178,"sector","ghg","emissGHGBySectorPowerGWPAR5"
"NoRusGas_ModelOptimal2","EU-15","EU-15","Sources",2025,"Year","Vint_2025","GHG emissions - (MTCO2eq)","sum","CO2","backup_electricity_CO2","pal_all","pal_all","NoRusGas_ModelOptimal2","CO2 emissions by sector","MTC",2025,6.87540333333333,1.87511,"sector","ghg","emissGHGBySectorPowerGWPAR5"
"NoRusGas_ModelOptimal2","EU-15","EU-15","Sources",2030,"Year","Vint_2030","GHG emissions - (MTCO2eq)","sum","CO2","CO2_biomass","pal_all","pal_all","NoRusGas_ModelOptimal2","CO2 emissions by sector","MTC",2030,157.219734367667,42.878109373,"sector","ghg","emissGHGBySectorPowerGWPAR5"
"NoRusGas_ModelOptimal2","EU-15","EU-15","Sources",2030,"Year","Vint_2030","GHG emissions - (MTCO2eq)","sum","CO2","CO2_coal","pal_all","pal_all","NoRusGas_ModelOptimal2","CO2 emissions by sector","MTC",2030,183.85767631,50.14300263,"sector","ghg","emissGHGBySectorPowerGWPAR5"
"NoRusGas_ModelOptimal2","EU-15","EU-15","Sources",2030,"Year","Vint_2030","GHG emissions - (MTCO2eq)","sum","CO2","CO2_natural gas","pal_all","pal_all","NoRusGas_ModelOptimal2","CO2 emissions by sector","MTC",2030,82.3373570066667,22.45564282,"sector","ghg","emissGHGBySectorPowerGWPAR5"
"NoRusGas_ModelOptimal2","EU-15","EU-15","Sources",2030,"Year","Vint_2030","GHG emissions - (MTCO2eq)","sum","CO2","CO2_refined liquids","pal_all","pal_all","NoRusGas_ModelOptimal2","CO2 emissions by sector","MTC",2030,5.95386369233333,1.623781007,"sector","ghg","emissGHGBySectorPowerGWPAR5"
"NoRusGas_ModelOptimal2","EU-15","EU-15","Sources",2030,"Year","Vint_2030","GHG emissions - (MTCO2eq)","sum","CO2","backup_electricity_CO2","pal_all","pal_all","NoRusGas_ModelOptimal2","CO2 emissions by sector","MTC",2030,9.49633666666667,2.58991,"sector","ghg","emissGHGBySectorPowerGWPAR5"
"NoRusGas_constrained_ModelOptimal","EU-12","EU-12","Sources",1990,"Year","Vint_1990","GHG emissions - (MTCO2eq)","sum","CO2","CO2_biomass","pal_all","pal_all","NoRusGas_constrained_ModelOptimal","CO2 emissions by sector","MTC",1990,0.098847111,0.026958303,"sector","ghg","emissGHGBySectorPowerGWPAR5"
"NoRusGas_constrained_ModelOptimal","EU-12","EU-12","Sources",1990,"Year","Vint_1990","GHG emissions - (MTCO2eq)","sum","CO2","CO2_coal","pal_all","pal_all","NoRusGas_constrained_ModelOptimal","CO2 emissions by sector","MTC",1990,292.689481296667,79.82440399,"sector","ghg","emissGHGBySectorPowerGWPAR5"
"NoRusGas_constrained_ModelOptimal","EU-12","EU-12","Sources",1990,"Year","Vint_1990","GHG emissions - (MTCO2eq)","sum","CO2","CO2_natural gas","pal_all","pal_all","NoRusGas_constrained_ModelOptimal","CO2 emissions by sector","MTC",1990,34.870605,9.510165,"sector","ghg","emissGHGBySectorPowerGWPAR5"
"NoRusGas_constrained_ModelOptimal","EU-12","EU-12","Sources",1990,"Year","Vint_1990","GHG emissions - (MTCO2eq)","sum","CO2","CO2_refined liquids","pal_all","pal_all","NoRusGas_constrained_ModelOptimal","CO2 emissions by sector","MTC",1990,30.8390137,8.4106401,"sector","ghg","emissGHGBySectorPowerGWPAR5"
"NoRusGas_constrained_ModelOptimal","EU-12","EU-12","Sources",2005,"Year","Vint_2005","GHG emissions - (MTCO2eq)","sum","CO2","CO2_biomass","pal_all","pal_all","NoRusGas_constrained_ModelOptimal","CO2 emissions by sector","MTC",2005,3.0748135,0.8385855,"sector","ghg","emissGHGBySectorPowerGWPAR5"
"NoRusGas_constrained_ModelOptimal","EU-12","EU-12","Sources",2005,"Year","Vint_2005","GHG emissions - (MTCO2eq)","sum","CO2","CO2_coal","pal_all","pal_all","NoRusGas_constrained_ModelOptimal","CO2 emissions by sector","MTC",2005,278.238436666667,75.88321,"sector","ghg","emissGHGBySectorPowerGWPAR5"
"NoRusGas_constrained_ModelOptimal","EU-12","EU-12","Sources",2005,"Year","Vint_2005","GHG emissions - (MTCO2eq)","sum","CO2","CO2_natural gas","pal_all","pal_all","NoRusGas_constrained_ModelOptimal","CO2 emissions by sector","MTC",2005,22.8958766666667,6.24433,"sector","ghg","emissGHGBySectorPowerGWPAR5"
"NoRusGas_constrained_ModelOptimal","EU-12","EU-12","Sources",2005,"Year","Vint_2005","GHG emissions - (MTCO2eq)","sum","CO2","CO2_refined liquids","pal_all","pal_all","NoRusGas_constrained_ModelOptimal","CO2 emissions by sector","MTC",2005,9.2567024,2.5245552,"sector","ghg","emissGHGBySectorPowerGWPAR5"
"NoRusGas_constrained_ModelOptimal","EU-12","EU-12","Sources",2010,"Year","Vint_2010","GHG emissions - (MTCO2eq)","sum","CO2","CO2_biomass","pal_all","pal_all","NoRusGas_constrained_ModelOptimal","CO2 emissions by sector","MTC",2010,9.54896873333333,2.6042642,"sector","ghg","emissGHGBySectorPowerGWPAR5"
"NoRusGas_constrained_ModelOptimal","EU-12","EU-12","Sources",2010,"Year","Vint_2010","GHG emissions - (MTCO2eq)","sum","CO2","CO2_coal","pal_all","pal_all","NoRusGas_constrained_ModelOptimal","CO2 emissions by sector","MTC",2010,276.63416,75.44568,"sector","ghg","emissGHGBySectorPowerGWPAR5"
"NoRusGas_constrained_ModelOptimal","EU-12","EU-12","Sources",2010,"Year","Vint_2010","GHG emissions - (MTCO2eq)","sum","CO2","CO2_natural gas","pal_all","pal_all","NoRusGas_constrained_ModelOptimal","CO2 emissions by sector","MTC",2010,20.3583435946,5.5522755258,"sector","ghg","emissGHGBySectorPowerGWPAR5"
"NoRusGas_constrained_ModelOptimal","EU-12","EU-12","Sources",2010,"Year","Vint_2010","GHG emissions - (MTCO2eq)","sum","CO2","CO2_refined liquids","pal_all","pal_all","NoRusGas_constrained_ModelOptimal","CO2 emissions by sector","MTC",2010,8.91050123333333,2.4301367,"sector","ghg","emissGHGBySectorPowerGWPAR5"
"NoRusGas_constrained_ModelOptimal","EU-12","EU-12","Sources",2015,"Year","Vint_2015","GHG emissions - (MTCO2eq)","sum","CO2","CO2_biomass","pal_all","pal_all","NoRusGas_constrained_ModelOptimal","CO2 emissions by sector","MTC",2015,14.254768,3.887664,"sector","ghg","emissGHGBySectorPowerGWPAR5"
"NoRusGas_constrained_ModelOptimal","EU-12","EU-12","Sources",2015,"Year","Vint_2015","GHG emissions - (MTCO2eq)","sum","CO2","CO2_coal","pal_all","pal_all","NoRusGas_constrained_ModelOptimal","CO2 emissions by sector","MTC",2015,248.85641,67.86993,"sector","ghg","emissGHGBySectorPowerGWPAR5"
"NoRusGas_constrained_ModelOptimal","EU-12","EU-12","Sources",2015,"Year","Vint_2015","GHG emissions - (MTCO2eq)","sum","CO2","CO2_natural gas","pal_all","pal_all","NoRusGas_constrained_ModelOptimal","CO2 emissions by sector","MTC",2015,15.9964439451667,4.3626665305,"sector","ghg","emissGHGBySectorPowerGWPAR5"
"NoRusGas_constrained_ModelOptimal","EU-12","EU-12","Sources",2015,"Year","Vint_2015","GHG emissions - (MTCO2eq)","sum","CO2","CO2_refined liquids","pal_all","pal_all","NoRusGas_constrained_ModelOptimal","CO2 emissions by sector","MTC",2015,5.7806925,1.5765525,"sector","ghg","emissGHGBySectorPowerGWPAR5"
"NoRusGas_constrained_ModelOptimal","EU-12","EU-12","Sources",2020,"Year","Vint_2020","GHG emissions - (MTCO2eq)","sum","CO2","CO2_biomass","pal_all","pal_all","NoRusGas_constrained_ModelOptimal","CO2 emissions by sector","MTC",2020,14.1671449333333,3.8637668,"sector","ghg","emissGHGBySectorPowerGWPAR5"
"NoRusGas_constrained_ModelOptimal","EU-12","EU-12","Sources",2020,"Year","Vint_2020","GHG emissions - (MTCO2eq)","sum","CO2","CO2_coal","pal_all","pal_all","NoRusGas_constrained_ModelOptimal","CO2 emissions by sector","MTC",2020,288.762789333333,78.753488,"sector","ghg","emissGHGBySectorPowerGWPAR5"
"NoRusGas_constrained_ModelOptimal","EU-12","EU-12","Sources",2020,"Year","Vint_2020","GHG emissions - (MTCO2eq)","sum","CO2","CO2_natural gas","pal_all","pal_all","NoRusGas_constrained_ModelOptimal","CO2 emissions by sector","MTC",2020,17.3731257707333,4.7381252102,"sector","ghg","emissGHGBySectorPowerGWPAR5"
"NoRusGas_constrained_ModelOptimal","EU-12","EU-12","Sources",2020,"Year","Vint_2020","GHG emissions - (MTCO2eq)","sum","CO2","CO2_refined liquids","pal_all","pal_all","NoRusGas_constrained_ModelOptimal","CO2 emissions by sector","MTC",2020,4.04987795666667,1.10451217,"sector","ghg","emissGHGBySectorPowerGWPAR5"
"NoRusGas_constrained_ModelOptimal","EU-12","EU-12","Sources",2020,"Year","Vint_2020","GHG emissions - (MTCO2eq)","sum","CO2","backup_electricity_CO2","pal_all","pal_all","NoRusGas_constrained_ModelOptimal","CO2 emissions by sector","MTC",2020,0.164214966666667,0.0447859,"sector","ghg","emissGHGBySectorPowerGWPAR5"
"NoRusGas_constrained_ModelOptimal","EU-12","EU-12","Sources",2025,"Year","Vint_2025","GHG emissions - (MTCO2eq)","sum","CO2","CO2_biomass","pal_all","pal_all","NoRusGas_constrained_ModelOptimal","CO2 emissions by sector","MTC",2025,25.040438247,6.829210431,"sector","ghg","emissGHGBySectorPowerGWPAR5"
"NoRusGas_constrained_ModelOptimal","EU-12","EU-12","Sources",2025,"Year","Vint_2025","GHG emissions - (MTCO2eq)","sum","CO2","CO2_coal","pal_all","pal_all","NoRusGas_constrained_ModelOptimal","CO2 emissions by sector","MTC",2025,76.4431244866667,20.84812486,"sector","ghg","emissGHGBySectorPowerGWPAR5"
"NoRusGas_constrained_ModelOptimal","EU-12","EU-12","Sources",2025,"Year","Vint_2025","GHG emissions - (MTCO2eq)","sum","CO2","CO2_natural gas","pal_all","pal_all","NoRusGas_constrained_ModelOptimal","CO2 emissions by sector","MTC",2025,11.3967162723333,3.108195347,"sector","ghg","emissGHGBySectorPowerGWPAR5"
"NoRusGas_constrained_ModelOptimal","EU-12","EU-12","Sources",2025,"Year","Vint_2025","GHG emissions - (MTCO2eq)","sum","CO2","CO2_refined liquids","pal_all","pal_all","NoRusGas_constrained_ModelOptimal","CO2 emissions by sector","MTC",2025,2.52182963266667,0.687771718,"sector","ghg","emissGHGBySectorPowerGWPAR5"
"NoRusGas_constrained_ModelOptimal","EU-12","EU-12","Sources",2025,"Year","Vint_2025","GHG emissions - (MTCO2eq)","sum","CO2","backup_electricity_CO2","pal_all","pal_all","NoRusGas_constrained_ModelOptimal","CO2 emissions by sector","MTC",2025,0.973221333333333,0.265424,"sector","ghg","emissGHGBySectorPowerGWPAR5"
"NoRusGas_constrained_ModelOptimal","EU-12","EU-12","Sources",2030,"Year","Vint_2030","GHG emissions - (MTCO2eq)","sum","CO2","CO2_biomass","pal_all","pal_all","NoRusGas_constrained_ModelOptimal","CO2 emissions by sector","MTC",2030,23.9739787686667,6.538357846,"sector","ghg","emissGHGBySectorPowerGWPAR5"
"NoRusGas_constrained_ModelOptimal","EU-12","EU-12","Sources",2030,"Year","Vint_2030","GHG emissions - (MTCO2eq)","sum","CO2","CO2_coal","pal_all","pal_all","NoRusGas_constrained_ModelOptimal","CO2 emissions by sector","MTC",2030,162.3819989,44.2859997,"sector","ghg","emissGHGBySectorPowerGWPAR5"
"NoRusGas_constrained_ModelOptimal","EU-12","EU-12","Sources",2030,"Year","Vint_2030","GHG emissions - (MTCO2eq)","sum","CO2","CO2_natural gas","pal_all","pal_all","NoRusGas_constrained_ModelOptimal","CO2 emissions by sector","MTC",2030,9.20784307006667,2.5112299282,"sector","ghg","emissGHGBySectorPowerGWPAR5"
"NoRusGas_constrained_ModelOptimal","EU-12","EU-12","Sources",2030,"Year","Vint_2030","GHG emissions - (MTCO2eq)","sum","CO2","CO2_refined liquids","pal_all","pal_all","NoRusGas_constrained_ModelOptimal","CO2 emissions by sector","MTC",2030,1.6228456233,0.4425942609,"sector","ghg","emissGHGBySectorPowerGWPAR5"
"NoRusGas_constrained_ModelOptimal","EU-12","EU-12","Sources",2030,"Year","Vint_2030","GHG emissions - (MTCO2eq)","sum","CO2","backup_electricity_CO2","pal_all","pal_all","NoRusGas_constrained_ModelOptimal","CO2 emissions by sector","MTC",2030,0.828472333333333,0.225947,"sector","ghg","emissGHGBySectorPowerGWPAR5"
"NoRusGas_constrained_ModelOptimal","EU-15","EU-15","Sources",1990,"Year","Vint_1990","GHG emissions - (MTCO2eq)","sum","CO2","CO2_biomass","pal_all","pal_all","NoRusGas_constrained_ModelOptimal","CO2 emissions by sector","MTC",1990,10.1996268,2.7817164,"sector","ghg","emissGHGBySectorPowerGWPAR5"
"NoRusGas_constrained_ModelOptimal","EU-15","EU-15","Sources",1990,"Year","Vint_1990","GHG emissions - (MTCO2eq)","sum","CO2","CO2_coal","pal_all","pal_all","NoRusGas_constrained_ModelOptimal","CO2 emissions by sector","MTC",1990,796.71009,217.28457,"sector","ghg","emissGHGBySectorPowerGWPAR5"
"NoRusGas_constrained_ModelOptimal","EU-15","EU-15","Sources",1990,"Year","Vint_1990","GHG emissions - (MTCO2eq)","sum","CO2","CO2_natural gas","pal_all","pal_all","NoRusGas_constrained_ModelOptimal","CO2 emissions by sector","MTC",1990,64.3065793333333,17.538158,"sector","ghg","emissGHGBySectorPowerGWPAR5"
"NoRusGas_constrained_ModelOptimal","EU-15","EU-15","Sources",1990,"Year","Vint_1990","GHG emissions - (MTCO2eq)","sum","CO2","CO2_refined liquids","pal_all","pal_all","NoRusGas_constrained_ModelOptimal","CO2 emissions by sector","MTC",1990,116.383329333333,31.740908,"sector","ghg","emissGHGBySectorPowerGWPAR5"
"NoRusGas_constrained_ModelOptimal","EU-15","EU-15","Sources",2005,"Year","Vint_2005","GHG emissions - (MTCO2eq)","sum","CO2","CO2_biomass","pal_all","pal_all","NoRusGas_constrained_ModelOptimal","CO2 emissions by sector","MTC",2005,58.635434,15.991482,"sector","ghg","emissGHGBySectorPowerGWPAR5"
"NoRusGas_constrained_ModelOptimal","EU-15","EU-15","Sources",2005,"Year","Vint_2005","GHG emissions - (MTCO2eq)","sum","CO2","CO2_coal","pal_all","pal_all","NoRusGas_constrained_ModelOptimal","CO2 emissions by sector","MTC",2005,696.840283333333,190.04735,"sector","ghg","emissGHGBySectorPowerGWPAR5"
"NoRusGas_constrained_ModelOptimal","EU-15","EU-15","Sources",2005,"Year","Vint_2005","GHG emissions - (MTCO2eq)","sum","CO2","CO2_natural gas","pal_all","pal_all","NoRusGas_constrained_ModelOptimal","CO2 emissions by sector","MTC",2005,217.745795666667,59.385217,"sector","ghg","emissGHGBySectorPowerGWPAR5"
"NoRusGas_constrained_ModelOptimal","EU-15","EU-15","Sources",2005,"Year","Vint_2005","GHG emissions - (MTCO2eq)","sum","CO2","CO2_refined liquids","pal_all","pal_all","NoRusGas_constrained_ModelOptimal","CO2 emissions by sector","MTC",2005,72.8104226666667,19.857388,"sector","ghg","emissGHGBySectorPowerGWPAR5"
"NoRusGas_constrained_ModelOptimal","EU-15","EU-15","Sources",2010,"Year","Vint_2010","GHG emissions - (MTCO2eq)","sum","CO2","CO2_biomass","pal_all","pal_all","NoRusGas_constrained_ModelOptimal","CO2 emissions by sector","MTC",2010,87.083194,23.749962,"sector","ghg","emissGHGBySectorPowerGWPAR5"
"NoRusGas_constrained_ModelOptimal","EU-15","EU-15","Sources",2010,"Year","Vint_2010","GHG emissions - (MTCO2eq)","sum","CO2","CO2_coal","pal_all","pal_all","NoRusGas_constrained_ModelOptimal","CO2 emissions by sector","MTC",2010,567.227686666667,154.69846,"sector","ghg","emissGHGBySectorPowerGWPAR5"
"NoRusGas_constrained_ModelOptimal","EU-15","EU-15","Sources",2010,"Year","Vint_2010","GHG emissions - (MTCO2eq)","sum","CO2","CO2_natural gas","pal_all","pal_all","NoRusGas_constrained_ModelOptimal","CO2 emissions by sector","MTC",2010,254.69499,69.46227,"sector","ghg","emissGHGBySectorPowerGWPAR5"
"NoRusGas_constrained_ModelOptimal","EU-15","EU-15","Sources",2010,"Year","Vint_2010","GHG emissions - (MTCO2eq)","sum","CO2","CO2_refined liquids","pal_all","pal_all","NoRusGas_constrained_ModelOptimal","CO2 emissions by sector","MTC",2010,41.9670826666667,11.445568,"sector","ghg","emissGHGBySectorPowerGWPAR5"
"NoRusGas_constrained_ModelOptimal","EU-15","EU-15","Sources",2015,"Year","Vint_2015","GHG emissions - (MTCO2eq)","sum","CO2","CO2_biomass","pal_all","pal_all","NoRusGas_constrained_ModelOptimal","CO2 emissions by sector","MTC",2015,103.459579666667,28.216249,"sector","ghg","emissGHGBySectorPowerGWPAR5"
"NoRusGas_constrained_ModelOptimal","EU-15","EU-15","Sources",2015,"Year","Vint_2015","GHG emissions - (MTCO2eq)","sum","CO2","CO2_coal","pal_all","pal_all","NoRusGas_constrained_ModelOptimal","CO2 emissions by sector","MTC",2015,543.703966666667,148.2829,"sector","ghg","emissGHGBySectorPowerGWPAR5"
"NoRusGas_constrained_ModelOptimal","EU-15","EU-15","Sources",2015,"Year","Vint_2015","GHG emissions - (MTCO2eq)","sum","CO2","CO2_natural gas","pal_all","pal_all","NoRusGas_constrained_ModelOptimal","CO2 emissions by sector","MTC",2015,162.311955666667,44.266897,"sector","ghg","emissGHGBySectorPowerGWPAR5"
"NoRusGas_constrained_ModelOptimal","EU-15","EU-15","Sources",2015,"Year","Vint_2015","GHG emissions - (MTCO2eq)","sum","CO2","CO2_refined liquids","pal_all","pal_all","NoRusGas_constrained_ModelOptimal","CO2 emissions by sector","MTC",2015,33.1164863333333,9.031769,"sector","ghg","emissGHGBySectorPowerGWPAR5"
"NoRusGas_constrained_ModelOptimal","EU-15","EU-15","Sources",2020,"Year","Vint_2020","GHG emissions - (MTCO2eq)","sum","CO2","CO2_biomass","pal_all","pal_all","NoRusGas_constrained_ModelOptimal","CO2 emissions by sector","MTC",2020,78.0276460333333,21.2802671,"sector","ghg","emissGHGBySectorPowerGWPAR5"
"NoRusGas_constrained_ModelOptimal","EU-15","EU-15","Sources",2020,"Year","Vint_2020","GHG emissions - (MTCO2eq)","sum","CO2","CO2_coal","pal_all","pal_all","NoRusGas_constrained_ModelOptimal","CO2 emissions by sector","MTC",2020,588.511751666667,160.503205,"sector","ghg","emissGHGBySectorPowerGWPAR5"
"NoRusGas_constrained_ModelOptimal","EU-15","EU-15","Sources",2020,"Year","Vint_2020","GHG emissions - (MTCO2eq)","sum","CO2","CO2_natural gas","pal_all","pal_all","NoRusGas_constrained_ModelOptimal","CO2 emissions by sector","MTC",2020,164.517724066667,44.8684702,"sector","ghg","emissGHGBySectorPowerGWPAR5"
"NoRusGas_constrained_ModelOptimal","EU-15","EU-15","Sources",2020,"Year","Vint_2020","GHG emissions - (MTCO2eq)","sum","CO2","CO2_refined liquids","pal_all","pal_all","NoRusGas_constrained_ModelOptimal","CO2 emissions by sector","MTC",2020,20.0386384,5.4650832,"sector","ghg","emissGHGBySectorPowerGWPAR5"
"NoRusGas_constrained_ModelOptimal","EU-15","EU-15","Sources",2020,"Year","Vint_2020","GHG emissions - (MTCO2eq)","sum","CO2","backup_electricity_CO2","pal_all","pal_all","NoRusGas_constrained_ModelOptimal","CO2 emissions by sector","MTC",2020,1.76537166666667,0.481465,"sector","ghg","emissGHGBySectorPowerGWPAR5"
"NoRusGas_constrained_ModelOptimal","EU-15","EU-15","Sources",2025,"Year","Vint_2025","GHG emissions - (MTCO2eq)","sum","CO2","CO2_biomass","pal_all","pal_all","NoRusGas_constrained_ModelOptimal","CO2 emissions by sector","MTC",2025,145.277384156667,39.62110477,"sector","ghg","emissGHGBySectorPowerGWPAR5"
"NoRusGas_constrained_ModelOptimal","EU-15","EU-15","Sources",2025,"Year","Vint_2025","GHG emissions - (MTCO2eq)","sum","CO2","CO2_coal","pal_all","pal_all","NoRusGas_constrained_ModelOptimal","CO2 emissions by sector","MTC",2025,107.846821243333,29.41276943,"sector","ghg","emissGHGBySectorPowerGWPAR5"
"NoRusGas_constrained_ModelOptimal","EU-15","EU-15","Sources",2025,"Year","Vint_2025","GHG emissions - (MTCO2eq)","sum","CO2","CO2_natural gas","pal_all","pal_all","NoRusGas_constrained_ModelOptimal","CO2 emissions by sector","MTC",2025,105.11432965,28.66754445,"sector","ghg","emissGHGBySectorPowerGWPAR5"
"NoRusGas_constrained_ModelOptimal","EU-15","EU-15","Sources",2025,"Year","Vint_2025","GHG emissions - (MTCO2eq)","sum","CO2","CO2_refined liquids","pal_all","pal_all","NoRusGas_constrained_ModelOptimal","CO2 emissions by sector","MTC",2025,7.79243119233333,2.125208507,"sector","ghg","emissGHGBySectorPowerGWPAR5"
"NoRusGas_constrained_ModelOptimal","EU-15","EU-15","Sources",2025,"Year","Vint_2025","GHG emissions - (MTCO2eq)","sum","CO2","backup_electricity_CO2","pal_all","pal_all","NoRusGas_constrained_ModelOptimal","CO2 emissions by sector","MTC",2025,6.47009,1.76457,"sector","ghg","emissGHGBySectorPowerGWPAR5"
"NoRusGas_constrained_ModelOptimal","EU-15","EU-15","Sources",2030,"Year","Vint_2030","GHG emissions - (MTCO2eq)","sum","CO2","CO2_biomass","pal_all","pal_all","NoRusGas_constrained_ModelOptimal","CO2 emissions by sector","MTC",2030,155.835641772653,42.50062957436,"sector","ghg","emissGHGBySectorPowerGWPAR5"
"NoRusGas_constrained_ModelOptimal","EU-15","EU-15","Sources",2030,"Year","Vint_2030","GHG emissions - (MTCO2eq)","sum","CO2","CO2_coal","pal_all","pal_all","NoRusGas_constrained_ModelOptimal","CO2 emissions by sector","MTC",2030,368.576381605667,100.520831347,"sector","ghg","emissGHGBySectorPowerGWPAR5"
"NoRusGas_constrained_ModelOptimal","EU-15","EU-15","Sources",2030,"Year","Vint_2030","GHG emissions - (MTCO2eq)","sum","CO2","CO2_natural gas","pal_all","pal_all","NoRusGas_constrained_ModelOptimal","CO2 emissions by sector","MTC",2030,90.0776612413333,24.566634884,"sector","ghg","emissGHGBySectorPowerGWPAR5"
"NoRusGas_constrained_ModelOptimal","EU-15","EU-15","Sources",2030,"Year","Vint_2030","GHG emissions - (MTCO2eq)","sum","CO2","CO2_refined liquids","pal_all","pal_all","NoRusGas_constrained_ModelOptimal","CO2 emissions by sector","MTC",2030,8.591588643,2.343160539,"sector","ghg","emissGHGBySectorPowerGWPAR5"
"NoRusGas_constrained_ModelOptimal","EU-15","EU-15","Sources",2030,"Year","Vint_2030","GHG emissions - (MTCO2eq)","sum","CO2","backup_electricity_CO2","pal_all","pal_all","NoRusGas_constrained_ModelOptimal","CO2 emissions by sector","MTC",2030,6.90316,1.88268,"sector","ghg","emissGHGBySectorPowerGWPAR5"
"Baseline_NDC","EU-12","EU-12","Sources",1990,"Year","Vint_1990","GHG emissions - (MTCO2eq)","sum","CH4","CH4","pal_all","pal_all","Baseline_NDC","nonCO2 emissions by sector","Tg",1990,2.8105272496,0.1003759732,"sector","ghg","emissGHGBySectorPowerGWPAR5"
"Baseline_NDC","EU-12","EU-12","Sources",1990,"Year","Vint_1990","GHG emissions - (MTCO2eq)","sum","N2O","N2O","pal_all","pal_all","Baseline_NDC","nonCO2 emissions by sector","Tg",1990,2.6139641446,0.00986401564,"sector","ghg","emissGHGBySectorPowerGWPAR5"
"Baseline_NDC","EU-12","EU-12","Sources",1990,"Year","Vint_1990","GHG emissions - (MTCO2eq)","sum","SF6","SF6","pal_all","pal_all","Baseline_NDC","nonCO2 emissions by sector","Gg",1990,0.25126717,0.01069222,"sector","ghg","emissGHGBySectorPowerGWPAR5"
"Baseline_NDC","EU-12","EU-12","Sources",2005,"Year","Vint_2005","GHG emissions - (MTCO2eq)","sum","CH4","CH4","pal_all","pal_all","Baseline_NDC","nonCO2 emissions by sector","Tg",2005,2.199296344,0.078546298,"sector","ghg","emissGHGBySectorPowerGWPAR5"
"Baseline_NDC","EU-12","EU-12","Sources",2005,"Year","Vint_2005","GHG emissions - (MTCO2eq)","sum","N2O","N2O","pal_all","pal_all","Baseline_NDC","nonCO2 emissions by sector","Tg",2005,3.82996179,0.014452686,"sector","ghg","emissGHGBySectorPowerGWPAR5"
"Baseline_NDC","EU-12","EU-12","Sources",2005,"Year","Vint_2005","GHG emissions - (MTCO2eq)","sum","SF6","SF6","pal_all","pal_all","Baseline_NDC","nonCO2 emissions by sector","Gg",2005,0.45876747,0.01952202,"sector","ghg","emissGHGBySectorPowerGWPAR5"
"Baseline_NDC","EU-12","EU-12","Sources",2010,"Year","Vint_2010","GHG emissions - (MTCO2eq)","sum","CH4","CH4","pal_all","pal_all","Baseline_NDC","nonCO2 emissions by sector","Tg",2010,2.25557976,0.08055642,"sector","ghg","emissGHGBySectorPowerGWPAR5"
"Baseline_NDC","EU-12","EU-12","Sources",2010,"Year","Vint_2010","GHG emissions - (MTCO2eq)","sum","N2O","N2O","pal_all","pal_all","Baseline_NDC","nonCO2 emissions by sector","Tg",2010,4.61046576,0.017397984,"sector","ghg","emissGHGBySectorPowerGWPAR5"
"Baseline_NDC","EU-12","EU-12","Sources",2010,"Year","Vint_2010","GHG emissions - (MTCO2eq)","sum","SF6","SF6","pal_all","pal_all","Baseline_NDC","nonCO2 emissions by sector","Gg",2010,0.6526326,0.0277716,"sector","ghg","emissGHGBySectorPowerGWPAR5"
"Baseline_NDC","EU-12","EU-12","Sources",2015,"Year","Vint_2015","GHG emissions - (MTCO2eq)","sum","CH4","CH4","pal_all","pal_all","Baseline_NDC","nonCO2 emissions by sector","Tg",2015,1.97079568,0.07038556,"sector","ghg","emissGHGBySectorPowerGWPAR5"
"Baseline_NDC","EU-12","EU-12","Sources",2015,"Year","Vint_2015","GHG emissions - (MTCO2eq)","sum","N2O","N2O","pal_all","pal_all","Baseline_NDC","nonCO2 emissions by sector","Tg",2015,5.41850005,0.02044717,"sector","ghg","emissGHGBySectorPowerGWPAR5"
"Baseline_NDC","EU-12","EU-12","Sources",2015,"Year","Vint_2015","GHG emissions - (MTCO2eq)","sum","SF6","SF6","pal_all","pal_all","Baseline_NDC","nonCO2 emissions by sector","Gg",2015,0.7327535,0.031181,"sector","ghg","emissGHGBySectorPowerGWPAR5"
"Baseline_NDC","EU-12","EU-12","Sources",2020,"Year","Vint_2020","GHG emissions - (MTCO2eq)","sum","CH4","CH4","pal_all","pal_all","Baseline_NDC","nonCO2 emissions by sector","Tg",2020,2.06571467648,0.07377552416,"sector","ghg","emissGHGBySectorPowerGWPAR5"
"Baseline_NDC","EU-12","EU-12","Sources",2020,"Year","Vint_2020","GHG emissions - (MTCO2eq)","sum","N2O","N2O","pal_all","pal_all","Baseline_NDC","nonCO2 emissions by sector","Tg",2020,6.3920430686,0.02412091724,"sector","ghg","emissGHGBySectorPowerGWPAR5"
"Baseline_NDC","EU-12","EU-12","Sources",2020,"Year","Vint_2020","GHG emissions - (MTCO2eq)","sum","SF6","SF6","pal_all","pal_all","Baseline_NDC","nonCO2 emissions by sector","Gg",2020,0.8259733,0.0351478,"sector","ghg","emissGHGBySectorPowerGWPAR5"
"Baseline_NDC","EU-12","EU-12","Sources",2025,"Year","Vint_2025","GHG emissions - (MTCO2eq)","sum","CH4","CH4","pal_all","pal_all","Baseline_NDC","nonCO2 emissions by sector","Tg",2025,0.54955767244,0.01962705973,"sector","ghg","emissGHGBySectorPowerGWPAR5"
"Baseline_NDC","EU-12","EU-12","Sources",2025,"Year","Vint_2025","GHG emissions - (MTCO2eq)","sum","N2O","N2O","pal_all","pal_all","Baseline_NDC","nonCO2 emissions by sector","Tg",2025,1.66849669304,0.006296213936,"sector","ghg","emissGHGBySectorPowerGWPAR5"
"Baseline_NDC","EU-12","EU-12","Sources",2025,"Year","Vint_2025","GHG emissions - (MTCO2eq)","sum","SF6","SF6","pal_all","pal_all","Baseline_NDC","nonCO2 emissions by sector","Gg",2025,0.6119635,0.026041,"sector","ghg","emissGHGBySectorPowerGWPAR5"
"Baseline_NDC","EU-12","EU-12","Sources",2030,"Year","Vint_2030","GHG emissions - (MTCO2eq)","sum","CH4","CH4","pal_all","pal_all","Baseline_NDC","nonCO2 emissions by sector","Tg",2030,0.720907783904,0.025746706568,"sector","ghg","emissGHGBySectorPowerGWPAR5"
"Baseline_NDC","EU-12","EU-12","Sources",2030,"Year","Vint_2030","GHG emissions - (MTCO2eq)","sum","N2O","N2O","pal_all","pal_all","Baseline_NDC","nonCO2 emissions by sector","Tg",2030,2.32793703378,0.008784668052,"sector","ghg","emissGHGBySectorPowerGWPAR5"
"Baseline_NDC","EU-12","EU-12","Sources",2030,"Year","Vint_2030","GHG emissions - (MTCO2eq)","sum","SF6","SF6","pal_all","pal_all","Baseline_NDC","nonCO2 emissions by sector","Gg",2030,0.74824,0.03184,"sector","ghg","emissGHGBySectorPowerGWPAR5"
"Baseline_NDC","EU-15","EU-15","Sources",1990,"Year","Vint_1990","GHG emissions - (MTCO2eq)","sum","CH4","CH4","pal_all","pal_all","Baseline_NDC","nonCO2 emissions by sector","Tg",1990,2.72929944,0.09747498,"sector","ghg","emissGHGBySectorPowerGWPAR5"
"Baseline_NDC","EU-15","EU-15","Sources",1990,"Year","Vint_1990","GHG emissions - (MTCO2eq)","sum","N2O","N2O","pal_all","pal_all","Baseline_NDC","nonCO2 emissions by sector","Tg",1990,7.25091728,0.027361952,"sector","ghg","emissGHGBySectorPowerGWPAR5"
"Baseline_NDC","EU-15","EU-15","Sources",1990,"Year","Vint_1990","GHG emissions - (MTCO2eq)","sum","SF6","SF6","pal_all","pal_all","Baseline_NDC","nonCO2 emissions by sector","Gg",1990,5.931118,0.252388,"sector","ghg","emissGHGBySectorPowerGWPAR5"
"Baseline_NDC","EU-15","EU-15","Sources",2005,"Year","Vint_2005","GHG emissions - (MTCO2eq)","sum","CH4","CH4","pal_all","pal_all","Baseline_NDC","nonCO2 emissions by sector","Tg",2005,7.577108,0.270611,"sector","ghg","emissGHGBySectorPowerGWPAR5"
"Baseline_NDC","EU-15","EU-15","Sources",2005,"Year","Vint_2005","GHG emissions - (MTCO2eq)","sum","N2O","N2O","pal_all","pal_all","Baseline_NDC","nonCO2 emissions by sector","Tg",2005,12.37720554,0.046706436,"sector","ghg","emissGHGBySectorPowerGWPAR5"
"Baseline_NDC","EU-15","EU-15","Sources",2005,"Year","Vint_2005","GHG emissions - (MTCO2eq)","sum","SF6","SF6","pal_all","pal_all","Baseline_NDC","nonCO2 emissions by sector","Gg",2005,4.868166,0.207156,"sector","ghg","emissGHGBySectorPowerGWPAR5"
"Baseline_NDC","EU-15","EU-15","Sources",2010,"Year","Vint_2010","GHG emissions - (MTCO2eq)","sum","CH4","CH4","pal_all","pal_all","Baseline_NDC","nonCO2 emissions by sector","Tg",2010,7.82596584,0.27949878,"sector","ghg","emissGHGBySectorPowerGWPAR5"
"Baseline_NDC","EU-15","EU-15","Sources",2010,"Year","Vint_2010","GHG emissions - (MTCO2eq)","sum","N2O","N2O","pal_all","pal_all","Baseline_NDC","nonCO2 emissions by sector","Tg",2010,13.56134797,0.051174898,"sector","ghg","emissGHGBySectorPowerGWPAR5"
"Baseline_NDC","EU-15","EU-15","Sources",2010,"Year","Vint_2010","GHG emissions - (MTCO2eq)","sum","SF6","SF6","pal_all","pal_all","Baseline_NDC","nonCO2 emissions by sector","Gg",2010,4.0240037,0.1712342,"sector","ghg","emissGHGBySectorPowerGWPAR5"
"Baseline_NDC","EU-15","EU-15","Sources",2015,"Year","Vint_2015","GHG emissions - (MTCO2eq)","sum","CH4","CH4","pal_all","pal_all","Baseline_NDC","nonCO2 emissions by sector","Tg",2015,5.24041504,0.18715768,"sector","ghg","emissGHGBySectorPowerGWPAR5"
"Baseline_NDC","EU-15","EU-15","Sources",2015,"Year","Vint_2015","GHG emissions - (MTCO2eq)","sum","N2O","N2O","pal_all","pal_all","Baseline_NDC","nonCO2 emissions by sector","Tg",2015,13.97643072,0.052741248,"sector","ghg","emissGHGBySectorPowerGWPAR5"
"Baseline_NDC","EU-15","EU-15","Sources",2015,"Year","Vint_2015","GHG emissions - (MTCO2eq)","sum","SF6","SF6","pal_all","pal_all","Baseline_NDC","nonCO2 emissions by sector","Gg",2015,3.41878,0.14548,"sector","ghg","emissGHGBySectorPowerGWPAR5"
"Baseline_NDC","EU-15","EU-15","Sources",2020,"Year","Vint_2020","GHG emissions - (MTCO2eq)","sum","CH4","CH4","pal_all","pal_all","Baseline_NDC","nonCO2 emissions by sector","Tg",2020,3.3396199144,0.1192721398,"sector","ghg","emissGHGBySectorPowerGWPAR5"
"Baseline_NDC","EU-15","EU-15","Sources",2020,"Year","Vint_2020","GHG emissions - (MTCO2eq)","sum","N2O","N2O","pal_all","pal_all","Baseline_NDC","nonCO2 emissions by sector","Tg",2020,12.7944977646,0.04828112364,"sector","ghg","emissGHGBySectorPowerGWPAR5"
"Baseline_NDC","EU-15","EU-15","Sources",2020,"Year","Vint_2020","GHG emissions - (MTCO2eq)","sum","SF6","SF6","pal_all","pal_all","Baseline_NDC","nonCO2 emissions by sector","Gg",2020,3.4704988,0.1476808,"sector","ghg","emissGHGBySectorPowerGWPAR5"
"Baseline_NDC","EU-15","EU-15","Sources",2025,"Year","Vint_2025","GHG emissions - (MTCO2eq)","sum","CH4","CH4","pal_all","pal_all","Baseline_NDC","nonCO2 emissions by sector","Tg",2025,1.77734099536,0.06347646412,"sector","ghg","emissGHGBySectorPowerGWPAR5"
"Baseline_NDC","EU-15","EU-15","Sources",2025,"Year","Vint_2025","GHG emissions - (MTCO2eq)","sum","N2O","N2O","pal_all","pal_all","Baseline_NDC","nonCO2 emissions by sector","Tg",2025,4.63017156863,0.017472345542,"sector","ghg","emissGHGBySectorPowerGWPAR5"
"Baseline_NDC","EU-15","EU-15","Sources",2025,"Year","Vint_2025","GHG emissions - (MTCO2eq)","sum","SF6","SF6","pal_all","pal_all","Baseline_NDC","nonCO2 emissions by sector","Gg",2025,2.5614671,0.1089986,"sector","ghg","emissGHGBySectorPowerGWPAR5"
"Baseline_NDC","EU-15","EU-15","Sources",2030,"Year","Vint_2030","GHG emissions - (MTCO2eq)","sum","CH4","CH4","pal_all","pal_all","Baseline_NDC","nonCO2 emissions by sector","Tg",2030,2.00447599072,0.07158842824,"sector","ghg","emissGHGBySectorPowerGWPAR5"
"Baseline_NDC","EU-15","EU-15","Sources",2030,"Year","Vint_2030","GHG emissions - (MTCO2eq)","sum","N2O","N2O","pal_all","pal_all","Baseline_NDC","nonCO2 emissions by sector","Tg",2030,5.98339584572,0.022578852248,"sector","ghg","emissGHGBySectorPowerGWPAR5"
"Baseline_NDC","EU-15","EU-15","Sources",2030,"Year","Vint_2030","GHG emissions - (MTCO2eq)","sum","SF6","SF6","pal_all","pal_all","Baseline_NDC","nonCO2 emissions by sector","Gg",2030,2.9632654,0.1260964,"sector","ghg","emissGHGBySectorPowerGWPAR5"
"NoRusGas_ModelOptimal","EU-12","EU-12","Sources",1990,"Year","Vint_1990","GHG emissions - (MTCO2eq)","sum","CH4","CH4","pal_all","pal_all","NoRusGas_ModelOptimal","nonCO2 emissions by sector","Tg",1990,1.4052636248,0.0501879866,"sector","ghg","emissGHGBySectorPowerGWPAR5"
"NoRusGas_ModelOptimal","EU-12","EU-12","Sources",1990,"Year","Vint_1990","GHG emissions - (MTCO2eq)","sum","N2O","N2O","pal_all","pal_all","NoRusGas_ModelOptimal","nonCO2 emissions by sector","Tg",1990,1.3069820723,0.00493200782,"sector","ghg","emissGHGBySectorPowerGWPAR5"
"NoRusGas_ModelOptimal","EU-12","EU-12","Sources",1990,"Year","Vint_1990","GHG emissions - (MTCO2eq)","sum","SF6","SF6","pal_all","pal_all","NoRusGas_ModelOptimal","nonCO2 emissions by sector","Gg",1990,0.125633585,0.00534611,"sector","ghg","emissGHGBySectorPowerGWPAR5"
"NoRusGas_ModelOptimal","EU-12","EU-12","Sources",2005,"Year","Vint_2005","GHG emissions - (MTCO2eq)","sum","CH4","CH4","pal_all","pal_all","NoRusGas_ModelOptimal","nonCO2 emissions by sector","Tg",2005,1.099648172,0.039273149,"sector","ghg","emissGHGBySectorPowerGWPAR5"
"NoRusGas_ModelOptimal","EU-12","EU-12","Sources",2005,"Year","Vint_2005","GHG emissions - (MTCO2eq)","sum","N2O","N2O","pal_all","pal_all","NoRusGas_ModelOptimal","nonCO2 emissions by sector","Tg",2005,1.914980895,0.007226343,"sector","ghg","emissGHGBySectorPowerGWPAR5"
"NoRusGas_ModelOptimal","EU-12","EU-12","Sources",2005,"Year","Vint_2005","GHG emissions - (MTCO2eq)","sum","SF6","SF6","pal_all","pal_all","NoRusGas_ModelOptimal","nonCO2 emissions by sector","Gg",2005,0.229383735,0.00976101,"sector","ghg","emissGHGBySectorPowerGWPAR5"
"NoRusGas_ModelOptimal","EU-12","EU-12","Sources",2010,"Year","Vint_2010","GHG emissions - (MTCO2eq)","sum","CH4","CH4","pal_all","pal_all","NoRusGas_ModelOptimal","nonCO2 emissions by sector","Tg",2010,1.12778988,0.04027821,"sector","ghg","emissGHGBySectorPowerGWPAR5"
"NoRusGas_ModelOptimal","EU-12","EU-12","Sources",2010,"Year","Vint_2010","GHG emissions - (MTCO2eq)","sum","N2O","N2O","pal_all","pal_all","NoRusGas_ModelOptimal","nonCO2 emissions by sector","Tg",2010,2.30523288,0.008698992,"sector","ghg","emissGHGBySectorPowerGWPAR5"
"NoRusGas_ModelOptimal","EU-12","EU-12","Sources",2010,"Year","Vint_2010","GHG emissions - (MTCO2eq)","sum","SF6","SF6","pal_all","pal_all","NoRusGas_ModelOptimal","nonCO2 emissions by sector","Gg",2010,0.3263163,0.0138858,"sector","ghg","emissGHGBySectorPowerGWPAR5"
"NoRusGas_ModelOptimal","EU-12","EU-12","Sources",2015,"Year","Vint_2015","GHG emissions - (MTCO2eq)","sum","CH4","CH4","pal_all","pal_all","NoRusGas_ModelOptimal","nonCO2 emissions by sector","Tg",2015,0.98539784,0.03519278,"sector","ghg","emissGHGBySectorPowerGWPAR5"
"NoRusGas_ModelOptimal","EU-12","EU-12","Sources",2015,"Year","Vint_2015","GHG emissions - (MTCO2eq)","sum","N2O","N2O","pal_all","pal_all","NoRusGas_ModelOptimal","nonCO2 emissions by sector","Tg",2015,2.709250025,0.010223585,"sector","ghg","emissGHGBySectorPowerGWPAR5"
"NoRusGas_ModelOptimal","EU-12","EU-12","Sources",2015,"Year","Vint_2015","GHG emissions - (MTCO2eq)","sum","SF6","SF6","pal_all","pal_all","NoRusGas_ModelOptimal","nonCO2 emissions by sector","Gg",2015,0.36637675,0.0155905,"sector","ghg","emissGHGBySectorPowerGWPAR5"
"NoRusGas_ModelOptimal","EU-12","EU-12","Sources",2020,"Year","Vint_2020","GHG emissions - (MTCO2eq)","sum","CH4","CH4","pal_all","pal_all","NoRusGas_ModelOptimal","nonCO2 emissions by sector","Tg",2020,1.03285733824,0.03688776208,"sector","ghg","emissGHGBySectorPowerGWPAR5"
"NoRusGas_ModelOptimal","EU-12","EU-12","Sources",2020,"Year","Vint_2020","GHG emissions - (MTCO2eq)","sum","N2O","N2O","pal_all","pal_all","NoRusGas_ModelOptimal","nonCO2 emissions by sector","Tg",2020,3.1960215343,0.01206045862,"sector","ghg","emissGHGBySectorPowerGWPAR5"
"NoRusGas_ModelOptimal","EU-12","EU-12","Sources",2020,"Year","Vint_2020","GHG emissions - (MTCO2eq)","sum","SF6","SF6","pal_all","pal_all","NoRusGas_ModelOptimal","nonCO2 emissions by sector","Gg",2020,0.41298665,0.0175739,"sector","ghg","emissGHGBySectorPowerGWPAR5"
"NoRusGas_ModelOptimal","EU-12","EU-12","Sources",2025,"Year","Vint_2025","GHG emissions - (MTCO2eq)","sum","CH4","CH4","pal_all","pal_all","NoRusGas_ModelOptimal","nonCO2 emissions by sector","Tg",2025,0.27477883622,0.009813529865,"sector","ghg","emissGHGBySectorPowerGWPAR5"
"NoRusGas_ModelOptimal","EU-12","EU-12","Sources",2025,"Year","Vint_2025","GHG emissions - (MTCO2eq)","sum","N2O","N2O","pal_all","pal_all","NoRusGas_ModelOptimal","nonCO2 emissions by sector","Tg",2025,0.83424834652,0.003148106968,"sector","ghg","emissGHGBySectorPowerGWPAR5"
"NoRusGas_ModelOptimal","EU-12","EU-12","Sources",2025,"Year","Vint_2025","GHG emissions - (MTCO2eq)","sum","SF6","SF6","pal_all","pal_all","NoRusGas_ModelOptimal","nonCO2 emissions by sector","Gg",2025,0.30598175,0.0130205,"sector","ghg","emissGHGBySectorPowerGWPAR5"
"NoRusGas_ModelOptimal","EU-12","EU-12","Sources",2030,"Year","Vint_2030","GHG emissions - (MTCO2eq)","sum","CH4","CH4","pal_all","pal_all","NoRusGas_ModelOptimal","nonCO2 emissions by sector","Tg",2030,0.360453891952,0.012873353284,"sector","ghg","emissGHGBySectorPowerGWPAR5"
"NoRusGas_ModelOptimal","EU-12","EU-12","Sources",2030,"Year","Vint_2030","GHG emissions - (MTCO2eq)","sum","N2O","N2O","pal_all","pal_all","NoRusGas_ModelOptimal","nonCO2 emissions by sector","Tg",2030,1.16396851689,0.004392334026,"sector","ghg","emissGHGBySectorPowerGWPAR5"
"NoRusGas_ModelOptimal","EU-12","EU-12","Sources",2030,"Year","Vint_2030","GHG emissions - (MTCO2eq)","sum","SF6","SF6","pal_all","pal_all","NoRusGas_ModelOptimal","nonCO2 emissions by sector","Gg",2030,0.37412,0.01592,"sector","ghg","emissGHGBySectorPowerGWPAR5"
"NoRusGas_ModelOptimal","EU-15","EU-15","Sources",1990,"Year","Vint_1990","GHG emissions - (MTCO2eq)","sum","CH4","CH4","pal_all","pal_all","NoRusGas_ModelOptimal","nonCO2 emissions by sector","Tg",1990,1.36464972,0.04873749,"sector","ghg","emissGHGBySectorPowerGWPAR5"
"NoRusGas_ModelOptimal","EU-15","EU-15","Sources",1990,"Year","Vint_1990","GHG emissions - (MTCO2eq)","sum","N2O","N2O","pal_all","pal_all","NoRusGas_ModelOptimal","nonCO2 emissions by sector","Tg",1990,3.62545864,0.013680976,"sector","ghg","emissGHGBySectorPowerGWPAR5"
"NoRusGas_ModelOptimal","EU-15","EU-15","Sources",1990,"Year","Vint_1990","GHG emissions - (MTCO2eq)","sum","SF6","SF6","pal_all","pal_all","NoRusGas_ModelOptimal","nonCO2 emissions by sector","Gg",1990,2.965559,0.126194,"sector","ghg","emissGHGBySectorPowerGWPAR5"
"NoRusGas_ModelOptimal","EU-15","EU-15","Sources",2005,"Year","Vint_2005","GHG emissions - (MTCO2eq)","sum","CH4","CH4","pal_all","pal_all","NoRusGas_ModelOptimal","nonCO2 emissions by sector","Tg",2005,3.788554,0.1353055,"sector","ghg","emissGHGBySectorPowerGWPAR5"
"NoRusGas_ModelOptimal","EU-15","EU-15","Sources",2005,"Year","Vint_2005","GHG emissions - (MTCO2eq)","sum","N2O","N2O","pal_all","pal_all","NoRusGas_ModelOptimal","nonCO2 emissions by sector","Tg",2005,6.18860277,0.023353218,"sector","ghg","emissGHGBySectorPowerGWPAR5"
"NoRusGas_ModelOptimal","EU-15","EU-15","Sources",2005,"Year","Vint_2005","GHG emissions - (MTCO2eq)","sum","SF6","SF6","pal_all","pal_all","NoRusGas_ModelOptimal","nonCO2 emissions by sector","Gg",2005,2.434083,0.103578,"sector","ghg","emissGHGBySectorPowerGWPAR5"
"NoRusGas_ModelOptimal","EU-15","EU-15","Sources",2010,"Year","Vint_2010","GHG emissions - (MTCO2eq)","sum","CH4","CH4","pal_all","pal_all","NoRusGas_ModelOptimal","nonCO2 emissions by sector","Tg",2010,3.91298292,0.13974939,"sector","ghg","emissGHGBySectorPowerGWPAR5"
"NoRusGas_ModelOptimal","EU-15","EU-15","Sources",2010,"Year","Vint_2010","GHG emissions - (MTCO2eq)","sum","N2O","N2O","pal_all","pal_all","NoRusGas_ModelOptimal","nonCO2 emissions by sector","Tg",2010,6.780673985,0.025587449,"sector","ghg","emissGHGBySectorPowerGWPAR5"
"NoRusGas_ModelOptimal","EU-15","EU-15","Sources",2010,"Year","Vint_2010","GHG emissions - (MTCO2eq)","sum","SF6","SF6","pal_all","pal_all","NoRusGas_ModelOptimal","nonCO2 emissions by sector","Gg",2010,2.01200185,0.0856171,"sector","ghg","emissGHGBySectorPowerGWPAR5"
"NoRusGas_ModelOptimal","EU-15","EU-15","Sources",2015,"Year","Vint_2015","GHG emissions - (MTCO2eq)","sum","CH4","CH4","pal_all","pal_all","NoRusGas_ModelOptimal","nonCO2 emissions by sector","Tg",2015,2.62020752,0.09357884,"sector","ghg","emissGHGBySectorPowerGWPAR5"
"NoRusGas_ModelOptimal","EU-15","EU-15","Sources",2015,"Year","Vint_2015","GHG emissions - (MTCO2eq)","sum","N2O","N2O","pal_all","pal_all","NoRusGas_ModelOptimal","nonCO2 emissions by sector","Tg",2015,6.98821536,0.026370624,"sector","ghg","emissGHGBySectorPowerGWPAR5"
"NoRusGas_ModelOptimal","EU-15","EU-15","Sources",2015,"Year","Vint_2015","GHG emissions - (MTCO2eq)","sum","SF6","SF6","pal_all","pal_all","NoRusGas_ModelOptimal","nonCO2 emissions by sector","Gg",2015,1.70939,0.07274,"sector","ghg","emissGHGBySectorPowerGWPAR5"
"NoRusGas_ModelOptimal","EU-15","EU-15","Sources",2020,"Year","Vint_2020","GHG emissions - (MTCO2eq)","sum","CH4","CH4","pal_all","pal_all","NoRusGas_ModelOptimal","nonCO2 emissions by sector","Tg",2020,1.6698099572,0.0596360699,"sector","ghg","emissGHGBySectorPowerGWPAR5"
"NoRusGas_ModelOptimal","EU-15","EU-15","Sources",2020,"Year","Vint_2020","GHG emissions - (MTCO2eq)","sum","N2O","N2O","pal_all","pal_all","NoRusGas_ModelOptimal","nonCO2 emissions by sector","Tg",2020,6.3972488823,0.02414056182,"sector","ghg","emissGHGBySectorPowerGWPAR5"
"NoRusGas_ModelOptimal","EU-15","EU-15","Sources",2020,"Year","Vint_2020","GHG emissions - (MTCO2eq)","sum","SF6","SF6","pal_all","pal_all","NoRusGas_ModelOptimal","nonCO2 emissions by sector","Gg",2020,1.7352494,0.0738404,"sector","ghg","emissGHGBySectorPowerGWPAR5"
"NoRusGas_ModelOptimal","EU-15","EU-15","Sources",2025,"Year","Vint_2025","GHG emissions - (MTCO2eq)","sum","CH4","CH4","pal_all","pal_all","NoRusGas_ModelOptimal","nonCO2 emissions by sector","Tg",2025,0.88867049768,0.03173823206,"sector","ghg","emissGHGBySectorPowerGWPAR5"
"NoRusGas_ModelOptimal","EU-15","EU-15","Sources",2025,"Year","Vint_2025","GHG emissions - (MTCO2eq)","sum","N2O","N2O","pal_all","pal_all","NoRusGas_ModelOptimal","nonCO2 emissions by sector","Tg",2025,2.315085784315,0.008736172771,"sector","ghg","emissGHGBySectorPowerGWPAR5"
"NoRusGas_ModelOptimal","EU-15","EU-15","Sources",2025,"Year","Vint_2025","GHG emissions - (MTCO2eq)","sum","SF6","SF6","pal_all","pal_all","NoRusGas_ModelOptimal","nonCO2 emissions by sector","Gg",2025,1.28073355,0.0544993,"sector","ghg","emissGHGBySectorPowerGWPAR5"
"NoRusGas_ModelOptimal","EU-15","EU-15","Sources",2030,"Year","Vint_2030","GHG emissions - (MTCO2eq)","sum","CH4","CH4","pal_all","pal_all","NoRusGas_ModelOptimal","nonCO2 emissions by sector","Tg",2030,1.00223799536,0.03579421412,"sector","ghg","emissGHGBySectorPowerGWPAR5"
"NoRusGas_ModelOptimal","EU-15","EU-15","Sources",2030,"Year","Vint_2030","GHG emissions - (MTCO2eq)","sum","N2O","N2O","pal_all","pal_all","NoRusGas_ModelOptimal","nonCO2 emissions by sector","Tg",2030,2.99169792286,0.011289426124,"sector","ghg","emissGHGBySectorPowerGWPAR5"
"NoRusGas_ModelOptimal","EU-15","EU-15","Sources",2030,"Year","Vint_2030","GHG emissions - (MTCO2eq)","sum","SF6","SF6","pal_all","pal_all","NoRusGas_ModelOptimal","nonCO2 emissions by sector","Gg",2030,1.4816327,0.0630482,"sector","ghg","emissGHGBySectorPowerGWPAR5"
"NoRusGas_ModelOptimal2","EU-12","EU-12","Sources",1990,"Year","Vint_1990","GHG emissions - (MTCO2eq)","sum","CH4","CH4","pal_all","pal_all","NoRusGas_ModelOptimal2","nonCO2 emissions by sector","Tg",1990,1.4052636248,0.0501879866,"sector","ghg","emissGHGBySectorPowerGWPAR5"
"NoRusGas_ModelOptimal2","EU-12","EU-12","Sources",1990,"Year","Vint_1990","GHG emissions - (MTCO2eq)","sum","N2O","N2O","pal_all","pal_all","NoRusGas_ModelOptimal2","nonCO2 emissions by sector","Tg",1990,1.3069820723,0.00493200782,"sector","ghg","emissGHGBySectorPowerGWPAR5"
"NoRusGas_ModelOptimal2","EU-12","EU-12","Sources",1990,"Year","Vint_1990","GHG emissions - (MTCO2eq)","sum","SF6","SF6","pal_all","pal_all","NoRusGas_ModelOptimal2","nonCO2 emissions by sector","Gg",1990,0.125633585,0.00534611,"sector","ghg","emissGHGBySectorPowerGWPAR5"
"NoRusGas_ModelOptimal2","EU-12","EU-12","Sources",2005,"Year","Vint_2005","GHG emissions - (MTCO2eq)","sum","CH4","CH4","pal_all","pal_all","NoRusGas_ModelOptimal2","nonCO2 emissions by sector","Tg",2005,1.099648172,0.039273149,"sector","ghg","emissGHGBySectorPowerGWPAR5"
"NoRusGas_ModelOptimal2","EU-12","EU-12","Sources",2005,"Year","Vint_2005","GHG emissions - (MTCO2eq)","sum","N2O","N2O","pal_all","pal_all","NoRusGas_ModelOptimal2","nonCO2 emissions by sector","Tg",2005,1.914980895,0.007226343,"sector","ghg","emissGHGBySectorPowerGWPAR5"
"NoRusGas_ModelOptimal2","EU-12","EU-12","Sources",2005,"Year","Vint_2005","GHG emissions - (MTCO2eq)","sum","SF6","SF6","pal_all","pal_all","NoRusGas_ModelOptimal2","nonCO2 emissions by sector","Gg",2005,0.229383735,0.00976101,"sector","ghg","emissGHGBySectorPowerGWPAR5"
"NoRusGas_ModelOptimal2","EU-12","EU-12","Sources",2010,"Year","Vint_2010","GHG emissions - (MTCO2eq)","sum","CH4","CH4","pal_all","pal_all","NoRusGas_ModelOptimal2","nonCO2 emissions by sector","Tg",2010,1.12778988,0.04027821,"sector","ghg","emissGHGBySectorPowerGWPAR5"
"NoRusGas_ModelOptimal2","EU-12","EU-12","Sources",2010,"Year","Vint_2010","GHG emissions - (MTCO2eq)","sum","N2O","N2O","pal_all","pal_all","NoRusGas_ModelOptimal2","nonCO2 emissions by sector","Tg",2010,2.30523288,0.008698992,"sector","ghg","emissGHGBySectorPowerGWPAR5"
"NoRusGas_ModelOptimal2","EU-12","EU-12","Sources",2010,"Year","Vint_2010","GHG emissions - (MTCO2eq)","sum","SF6","SF6","pal_all","pal_all","NoRusGas_ModelOptimal2","nonCO2 emissions by sector","Gg",2010,0.3263163,0.0138858,"sector","ghg","emissGHGBySectorPowerGWPAR5"
"NoRusGas_ModelOptimal2","EU-12","EU-12","Sources",2015,"Year","Vint_2015","GHG emissions - (MTCO2eq)","sum","CH4","CH4","pal_all","pal_all","NoRusGas_ModelOptimal2","nonCO2 emissions by sector","Tg",2015,0.98539784,0.03519278,"sector","ghg","emissGHGBySectorPowerGWPAR5"
"NoRusGas_ModelOptimal2","EU-12","EU-12","Sources",2015,"Year","Vint_2015","GHG emissions - (MTCO2eq)","sum","N2O","N2O","pal_all","pal_all","NoRusGas_ModelOptimal2","nonCO2 emissions by sector","Tg",2015,2.709250025,0.010223585,"sector","ghg","emissGHGBySectorPowerGWPAR5"
"NoRusGas_ModelOptimal2","EU-12","EU-12","Sources",2015,"Year","Vint_2015","GHG emissions - (MTCO2eq)","sum","SF6","SF6","pal_all","pal_all","NoRusGas_ModelOptimal2","nonCO2 emissions by sector","Gg",2015,0.36637675,0.0155905,"sector","ghg","emissGHGBySectorPowerGWPAR5"
"NoRusGas_ModelOptimal2","EU-12","EU-12","Sources",2020,"Year","Vint_2020","GHG emissions - (MTCO2eq)","sum","CH4","CH4","pal_all","pal_all","NoRusGas_ModelOptimal2","nonCO2 emissions by sector","Tg",2020,1.03285733824,0.03688776208,"sector","ghg","emissGHGBySectorPowerGWPAR5"
"NoRusGas_ModelOptimal2","EU-12","EU-12","Sources",2020,"Year","Vint_2020","GHG emissions - (MTCO2eq)","sum","N2O","N2O","pal_all","pal_all","NoRusGas_ModelOptimal2","nonCO2 emissions by sector","Tg",2020,3.1960215343,0.01206045862,"sector","ghg","emissGHGBySectorPowerGWPAR5"
"NoRusGas_ModelOptimal2","EU-12","EU-12","Sources",2020,"Year","Vint_2020","GHG emissions - (MTCO2eq)","sum","SF6","SF6","pal_all","pal_all","NoRusGas_ModelOptimal2","nonCO2 emissions by sector","Gg",2020,0.41298665,0.0175739,"sector","ghg","emissGHGBySectorPowerGWPAR5"
"NoRusGas_ModelOptimal2","EU-12","EU-12","Sources",2025,"Year","Vint_2025","GHG emissions - (MTCO2eq)","sum","CH4","CH4","pal_all","pal_all","NoRusGas_ModelOptimal2","nonCO2 emissions by sector","Tg",2025,0.27477883622,0.009813529865,"sector","ghg","emissGHGBySectorPowerGWPAR5"
"NoRusGas_ModelOptimal2","EU-12","EU-12","Sources",2025,"Year","Vint_2025","GHG emissions - (MTCO2eq)","sum","N2O","N2O","pal_all","pal_all","NoRusGas_ModelOptimal2","nonCO2 emissions by sector","Tg",2025,0.83424834652,0.003148106968,"sector","ghg","emissGHGBySectorPowerGWPAR5"
"NoRusGas_ModelOptimal2","EU-12","EU-12","Sources",2025,"Year","Vint_2025","GHG emissions - (MTCO2eq)","sum","SF6","SF6","pal_all","pal_all","NoRusGas_ModelOptimal2","nonCO2 emissions by sector","Gg",2025,0.30598175,0.0130205,"sector","ghg","emissGHGBySectorPowerGWPAR5"
"NoRusGas_ModelOptimal2","EU-12","EU-12","Sources",2030,"Year","Vint_2030","GHG emissions - (MTCO2eq)","sum","CH4","CH4","pal_all","pal_all","NoRusGas_ModelOptimal2","nonCO2 emissions by sector","Tg",2030,0.360453891952,0.012873353284,"sector","ghg","emissGHGBySectorPowerGWPAR5"
"NoRusGas_ModelOptimal2","EU-12","EU-12","Sources",2030,"Year","Vint_2030","GHG emissions - (MTCO2eq)","sum","N2O","N2O","pal_all","pal_all","NoRusGas_ModelOptimal2","nonCO2 emissions by sector","Tg",2030,1.16396851689,0.004392334026,"sector","ghg","emissGHGBySectorPowerGWPAR5"
"NoRusGas_ModelOptimal2","EU-12","EU-12","Sources",2030,"Year","Vint_2030","GHG emissions - (MTCO2eq)","sum","SF6","SF6","pal_all","pal_all","NoRusGas_ModelOptimal2","nonCO2 emissions by sector","Gg",2030,0.37412,0.01592,"sector","ghg","emissGHGBySectorPowerGWPAR5"
"NoRusGas_ModelOptimal2","EU-15","EU-15","Sources",1990,"Year","Vint_1990","GHG emissions - (MTCO2eq)","sum","CH4","CH4","pal_all","pal_all","NoRusGas_ModelOptimal2","nonCO2 emissions by sector","Tg",1990,1.36464972,0.04873749,"sector","ghg","emissGHGBySectorPowerGWPAR5"
"NoRusGas_ModelOptimal2","EU-15","EU-15","Sources",1990,"Year","Vint_1990","GHG emissions - (MTCO2eq)","sum","N2O","N2O","pal_all","pal_all","NoRusGas_ModelOptimal2","nonCO2 emissions by sector","Tg",1990,3.62545864,0.013680976,"sector","ghg","emissGHGBySectorPowerGWPAR5"
"NoRusGas_ModelOptimal2","EU-15","EU-15","Sources",1990,"Year","Vint_1990","GHG emissions - (MTCO2eq)","sum","SF6","SF6","pal_all","pal_all","NoRusGas_ModelOptimal2","nonCO2 emissions by sector","Gg",1990,2.965559,0.126194,"sector","ghg","emissGHGBySectorPowerGWPAR5"
"NoRusGas_ModelOptimal2","EU-15","EU-15","Sources",2005,"Year","Vint_2005","GHG emissions - (MTCO2eq)","sum","CH4","CH4","pal_all","pal_all","NoRusGas_ModelOptimal2","nonCO2 emissions by sector","Tg",2005,3.788554,0.1353055,"sector","ghg","emissGHGBySectorPowerGWPAR5"
"NoRusGas_ModelOptimal2","EU-15","EU-15","Sources",2005,"Year","Vint_2005","GHG emissions - (MTCO2eq)","sum","N2O","N2O","pal_all","pal_all","NoRusGas_ModelOptimal2","nonCO2 emissions by sector","Tg",2005,6.18860277,0.023353218,"sector","ghg","emissGHGBySectorPowerGWPAR5"
"NoRusGas_ModelOptimal2","EU-15","EU-15","Sources",2005,"Year","Vint_2005","GHG emissions - (MTCO2eq)","sum","SF6","SF6","pal_all","pal_all","NoRusGas_ModelOptimal2","nonCO2 emissions by sector","Gg",2005,2.434083,0.103578,"sector","ghg","emissGHGBySectorPowerGWPAR5"
"NoRusGas_ModelOptimal2","EU-15","EU-15","Sources",2010,"Year","Vint_2010","GHG emissions - (MTCO2eq)","sum","CH4","CH4","pal_all","pal_all","NoRusGas_ModelOptimal2","nonCO2 emissions by sector","Tg",2010,3.91298292,0.13974939,"sector","ghg","emissGHGBySectorPowerGWPAR5"
"NoRusGas_ModelOptimal2","EU-15","EU-15","Sources",2010,"Year","Vint_2010","GHG emissions - (MTCO2eq)","sum","N2O","N2O","pal_all","pal_all","NoRusGas_ModelOptimal2","nonCO2 emissions by sector","Tg",2010,6.780673985,0.025587449,"sector","ghg","emissGHGBySectorPowerGWPAR5"
"NoRusGas_ModelOptimal2","EU-15","EU-15","Sources",2010,"Year","Vint_2010","GHG emissions - (MTCO2eq)","sum","SF6","SF6","pal_all","pal_all","NoRusGas_ModelOptimal2","nonCO2 emissions by sector","Gg",2010,2.01200185,0.0856171,"sector","ghg","emissGHGBySectorPowerGWPAR5"
"NoRusGas_ModelOptimal2","EU-15","EU-15","Sources",2015,"Year","Vint_2015","GHG emissions - (MTCO2eq)","sum","CH4","CH4","pal_all","pal_all","NoRusGas_ModelOptimal2","nonCO2 emissions by sector","Tg",2015,2.62020752,0.09357884,"sector","ghg","emissGHGBySectorPowerGWPAR5"
"NoRusGas_ModelOptimal2","EU-15","EU-15","Sources",2015,"Year","Vint_2015","GHG emissions - (MTCO2eq)","sum","N2O","N2O","pal_all","pal_all","NoRusGas_ModelOptimal2","nonCO2 emissions by sector","Tg",2015,6.98821536,0.026370624,"sector","ghg","emissGHGBySectorPowerGWPAR5"
"NoRusGas_ModelOptimal2","EU-15","EU-15","Sources",2015,"Year","Vint_2015","GHG emissions - (MTCO2eq)","sum","SF6","SF6","pal_all","pal_all","NoRusGas_ModelOptimal2","nonCO2 emissions by sector","Gg",2015,1.70939,0.07274,"sector","ghg","emissGHGBySectorPowerGWPAR5"
"NoRusGas_ModelOptimal2","EU-15","EU-15","Sources",2020,"Year","Vint_2020","GHG emissions - (MTCO2eq)","sum","CH4","CH4","pal_all","pal_all","NoRusGas_ModelOptimal2","nonCO2 emissions by sector","Tg",2020,1.6698099572,0.0596360699,"sector","ghg","emissGHGBySectorPowerGWPAR5"
"NoRusGas_ModelOptimal2","EU-15","EU-15","Sources",2020,"Year","Vint_2020","GHG emissions - (MTCO2eq)","sum","N2O","N2O","pal_all","pal_all","NoRusGas_ModelOptimal2","nonCO2 emissions by sector","Tg",2020,6.3972488823,0.02414056182,"sector","ghg","emissGHGBySectorPowerGWPAR5"
"NoRusGas_ModelOptimal2","EU-15","EU-15","Sources",2020,"Year","Vint_2020","GHG emissions - (MTCO2eq)","sum","SF6","SF6","pal_all","pal_all","NoRusGas_ModelOptimal2","nonCO2 emissions by sector","Gg",2020,1.7352494,0.0738404,"sector","ghg","emissGHGBySectorPowerGWPAR5"
"NoRusGas_ModelOptimal2","EU-15","EU-15","Sources",2025,"Year","Vint_2025","GHG emissions - (MTCO2eq)","sum","CH4","CH4","pal_all","pal_all","NoRusGas_ModelOptimal2","nonCO2 emissions by sector","Tg",2025,0.88867049768,0.03173823206,"sector","ghg","emissGHGBySectorPowerGWPAR5"
"NoRusGas_ModelOptimal2","EU-15","EU-15","Sources",2025,"Year","Vint_2025","GHG emissions - (MTCO2eq)","sum","N2O","N2O","pal_all","pal_all","NoRusGas_ModelOptimal2","nonCO2 emissions by sector","Tg",2025,2.315085784315,0.008736172771,"sector","ghg","emissGHGBySectorPowerGWPAR5"
"NoRusGas_ModelOptimal2","EU-15","EU-15","Sources",2025,"Year","Vint_2025","GHG emissions - (MTCO2eq)","sum","SF6","SF6","pal_all","pal_all","NoRusGas_ModelOptimal2","nonCO2 emissions by sector","Gg",2025,1.28073355,0.0544993,"sector","ghg","emissGHGBySectorPowerGWPAR5"
"NoRusGas_ModelOptimal2","EU-15","EU-15","Sources",2030,"Year","Vint_2030","GHG emissions - (MTCO2eq)","sum","CH4","CH4","pal_all","pal_all","NoRusGas_ModelOptimal2","nonCO2 emissions by sector","Tg",2030,1.00223799536,0.03579421412,"sector","ghg","emissGHGBySectorPowerGWPAR5"
"NoRusGas_ModelOptimal2","EU-15","EU-15","Sources",2030,"Year","Vint_2030","GHG emissions - (MTCO2eq)","sum","N2O","N2O","pal_all","pal_all","NoRusGas_ModelOptimal2","nonCO2 emissions by sector","Tg",2030,2.99169792286,0.011289426124,"sector","ghg","emissGHGBySectorPowerGWPAR5"
"NoRusGas_ModelOptimal2","EU-15","EU-15","Sources",2030,"Year","Vint_2030","GHG emissions - (MTCO2eq)","sum","SF6","SF6","pal_all","pal_all","NoRusGas_ModelOptimal2","nonCO2 emissions by sector","Gg",2030,1.4816327,0.0630482,"sector","ghg","emissGHGBySectorPowerGWPAR5"
"NoRusGas_constrained_ModelOptimal","EU-12","EU-12","Sources",1990,"Year","Vint_1990","GHG emissions - (MTCO2eq)","sum","CH4","CH4","pal_all","pal_all","NoRusGas_constrained_ModelOptimal","nonCO2 emissions by sector","Tg",1990,1.4052636248,0.0501879866,"sector","ghg","emissGHGBySectorPowerGWPAR5"
"NoRusGas_constrained_ModelOptimal","EU-12","EU-12","Sources",1990,"Year","Vint_1990","GHG emissions - (MTCO2eq)","sum","N2O","N2O","pal_all","pal_all","NoRusGas_constrained_ModelOptimal","nonCO2 emissions by sector","Tg",1990,1.3069820723,0.00493200782,"sector","ghg","emissGHGBySectorPowerGWPAR5"
"NoRusGas_constrained_ModelOptimal","EU-12","EU-12","Sources",1990,"Year","Vint_1990","GHG emissions - (MTCO2eq)","sum","SF6","SF6","pal_all","pal_all","NoRusGas_constrained_ModelOptimal","nonCO2 emissions by sector","Gg",1990,0.125633585,0.00534611,"sector","ghg","emissGHGBySectorPowerGWPAR5"
"NoRusGas_constrained_ModelOptimal","EU-12","EU-12","Sources",2005,"Year","Vint_2005","GHG emissions - (MTCO2eq)","sum","CH4","CH4","pal_all","pal_all","NoRusGas_constrained_ModelOptimal","nonCO2 emissions by sector","Tg",2005,1.099648172,0.039273149,"sector","ghg","emissGHGBySectorPowerGWPAR5"
"NoRusGas_constrained_ModelOptimal","EU-12","EU-12","Sources",2005,"Year","Vint_2005","GHG emissions - (MTCO2eq)","sum","N2O","N2O","pal_all","pal_all","NoRusGas_constrained_ModelOptimal","nonCO2 emissions by sector","Tg",2005,1.914980895,0.007226343,"sector","ghg","emissGHGBySectorPowerGWPAR5"
"NoRusGas_constrained_ModelOptimal","EU-12","EU-12","Sources",2005,"Year","Vint_2005","GHG emissions - (MTCO2eq)","sum","SF6","SF6","pal_all","pal_all","NoRusGas_constrained_ModelOptimal","nonCO2 emissions by sector","Gg",2005,0.229383735,0.00976101,"sector","ghg","emissGHGBySectorPowerGWPAR5"
"NoRusGas_constrained_ModelOptimal","EU-12","EU-12","Sources",2010,"Year","Vint_2010","GHG emissions - (MTCO2eq)","sum","CH4","CH4","pal_all","pal_all","NoRusGas_constrained_ModelOptimal","nonCO2 emissions by sector","Tg",2010,1.12778988,0.04027821,"sector","ghg","emissGHGBySectorPowerGWPAR5"
"NoRusGas_constrained_ModelOptimal","EU-12","EU-12","Sources",2010,"Year","Vint_2010","GHG emissions - (MTCO2eq)","sum","N2O","N2O","pal_all","pal_all","NoRusGas_constrained_ModelOptimal","nonCO2 emissions by sector","Tg",2010,2.30523288,0.008698992,"sector","ghg","emissGHGBySectorPowerGWPAR5"
"NoRusGas_constrained_ModelOptimal","EU-12","EU-12","Sources",2010,"Year","Vint_2010","GHG emissions - (MTCO2eq)","sum","SF6","SF6","pal_all","pal_all","NoRusGas_constrained_ModelOptimal","nonCO2 emissions by sector","Gg",2010,0.3263163,0.0138858,"sector","ghg","emissGHGBySectorPowerGWPAR5"
"NoRusGas_constrained_ModelOptimal","EU-12","EU-12","Sources",2015,"Year","Vint_2015","GHG emissions - (MTCO2eq)","sum","CH4","CH4","pal_all","pal_all","NoRusGas_constrained_ModelOptimal","nonCO2 emissions by sector","Tg",2015,0.98539784,0.03519278,"sector","ghg","emissGHGBySectorPowerGWPAR5"
"NoRusGas_constrained_ModelOptimal","EU-12","EU-12","Sources",2015,"Year","Vint_2015","GHG emissions - (MTCO2eq)","sum","N2O","N2O","pal_all","pal_all","NoRusGas_constrained_ModelOptimal","nonCO2 emissions by sector","Tg",2015,2.709250025,0.010223585,"sector","ghg","emissGHGBySectorPowerGWPAR5"
"NoRusGas_constrained_ModelOptimal","EU-12","EU-12","Sources",2015,"Year","Vint_2015","GHG emissions - (MTCO2eq)","sum","SF6","SF6","pal_all","pal_all","NoRusGas_constrained_ModelOptimal","nonCO2 emissions by sector","Gg",2015,0.36637675,0.0155905,"sector","ghg","emissGHGBySectorPowerGWPAR5"
"NoRusGas_constrained_ModelOptimal","EU-12","EU-12","Sources",2020,"Year","Vint_2020","GHG emissions - (MTCO2eq)","sum","CH4","CH4","pal_all","pal_all","NoRusGas_constrained_ModelOptimal","nonCO2 emissions by sector","Tg",2020,1.03285733824,0.03688776208,"sector","ghg","emissGHGBySectorPowerGWPAR5"
"NoRusGas_constrained_ModelOptimal","EU-12","EU-12","Sources",2020,"Year","Vint_2020","GHG emissions - (MTCO2eq)","sum","N2O","N2O","pal_all","pal_all","NoRusGas_constrained_ModelOptimal","nonCO2 emissions by sector","Tg",2020,3.1960215343,0.01206045862,"sector","ghg","emissGHGBySectorPowerGWPAR5"
"NoRusGas_constrained_ModelOptimal","EU-12","EU-12","Sources",2020,"Year","Vint_2020","GHG emissions - (MTCO2eq)","sum","SF6","SF6","pal_all","pal_all","NoRusGas_constrained_ModelOptimal","nonCO2 emissions by sector","Gg",2020,0.41298665,0.0175739,"sector","ghg","emissGHGBySectorPowerGWPAR5"
"NoRusGas_constrained_ModelOptimal","EU-12","EU-12","Sources",2025,"Year","Vint_2025","GHG emissions - (MTCO2eq)","sum","CH4","CH4","pal_all","pal_all","NoRusGas_constrained_ModelOptimal","nonCO2 emissions by sector","Tg",2025,0.554794316328,0.019814082726,"sector","ghg","emissGHGBySectorPowerGWPAR5"
"NoRusGas_constrained_ModelOptimal","EU-12","EU-12","Sources",2025,"Year","Vint_2025","GHG emissions - (MTCO2eq)","sum","N2O","N2O","pal_all","pal_all","NoRusGas_constrained_ModelOptimal","nonCO2 emissions by sector","Tg",2025,1.0363486733885,0.0039107497109,"sector","ghg","emissGHGBySectorPowerGWPAR5"
"NoRusGas_constrained_ModelOptimal","EU-12","EU-12","Sources",2025,"Year","Vint_2025","GHG emissions - (MTCO2eq)","sum","SF6","SF6","pal_all","pal_all","NoRusGas_constrained_ModelOptimal","nonCO2 emissions by sector","Gg",2025,0.28672115,0.0122009,"sector","ghg","emissGHGBySectorPowerGWPAR5"
"NoRusGas_constrained_ModelOptimal","EU-12","EU-12","Sources",2030,"Year","Vint_2030","GHG emissions - (MTCO2eq)","sum","CH4","CH4","pal_all","pal_all","NoRusGas_constrained_ModelOptimal","nonCO2 emissions by sector","Tg",2030,0.511605631432,0.018271629694,"sector","ghg","emissGHGBySectorPowerGWPAR5"
"NoRusGas_constrained_ModelOptimal","EU-12","EU-12","Sources",2030,"Year","Vint_2030","GHG emissions - (MTCO2eq)","sum","N2O","N2O","pal_all","pal_all","NoRusGas_constrained_ModelOptimal","nonCO2 emissions by sector","Tg",2030,1.8705514225245,0.0070586846133,"sector","ghg","emissGHGBySectorPowerGWPAR5"
"NoRusGas_constrained_ModelOptimal","EU-12","EU-12","Sources",2030,"Year","Vint_2030","GHG emissions - (MTCO2eq)","sum","SF6","SF6","pal_all","pal_all","NoRusGas_constrained_ModelOptimal","nonCO2 emissions by sector","Gg",2030,0.4036595,0.017177,"sector","ghg","emissGHGBySectorPowerGWPAR5"
"NoRusGas_constrained_ModelOptimal","EU-15","EU-15","Sources",1990,"Year","Vint_1990","GHG emissions - (MTCO2eq)","sum","CH4","CH4","pal_all","pal_all","NoRusGas_constrained_ModelOptimal","nonCO2 emissions by sector","Tg",1990,1.36464972,0.04873749,"sector","ghg","emissGHGBySectorPowerGWPAR5"
"NoRusGas_constrained_ModelOptimal","EU-15","EU-15","Sources",1990,"Year","Vint_1990","GHG emissions - (MTCO2eq)","sum","N2O","N2O","pal_all","pal_all","NoRusGas_constrained_ModelOptimal","nonCO2 emissions by sector","Tg",1990,3.62545864,0.013680976,"sector","ghg","emissGHGBySectorPowerGWPAR5"
"NoRusGas_constrained_ModelOptimal","EU-15","EU-15","Sources",1990,"Year","Vint_1990","GHG emissions - (MTCO2eq)","sum","SF6","SF6","pal_all","pal_all","NoRusGas_constrained_ModelOptimal","nonCO2 emissions by sector","Gg",1990,2.965559,0.126194,"sector","ghg","emissGHGBySectorPowerGWPAR5"
"NoRusGas_constrained_ModelOptimal","EU-15","EU-15","Sources",2005,"Year","Vint_2005","GHG emissions - (MTCO2eq)","sum","CH4","CH4","pal_all","pal_all","NoRusGas_constrained_ModelOptimal","nonCO2 emissions by sector","Tg",2005,3.788554,0.1353055,"sector","ghg","emissGHGBySectorPowerGWPAR5"
"NoRusGas_constrained_ModelOptimal","EU-15","EU-15","Sources",2005,"Year","Vint_2005","GHG emissions - (MTCO2eq)","sum","N2O","N2O","pal_all","pal_all","NoRusGas_constrained_ModelOptimal","nonCO2 emissions by sector","Tg",2005,6.18860277,0.023353218,"sector","ghg","emissGHGBySectorPowerGWPAR5"
"NoRusGas_constrained_ModelOptimal","EU-15","EU-15","Sources",2005,"Year","Vint_2005","GHG emissions - (MTCO2eq)","sum","SF6","SF6","pal_all","pal_all","NoRusGas_constrained_ModelOptimal","nonCO2 emissions by sector","Gg",2005,2.434083,0.103578,"sector","ghg","emissGHGBySectorPowerGWPAR5"
"NoRusGas_constrained_ModelOptimal","EU-15","EU-15","Sources",2010,"Year","Vint_2010","GHG emissions - (MTCO2eq)","sum","CH4","CH4","pal_all","pal_all","NoRusGas_constrained_ModelOptimal","nonCO2 emissions by sector","Tg",2010,3.91298292,0.13974939,"sector","ghg","emissGHGBySectorPowerGWPAR5"
"NoRusGas_constrained_ModelOptimal","EU-15","EU-15","Sources",2010,"Year","Vint_2010","GHG emissions - (MTCO2eq)","sum","N2O","N2O","pal_all","pal_all","NoRusGas_constrained_ModelOptimal","nonCO2 emissions by sector","Tg",2010,6.780673985,0.025587449,"sector","ghg","emissGHGBySectorPowerGWPAR5"
"NoRusGas_constrained_ModelOptimal","EU-15","EU-15","Sources",2010,"Year","Vint_2010","GHG emissions - (MTCO2eq)","sum","SF6","SF6","pal_all","pal_all","NoRusGas_constrained_ModelOptimal","nonCO2 emissions by sector","Gg",2010,2.01200185,0.0856171,"sector","ghg","emissGHGBySectorPowerGWPAR5"
"NoRusGas_constrained_ModelOptimal","EU-15","EU-15","Sources",2015,"Year","Vint_2015","GHG emissions - (MTCO2eq)","sum","CH4","CH4","pal_all","pal_all","NoRusGas_constrained_ModelOptimal","nonCO2 emissions by sector","Tg",2015,2.62020752,0.09357884,"sector","ghg","emissGHGBySectorPowerGWPAR5"
"NoRusGas_constrained_ModelOptimal","EU-15","EU-15","Sources",2015,"Year","Vint_2015","GHG emissions - (MTCO2eq)","sum","N2O","N2O","pal_all","pal_all","NoRusGas_constrained_ModelOptimal","nonCO2 emissions by sector","Tg",2015,6.98821536,0.026370624,"sector","ghg","emissGHGBySectorPowerGWPAR5"
"NoRusGas_constrained_ModelOptimal","EU-15","EU-15","Sources",2015,"Year","Vint_2015","GHG emissions - (MTCO2eq)","sum","SF6","SF6","pal_all","pal_all","NoRusGas_constrained_ModelOptimal","nonCO2 emissions by sector","Gg",2015,1.70939,0.07274,"sector","ghg","emissGHGBySectorPowerGWPAR5"
"NoRusGas_constrained_ModelOptimal","EU-15","EU-15","Sources",2020,"Year","Vint_2020","GHG emissions - (MTCO2eq)","sum","CH4","CH4","pal_all","pal_all","NoRusGas_constrained_ModelOptimal","nonCO2 emissions by sector","Tg",2020,1.6698099572,0.0596360699,"sector","ghg","emissGHGBySectorPowerGWPAR5"
"NoRusGas_constrained_ModelOptimal","EU-15","EU-15","Sources",2020,"Year","Vint_2020","GHG emissions - (MTCO2eq)","sum","N2O","N2O","pal_all","pal_all","NoRusGas_constrained_ModelOptimal","nonCO2 emissions by sector","Tg",2020,6.3972488823,0.02414056182,"sector","ghg","emissGHGBySectorPowerGWPAR5"
"NoRusGas_constrained_ModelOptimal","EU-15","EU-15","Sources",2020,"Year","Vint_2020","GHG emissions - (MTCO2eq)","sum","SF6","SF6","pal_all","pal_all","NoRusGas_constrained_ModelOptimal","nonCO2 emissions by sector","Gg",2020,1.7352494,0.0738404,"sector","ghg","emissGHGBySectorPowerGWPAR5"
"NoRusGas_constrained_ModelOptimal","EU-15","EU-15","Sources",2025,"Year","Vint_2025","GHG emissions - (MTCO2eq)","sum","CH4","CH4","pal_all","pal_all","NoRusGas_constrained_ModelOptimal","nonCO2 emissions by sector","Tg",2025,1.05260155196,0.03759291257,"sector","ghg","emissGHGBySectorPowerGWPAR5"
"NoRusGas_constrained_ModelOptimal","EU-15","EU-15","Sources",2025,"Year","Vint_2025","GHG emissions - (MTCO2eq)","sum","N2O","N2O","pal_all","pal_all","NoRusGas_constrained_ModelOptimal","nonCO2 emissions by sector","Tg",2025,2.457558717995,0.009273806483,"sector","ghg","emissGHGBySectorPowerGWPAR5"
"NoRusGas_constrained_ModelOptimal","EU-15","EU-15","Sources",2025,"Year","Vint_2025","GHG emissions - (MTCO2eq)","sum","SF6","SF6","pal_all","pal_all","NoRusGas_constrained_ModelOptimal","nonCO2 emissions by sector","Gg",2025,1.2421442,0.0528572,"sector","ghg","emissGHGBySectorPowerGWPAR5"
"NoRusGas_constrained_ModelOptimal","EU-15","EU-15","Sources",2030,"Year","Vint_2030","GHG emissions - (MTCO2eq)","sum","CH4","CH4","pal_all","pal_all","NoRusGas_constrained_ModelOptimal","nonCO2 emissions by sector","Tg",2030,1.17492965492,0.04196177339,"sector","ghg","emissGHGBySectorPowerGWPAR5"
"NoRusGas_constrained_ModelOptimal","EU-15","EU-15","Sources",2030,"Year","Vint_2030","GHG emissions - (MTCO2eq)","sum","N2O","N2O","pal_all","pal_all","NoRusGas_constrained_ModelOptimal","nonCO2 emissions by sector","Tg",2030,4.567712420395,0.017236650643,"sector","ghg","emissGHGBySectorPowerGWPAR5"
"NoRusGas_constrained_ModelOptimal","EU-15","EU-15","Sources",2030,"Year","Vint_2030","GHG emissions - (MTCO2eq)","sum","SF6","SF6","pal_all","pal_all","NoRusGas_constrained_ModelOptimal","nonCO2 emissions by sector","Gg",2030,1.60160725,0.0681535,"sector","ghg","emissGHGBySectorPowerGWPAR5"
"Baseline_NDC","EU-12","EU-12","Sources",1990,"Year","Vint_1990","GHG emissions - (MTCO2eq)","sum","CO2","comm heating","pal_all","pal_all","Baseline_NDC","CO2 emissions by sector (no bio)","MTC",1990,58.5819039227334,15.9768828880182,"sector","ghg","emissGHGBySectorBuildingsGWPAR5"
"Baseline_NDC","EU-12","EU-12","Sources",1990,"Year","Vint_1990","GHG emissions - (MTCO2eq)","sum","CO2","comm others","pal_all","pal_all","Baseline_NDC","CO2 emissions by sector (no bio)","MTC",1990,27.3332550781035,7.45452411221005,"sector","ghg","emissGHGBySectorBuildingsGWPAR5"
"Baseline_NDC","EU-12","EU-12","Sources",1990,"Year","Vint_1990","GHG emissions - (MTCO2eq)","sum","CO2","resid heating","pal_all","pal_all","Baseline_NDC","CO2 emissions by sector (no bio)","MTC",1990,129.455095573667,35.3059351564548,"sector","ghg","emissGHGBySectorBuildingsGWPAR5"
"Baseline_NDC","EU-12","EU-12","Sources",1990,"Year","Vint_1990","GHG emissions - (MTCO2eq)","sum","CO2","resid others","pal_all","pal_all","Baseline_NDC","CO2 emissions by sector (no bio)","MTC",1990,47.6460247363936,12.9943703826528,"sector","ghg","emissGHGBySectorBuildingsGWPAR5"
"Baseline_NDC","EU-12","EU-12","Sources",2005,"Year","Vint_2005","GHG emissions - (MTCO2eq)","sum","CO2","comm heating","pal_all","pal_all","Baseline_NDC","CO2 emissions by sector (no bio)","MTC",2005,26.6035881685135,7.25552404595823,"sector","ghg","emissGHGBySectorBuildingsGWPAR5"
"Baseline_NDC","EU-12","EU-12","Sources",2005,"Year","Vint_2005","GHG emissions - (MTCO2eq)","sum","CO2","comm others","pal_all","pal_all","Baseline_NDC","CO2 emissions by sector (no bio)","MTC",2005,20.9283171783478,5.70772286682212,"sector","ghg","emissGHGBySectorBuildingsGWPAR5"
"Baseline_NDC","EU-12","EU-12","Sources",2005,"Year","Vint_2005","GHG emissions - (MTCO2eq)","sum","CO2","resid heating","pal_all","pal_all","Baseline_NDC","CO2 emissions by sector (no bio)","MTC",2005,84.1115024442831,22.9395006666227,"sector","ghg","emissGHGBySectorBuildingsGWPAR5"
"Baseline_NDC","EU-12","EU-12","Sources",2005,"Year","Vint_2005","GHG emissions - (MTCO2eq)","sum","CO2","resid others","pal_all","pal_all","Baseline_NDC","CO2 emissions by sector (no bio)","MTC",2005,52.5347534893294,14.3276600425444,"sector","ghg","emissGHGBySectorBuildingsGWPAR5"
"Baseline_NDC","EU-12","EU-12","Sources",2010,"Year","Vint_2010","GHG emissions - (MTCO2eq)","sum","CO2","comm heating","pal_all","pal_all","Baseline_NDC","CO2 emissions by sector (no bio)","MTC",2010,29.2781789634576,7.9849578991248,"sector","ghg","emissGHGBySectorBuildingsGWPAR5"
"Baseline_NDC","EU-12","EU-12","Sources",2010,"Year","Vint_2010","GHG emissions - (MTCO2eq)","sum","CO2","comm others","pal_all","pal_all","Baseline_NDC","CO2 emissions by sector (no bio)","MTC",2010,21.0302479111109,5.73552215757569,"sector","ghg","emissGHGBySectorBuildingsGWPAR5"
"Baseline_NDC","EU-12","EU-12","Sources",2010,"Year","Vint_2010","GHG emissions - (MTCO2eq)","sum","CO2","resid heating","pal_all","pal_all","Baseline_NDC","CO2 emissions by sector (no bio)","MTC",2010,95.7068767353689,26.1018754732824,"sector","ghg","emissGHGBySectorBuildingsGWPAR5"
"Baseline_NDC","EU-12","EU-12","Sources",2010,"Year","Vint_2010","GHG emissions - (MTCO2eq)","sum","CO2","resid others","pal_all","pal_all","Baseline_NDC","CO2 emissions by sector (no bio)","MTC",2010,49.5985758623588,13.5268843260978,"sector","ghg","emissGHGBySectorBuildingsGWPAR5"
"Baseline_NDC","EU-12","EU-12","Sources",2015,"Year","Vint_2015","GHG emissions - (MTCO2eq)","sum","CO2","comm heating","pal_all","pal_all","Baseline_NDC","CO2 emissions by sector (no bio)","MTC",2015,21.669379983853,5.90983090468718,"sector","ghg","emissGHGBySectorBuildingsGWPAR5"
"Baseline_NDC","EU-12","EU-12","Sources",2015,"Year","Vint_2015","GHG emissions - (MTCO2eq)","sum","CO2","comm others","pal_all","pal_all","Baseline_NDC","CO2 emissions by sector (no bio)","MTC",2015,16.2554218394548,4.43329686530585,"sector","ghg","emissGHGBySectorBuildingsGWPAR5"
"Baseline_NDC","EU-12","EU-12","Sources",2015,"Year","Vint_2015","GHG emissions - (MTCO2eq)","sum","CO2","resid heating","pal_all","pal_all","Baseline_NDC","CO2 emissions by sector (no bio)","MTC",2015,77.226959502616,21.061898046168,"sector","ghg","emissGHGBySectorBuildingsGWPAR5"
"Baseline_NDC","EU-12","EU-12","Sources",2015,"Year","Vint_2015","GHG emissions - (MTCO2eq)","sum","CO2","resid others","pal_all","pal_all","Baseline_NDC","CO2 emissions by sector (no bio)","MTC",2015,41.1053340773724,11.2105456574652,"sector","ghg","emissGHGBySectorBuildingsGWPAR5"
"Baseline_NDC","EU-12","EU-12","Sources",2020,"Year","Vint_2020","GHG emissions - (MTCO2eq)","sum","CO2","comm heating","pal_all","pal_all","Baseline_NDC","CO2 emissions by sector (no bio)","MTC",2020,26.7984337920489,7.30866376146789,"sector","ghg","emissGHGBySectorBuildingsGWPAR5"
"Baseline_NDC","EU-12","EU-12","Sources",2020,"Year","Vint_2020","GHG emissions - (MTCO2eq)","sum","CO2","comm others","pal_all","pal_all","Baseline_NDC","CO2 emissions by sector (no bio)","MTC",2020,19.7657901340318,5.39067003655414,"sector","ghg","emissGHGBySectorBuildingsGWPAR5"
"Baseline_NDC","EU-12","EU-12","Sources",2020,"Year","Vint_2020","GHG emissions - (MTCO2eq)","sum","CO2","resid heating","pal_all","pal_all","Baseline_NDC","CO2 emissions by sector (no bio)","MTC",2020,76.928257865448,20.980433963304,"sector","ghg","emissGHGBySectorBuildingsGWPAR5"
"Baseline_NDC","EU-12","EU-12","Sources",2020,"Year","Vint_2020","GHG emissions - (MTCO2eq)","sum","CO2","resid others","pal_all","pal_all","Baseline_NDC","CO2 emissions by sector (no bio)","MTC",2020,43.7444590202253,11.930307005516,"sector","ghg","emissGHGBySectorBuildingsGWPAR5"
"Baseline_NDC","EU-12","EU-12","Sources",2025,"Year","Vint_2025","GHG emissions - (MTCO2eq)","sum","CO2","comm heating","pal_all","pal_all","Baseline_NDC","CO2 emissions by sector (no bio)","MTC",2025,16.8500214818689,4.59546040414606,"sector","ghg","emissGHGBySectorBuildingsGWPAR5"
"Baseline_NDC","EU-12","EU-12","Sources",2025,"Year","Vint_2025","GHG emissions - (MTCO2eq)","sum","CO2","comm others","pal_all","pal_all","Baseline_NDC","CO2 emissions by sector (no bio)","MTC",2025,7.90926710752573,2.15707284750702,"sector","ghg","emissGHGBySectorBuildingsGWPAR5"
"Baseline_NDC","EU-12","EU-12","Sources",2025,"Year","Vint_2025","GHG emissions - (MTCO2eq)","sum","CO2","resid heating","pal_all","pal_all","Baseline_NDC","CO2 emissions by sector (no bio)","MTC",2025,18.5992797687763,5.07253084602989,"sector","ghg","emissGHGBySectorBuildingsGWPAR5"
"Baseline_NDC","EU-12","EU-12","Sources",2025,"Year","Vint_2025","GHG emissions - (MTCO2eq)","sum","CO2","resid others","pal_all","pal_all","Baseline_NDC","CO2 emissions by sector (no bio)","MTC",2025,15.9584411043028,4.35230211935532,"sector","ghg","emissGHGBySectorBuildingsGWPAR5"
"Baseline_NDC","EU-12","EU-12","Sources",2030,"Year","Vint_2030","GHG emissions - (MTCO2eq)","sum","CO2","comm heating","pal_all","pal_all","Baseline_NDC","CO2 emissions by sector (no bio)","MTC",2030,19.9174019986033,5.4320187268918,"sector","ghg","emissGHGBySectorBuildingsGWPAR5"
"Baseline_NDC","EU-12","EU-12","Sources",2030,"Year","Vint_2030","GHG emissions - (MTCO2eq)","sum","CO2","comm others","pal_all","pal_all","Baseline_NDC","CO2 emissions by sector (no bio)","MTC",2030,9.88805021607053,2.69674096801924,"sector","ghg","emissGHGBySectorBuildingsGWPAR5"
"Baseline_NDC","EU-12","EU-12","Sources",2030,"Year","Vint_2030","GHG emissions - (MTCO2eq)","sum","CO2","resid heating","pal_all","pal_all","Baseline_NDC","CO2 emissions by sector (no bio)","MTC",2030,20.6437508403248,5.63011386554313,"sector","ghg","emissGHGBySectorBuildingsGWPAR5"
"Baseline_NDC","EU-12","EU-12","Sources",2030,"Year","Vint_2030","GHG emissions - (MTCO2eq)","sum","CO2","resid others","pal_all","pal_all","Baseline_NDC","CO2 emissions by sector (no bio)","MTC",2030,18.7225270714991,5.10614374677249,"sector","ghg","emissGHGBySectorBuildingsGWPAR5"
"Baseline_NDC","EU-15","EU-15","Sources",1990,"Year","Vint_1990","GHG emissions - (MTCO2eq)","sum","CO2","comm cooling","pal_all","pal_all","Baseline_NDC","CO2 emissions by sector (no bio)","MTC",1990,7.26782353677776e-05,1.98213369184848e-05,"sector","ghg","emissGHGBySectorBuildingsGWPAR5"
"Baseline_NDC","EU-15","EU-15","Sources",1990,"Year","Vint_1990","GHG emissions - (MTCO2eq)","sum","CO2","comm heating","pal_all","pal_all","Baseline_NDC","CO2 emissions by sector (no bio)","MTC",1990,191.702357210746,52.2824610574762,"sector","ghg","emissGHGBySectorBuildingsGWPAR5"
"Baseline_NDC","EU-15","EU-15","Sources",1990,"Year","Vint_1990","GHG emissions - (MTCO2eq)","sum","CO2","comm others","pal_all","pal_all","Baseline_NDC","CO2 emissions by sector (no bio)","MTC",1990,161.737370984245,44.1101920866121,"sector","ghg","emissGHGBySectorBuildingsGWPAR5"
"Baseline_NDC","EU-15","EU-15","Sources",1990,"Year","Vint_1990","GHG emissions - (MTCO2eq)","sum","CO2","resid heating","pal_all","pal_all","Baseline_NDC","CO2 emissions by sector (no bio)","MTC",1990,447.808529084942,122.129598841348,"sector","ghg","emissGHGBySectorBuildingsGWPAR5"
"Baseline_NDC","EU-15","EU-15","Sources",1990,"Year","Vint_1990","GHG emissions - (MTCO2eq)","sum","CO2","resid others","pal_all","pal_all","Baseline_NDC","CO2 emissions by sector (no bio)","MTC",1990,348.418354515289,95.0231875950788,"sector","ghg","emissGHGBySectorBuildingsGWPAR5"
"Baseline_NDC","EU-15","EU-15","Sources",2005,"Year","Vint_2005","GHG emissions - (MTCO2eq)","sum","CO2","comm cooling","pal_all","pal_all","Baseline_NDC","CO2 emissions by sector (no bio)","MTC",2005,9.27586810036142e-05,2.52978220918948e-05,"sector","ghg","emissGHGBySectorBuildingsGWPAR5"
"Baseline_NDC","EU-15","EU-15","Sources",2005,"Year","Vint_2005","GHG emissions - (MTCO2eq)","sum","CO2","comm heating","pal_all","pal_all","Baseline_NDC","CO2 emissions by sector (no bio)","MTC",2005,151.253219904185,41.2508781556868,"sector","ghg","emissGHGBySectorBuildingsGWPAR5"
"Baseline_NDC","EU-15","EU-15","Sources",2005,"Year","Vint_2005","GHG emissions - (MTCO2eq)","sum","CO2","comm others","pal_all","pal_all","Baseline_NDC","CO2 emissions by sector (no bio)","MTC",2005,175.264696590187,47.7994627064147,"sector","ghg","emissGHGBySectorBuildingsGWPAR5"
"Baseline_NDC","EU-15","EU-15","Sources",2005,"Year","Vint_2005","GHG emissions - (MTCO2eq)","sum","CO2","resid heating","pal_all","pal_all","Baseline_NDC","CO2 emissions by sector (no bio)","MTC",2005,533.527582698257,145.50752255407,"sector","ghg","emissGHGBySectorBuildingsGWPAR5"
"Baseline_NDC","EU-15","EU-15","Sources",2005,"Year","Vint_2005","GHG emissions - (MTCO2eq)","sum","CO2","resid others","pal_all","pal_all","Baseline_NDC","CO2 emissions by sector (no bio)","MTC",2005,258.965221773091,70.6268786653884,"sector","ghg","emissGHGBySectorBuildingsGWPAR5"
"Baseline_NDC","EU-15","EU-15","Sources",2010,"Year","Vint_2010","GHG emissions - (MTCO2eq)","sum","CO2","comm cooling","pal_all","pal_all","Baseline_NDC","CO2 emissions by sector (no bio)","MTC",2010,0.000112172266101828,3.05924362095895e-05,"sector","ghg","emissGHGBySectorBuildingsGWPAR5"
"Baseline_NDC","EU-15","EU-15","Sources",2010,"Year","Vint_2010","GHG emissions - (MTCO2eq)","sum","CO2","comm heating","pal_all","pal_all","Baseline_NDC","CO2 emissions by sector (no bio)","MTC",2010,146.147472349336,39.858401549819,"sector","ghg","emissGHGBySectorBuildingsGWPAR5"
"Baseline_NDC","EU-15","EU-15","Sources",2010,"Year","Vint_2010","GHG emissions - (MTCO2eq)","sum","CO2","comm others","pal_all","pal_all","Baseline_NDC","CO2 emissions by sector (no bio)","MTC",2010,166.614215464929,45.4402405813442,"sector","ghg","emissGHGBySectorBuildingsGWPAR5"
"Baseline_NDC","EU-15","EU-15","Sources",2010,"Year","Vint_2010","GHG emissions - (MTCO2eq)","sum","CO2","resid heating","pal_all","pal_all","Baseline_NDC","CO2 emissions by sector (no bio)","MTC",2010,499.267048694311,136.163740552994,"sector","ghg","emissGHGBySectorBuildingsGWPAR5"
"Baseline_NDC","EU-15","EU-15","Sources",2010,"Year","Vint_2010","GHG emissions - (MTCO2eq)","sum","CO2","resid others","pal_all","pal_all","Baseline_NDC","CO2 emissions by sector (no bio)","MTC",2010,248.106525368857,67.6654160096881,"sector","ghg","emissGHGBySectorBuildingsGWPAR5"
"Baseline_NDC","EU-15","EU-15","Sources",2015,"Year","Vint_2015","GHG emissions - (MTCO2eq)","sum","CO2","comm cooling","pal_all","pal_all","Baseline_NDC","CO2 emissions by sector (no bio)","MTC",2015,9.94761959540592e-05,2.71298716238343e-05,"sector","ghg","emissGHGBySectorBuildingsGWPAR5"
"Baseline_NDC","EU-15","EU-15","Sources",2015,"Year","Vint_2015","GHG emissions - (MTCO2eq)","sum","CO2","comm heating","pal_all","pal_all","Baseline_NDC","CO2 emissions by sector (no bio)","MTC",2015,130.551865974509,35.6050543566843,"sector","ghg","emissGHGBySectorBuildingsGWPAR5"
"Baseline_NDC","EU-15","EU-15","Sources",2015,"Year","Vint_2015","GHG emissions - (MTCO2eq)","sum","CO2","comm others","pal_all","pal_all","Baseline_NDC","CO2 emissions by sector (no bio)","MTC",2015,150.138990380071,40.946997376383,"sector","ghg","emissGHGBySectorBuildingsGWPAR5"
"Baseline_NDC","EU-15","EU-15","Sources",2015,"Year","Vint_2015","GHG emissions - (MTCO2eq)","sum","CO2","resid heating","pal_all","pal_all","Baseline_NDC","CO2 emissions by sector (no bio)","MTC",2015,390.998281195287,106.635894871442,"sector","ghg","emissGHGBySectorBuildingsGWPAR5"
"Baseline_NDC","EU-15","EU-15","Sources",2015,"Year","Vint_2015","GHG emissions - (MTCO2eq)","sum","CO2","resid others","pal_all","pal_all","Baseline_NDC","CO2 emissions by sector (no bio)","MTC",2015,190.263373463111,51.8900109444849,"sector","ghg","emissGHGBySectorBuildingsGWPAR5"
"Baseline_NDC","EU-15","EU-15","Sources",2020,"Year","Vint_2020","GHG emissions - (MTCO2eq)","sum","CO2","comm cooling","pal_all","pal_all","Baseline_NDC","CO2 emissions by sector (no bio)","MTC",2020,8.62026883145496e-05,2.35098240857863e-05,"sector","ghg","emissGHGBySectorBuildingsGWPAR5"
"Baseline_NDC","EU-15","EU-15","Sources",2020,"Year","Vint_2020","GHG emissions - (MTCO2eq)","sum","CO2","comm heating","pal_all","pal_all","Baseline_NDC","CO2 emissions by sector (no bio)","MTC",2020,135.170021689429,36.8645513698443,"sector","ghg","emissGHGBySectorBuildingsGWPAR5"
"Baseline_NDC","EU-15","EU-15","Sources",2020,"Year","Vint_2020","GHG emissions - (MTCO2eq)","sum","CO2","comm others","pal_all","pal_all","Baseline_NDC","CO2 emissions by sector (no bio)","MTC",2020,153.433244098431,41.8454302086629,"sector","ghg","emissGHGBySectorBuildingsGWPAR5"
"Baseline_NDC","EU-15","EU-15","Sources",2020,"Year","Vint_2020","GHG emissions - (MTCO2eq)","sum","CO2","resid heating","pal_all","pal_all","Baseline_NDC","CO2 emissions by sector (no bio)","MTC",2020,387.111553705387,105.575878283287,"sector","ghg","emissGHGBySectorBuildingsGWPAR5"
"Baseline_NDC","EU-15","EU-15","Sources",2020,"Year","Vint_2020","GHG emissions - (MTCO2eq)","sum","CO2","resid others","pal_all","pal_all","Baseline_NDC","CO2 emissions by sector (no bio)","MTC",2020,185.54655640283,50.6036062916808,"sector","ghg","emissGHGBySectorBuildingsGWPAR5"
"Baseline_NDC","EU-15","EU-15","Sources",2025,"Year","Vint_2025","GHG emissions - (MTCO2eq)","sum","CO2","comm cooling","pal_all","pal_all","Baseline_NDC","CO2 emissions by sector (no bio)","MTC",2025,4.145213749138e-05,1.130512840674e-05,"sector","ghg","emissGHGBySectorBuildingsGWPAR5"
"Baseline_NDC","EU-15","EU-15","Sources",2025,"Year","Vint_2025","GHG emissions - (MTCO2eq)","sum","CO2","comm heating","pal_all","pal_all","Baseline_NDC","CO2 emissions by sector (no bio)","MTC",2025,61.6413556672375,16.8112788183375,"sector","ghg","emissGHGBySectorBuildingsGWPAR5"
"Baseline_NDC","EU-15","EU-15","Sources",2025,"Year","Vint_2025","GHG emissions - (MTCO2eq)","sum","CO2","comm others","pal_all","pal_all","Baseline_NDC","CO2 emissions by sector (no bio)","MTC",2025,55.5645446253861,15.1539667160144,"sector","ghg","emissGHGBySectorBuildingsGWPAR5"
"Baseline_NDC","EU-15","EU-15","Sources",2025,"Year","Vint_2025","GHG emissions - (MTCO2eq)","sum","CO2","resid heating","pal_all","pal_all","Baseline_NDC","CO2 emissions by sector (no bio)","MTC",2025,229.996947512393,62.7264402306527,"sector","ghg","emissGHGBySectorBuildingsGWPAR5"
"Baseline_NDC","EU-15","EU-15","Sources",2025,"Year","Vint_2025","GHG emissions - (MTCO2eq)","sum","CO2","resid others","pal_all","pal_all","Baseline_NDC","CO2 emissions by sector (no bio)","MTC",2025,62.5190688809592,17.0506551493525,"sector","ghg","emissGHGBySectorBuildingsGWPAR5"
"Baseline_NDC","EU-15","EU-15","Sources",2030,"Year","Vint_2030","GHG emissions - (MTCO2eq)","sum","CO2","comm cooling","pal_all","pal_all","Baseline_NDC","CO2 emissions by sector (no bio)","MTC",2030,4.562595718186e-05,1.244344286778e-05,"sector","ghg","emissGHGBySectorBuildingsGWPAR5"
"Baseline_NDC","EU-15","EU-15","Sources",2030,"Year","Vint_2030","GHG emissions - (MTCO2eq)","sum","CO2","comm heating","pal_all","pal_all","Baseline_NDC","CO2 emissions by sector (no bio)","MTC",2030,70.5570998486057,19.2428454132561,"sector","ghg","emissGHGBySectorBuildingsGWPAR5"
"Baseline_NDC","EU-15","EU-15","Sources",2030,"Year","Vint_2030","GHG emissions - (MTCO2eq)","sum","CO2","comm others","pal_all","pal_all","Baseline_NDC","CO2 emissions by sector (no bio)","MTC",2030,65.2606712937744,17.7983648983021,"sector","ghg","emissGHGBySectorBuildingsGWPAR5"
"Baseline_NDC","EU-15","EU-15","Sources",2030,"Year","Vint_2030","GHG emissions - (MTCO2eq)","sum","CO2","resid heating","pal_all","pal_all","Baseline_NDC","CO2 emissions by sector (no bio)","MTC",2030,236.751236798252,64.5685191267959,"sector","ghg","emissGHGBySectorBuildingsGWPAR5"
"Baseline_NDC","EU-15","EU-15","Sources",2030,"Year","Vint_2030","GHG emissions - (MTCO2eq)","sum","CO2","resid others","pal_all","pal_all","Baseline_NDC","CO2 emissions by sector (no bio)","MTC",2030,71.6642144277533,19.5447857530236,"sector","ghg","emissGHGBySectorBuildingsGWPAR5"
"NoRusGas_ModelOptimal","EU-12","EU-12","Sources",1990,"Year","Vint_1990","GHG emissions - (MTCO2eq)","sum","CO2","comm heating","pal_all","pal_all","NoRusGas_ModelOptimal","CO2 emissions by sector (no bio)","MTC",1990,29.2909519613667,7.9884414440091,"sector","ghg","emissGHGBySectorBuildingsGWPAR5"
"NoRusGas_ModelOptimal","EU-12","EU-12","Sources",1990,"Year","Vint_1990","GHG emissions - (MTCO2eq)","sum","CO2","comm others","pal_all","pal_all","NoRusGas_ModelOptimal","CO2 emissions by sector (no bio)","MTC",1990,13.6666275390518,3.72726205610502,"sector","ghg","emissGHGBySectorBuildingsGWPAR5"
"NoRusGas_ModelOptimal","EU-12","EU-12","Sources",1990,"Year","Vint_1990","GHG emissions - (MTCO2eq)","sum","CO2","resid heating","pal_all","pal_all","NoRusGas_ModelOptimal","CO2 emissions by sector (no bio)","MTC",1990,64.7275477868337,17.6529675782274,"sector","ghg","emissGHGBySectorBuildingsGWPAR5"
"NoRusGas_ModelOptimal","EU-12","EU-12","Sources",1990,"Year","Vint_1990","GHG emissions - (MTCO2eq)","sum","CO2","resid others","pal_all","pal_all","NoRusGas_ModelOptimal","CO2 emissions by sector (no bio)","MTC",1990,23.8230123681968,6.4971851913264,"sector","ghg","emissGHGBySectorBuildingsGWPAR5"
"NoRusGas_ModelOptimal","EU-12","EU-12","Sources",2005,"Year","Vint_2005","GHG emissions - (MTCO2eq)","sum","CO2","comm heating","pal_all","pal_all","NoRusGas_ModelOptimal","CO2 emissions by sector (no bio)","MTC",2005,13.3017940842568,3.62776202297911,"sector","ghg","emissGHGBySectorBuildingsGWPAR5"
"NoRusGas_ModelOptimal","EU-12","EU-12","Sources",2005,"Year","Vint_2005","GHG emissions - (MTCO2eq)","sum","CO2","comm others","pal_all","pal_all","NoRusGas_ModelOptimal","CO2 emissions by sector (no bio)","MTC",2005,10.4641585891739,2.85386143341106,"sector","ghg","emissGHGBySectorBuildingsGWPAR5"
"NoRusGas_ModelOptimal","EU-12","EU-12","Sources",2005,"Year","Vint_2005","GHG emissions - (MTCO2eq)","sum","CO2","resid heating","pal_all","pal_all","NoRusGas_ModelOptimal","CO2 emissions by sector (no bio)","MTC",2005,42.0557512221415,11.4697503333113,"sector","ghg","emissGHGBySectorBuildingsGWPAR5"
"NoRusGas_ModelOptimal","EU-12","EU-12","Sources",2005,"Year","Vint_2005","GHG emissions - (MTCO2eq)","sum","CO2","resid others","pal_all","pal_all","NoRusGas_ModelOptimal","CO2 emissions by sector (no bio)","MTC",2005,26.2673767446647,7.16383002127219,"sector","ghg","emissGHGBySectorBuildingsGWPAR5"
"NoRusGas_ModelOptimal","EU-12","EU-12","Sources",2010,"Year","Vint_2010","GHG emissions - (MTCO2eq)","sum","CO2","comm heating","pal_all","pal_all","NoRusGas_ModelOptimal","CO2 emissions by sector (no bio)","MTC",2010,14.6390894817288,3.9924789495624,"sector","ghg","emissGHGBySectorBuildingsGWPAR5"
"NoRusGas_ModelOptimal","EU-12","EU-12","Sources",2010,"Year","Vint_2010","GHG emissions - (MTCO2eq)","sum","CO2","comm others","pal_all","pal_all","NoRusGas_ModelOptimal","CO2 emissions by sector (no bio)","MTC",2010,10.5151239555554,2.86776107878784,"sector","ghg","emissGHGBySectorBuildingsGWPAR5"
"NoRusGas_ModelOptimal","EU-12","EU-12","Sources",2010,"Year","Vint_2010","GHG emissions - (MTCO2eq)","sum","CO2","resid heating","pal_all","pal_all","NoRusGas_ModelOptimal","CO2 emissions by sector (no bio)","MTC",2010,47.8534383676844,13.0509377366412,"sector","ghg","emissGHGBySectorBuildingsGWPAR5"
"NoRusGas_ModelOptimal","EU-12","EU-12","Sources",2010,"Year","Vint_2010","GHG emissions - (MTCO2eq)","sum","CO2","resid others","pal_all","pal_all","NoRusGas_ModelOptimal","CO2 emissions by sector (no bio)","MTC",2010,24.7992879311794,6.76344216304892,"sector","ghg","emissGHGBySectorBuildingsGWPAR5"
"NoRusGas_ModelOptimal","EU-12","EU-12","Sources",2015,"Year","Vint_2015","GHG emissions - (MTCO2eq)","sum","CO2","comm heating","pal_all","pal_all","NoRusGas_ModelOptimal","CO2 emissions by sector (no bio)","MTC",2015,10.8346899919265,2.95491545234359,"sector","ghg","emissGHGBySectorBuildingsGWPAR5"
"NoRusGas_ModelOptimal","EU-12","EU-12","Sources",2015,"Year","Vint_2015","GHG emissions - (MTCO2eq)","sum","CO2","comm others","pal_all","pal_all","NoRusGas_ModelOptimal","CO2 emissions by sector (no bio)","MTC",2015,8.12771091972739,2.21664843265292,"sector","ghg","emissGHGBySectorBuildingsGWPAR5"
"NoRusGas_ModelOptimal","EU-12","EU-12","Sources",2015,"Year","Vint_2015","GHG emissions - (MTCO2eq)","sum","CO2","resid heating","pal_all","pal_all","NoRusGas_ModelOptimal","CO2 emissions by sector (no bio)","MTC",2015,38.613479751308,10.530949023084,"sector","ghg","emissGHGBySectorBuildingsGWPAR5"
"NoRusGas_ModelOptimal","EU-12","EU-12","Sources",2015,"Year","Vint_2015","GHG emissions - (MTCO2eq)","sum","CO2","resid others","pal_all","pal_all","NoRusGas_ModelOptimal","CO2 emissions by sector (no bio)","MTC",2015,20.5526670386862,5.6052728287326,"sector","ghg","emissGHGBySectorBuildingsGWPAR5"
"NoRusGas_ModelOptimal","EU-12","EU-12","Sources",2020,"Year","Vint_2020","GHG emissions - (MTCO2eq)","sum","CO2","comm heating","pal_all","pal_all","NoRusGas_ModelOptimal","CO2 emissions by sector (no bio)","MTC",2020,13.3992168960245,3.65433188073394,"sector","ghg","emissGHGBySectorBuildingsGWPAR5"
"NoRusGas_ModelOptimal","EU-12","EU-12","Sources",2020,"Year","Vint_2020","GHG emissions - (MTCO2eq)","sum","CO2","comm others","pal_all","pal_all","NoRusGas_ModelOptimal","CO2 emissions by sector (no bio)","MTC",2020,9.88289506701592,2.69533501827707,"sector","ghg","emissGHGBySectorBuildingsGWPAR5"
"NoRusGas_ModelOptimal","EU-12","EU-12","Sources",2020,"Year","Vint_2020","GHG emissions - (MTCO2eq)","sum","CO2","resid heating","pal_all","pal_all","NoRusGas_ModelOptimal","CO2 emissions by sector (no bio)","MTC",2020,38.464128932724,10.490216981652,"sector","ghg","emissGHGBySectorBuildingsGWPAR5"
"NoRusGas_ModelOptimal","EU-12","EU-12","Sources",2020,"Year","Vint_2020","GHG emissions - (MTCO2eq)","sum","CO2","resid others","pal_all","pal_all","NoRusGas_ModelOptimal","CO2 emissions by sector (no bio)","MTC",2020,21.8722295101126,5.96515350275799,"sector","ghg","emissGHGBySectorBuildingsGWPAR5"
"NoRusGas_ModelOptimal","EU-12","EU-12","Sources",2025,"Year","Vint_2025","GHG emissions - (MTCO2eq)","sum","CO2","comm heating","pal_all","pal_all","NoRusGas_ModelOptimal","CO2 emissions by sector (no bio)","MTC",2025,8.42501074093445,2.29773020207303,"sector","ghg","emissGHGBySectorBuildingsGWPAR5"
"NoRusGas_ModelOptimal","EU-12","EU-12","Sources",2025,"Year","Vint_2025","GHG emissions - (MTCO2eq)","sum","CO2","comm others","pal_all","pal_all","NoRusGas_ModelOptimal","CO2 emissions by sector (no bio)","MTC",2025,3.95463355376286,1.07853642375351,"sector","ghg","emissGHGBySectorBuildingsGWPAR5"
"NoRusGas_ModelOptimal","EU-12","EU-12","Sources",2025,"Year","Vint_2025","GHG emissions - (MTCO2eq)","sum","CO2","resid heating","pal_all","pal_all","NoRusGas_ModelOptimal","CO2 emissions by sector (no bio)","MTC",2025,9.29963988438814,2.53626542301495,"sector","ghg","emissGHGBySectorBuildingsGWPAR5"
"NoRusGas_ModelOptimal","EU-12","EU-12","Sources",2025,"Year","Vint_2025","GHG emissions - (MTCO2eq)","sum","CO2","resid others","pal_all","pal_all","NoRusGas_ModelOptimal","CO2 emissions by sector (no bio)","MTC",2025,7.97922055215142,2.17615105967766,"sector","ghg","emissGHGBySectorBuildingsGWPAR5"
"NoRusGas_ModelOptimal","EU-12","EU-12","Sources",2030,"Year","Vint_2030","GHG emissions - (MTCO2eq)","sum","CO2","comm heating","pal_all","pal_all","NoRusGas_ModelOptimal","CO2 emissions by sector (no bio)","MTC",2030,9.95870099930164,2.7160093634459,"sector","ghg","emissGHGBySectorBuildingsGWPAR5"
"NoRusGas_ModelOptimal","EU-12","EU-12","Sources",2030,"Year","Vint_2030","GHG emissions - (MTCO2eq)","sum","CO2","comm others","pal_all","pal_all","NoRusGas_ModelOptimal","CO2 emissions by sector (no bio)","MTC",2030,4.94402510803526,1.34837048400962,"sector","ghg","emissGHGBySectorBuildingsGWPAR5"
"NoRusGas_ModelOptimal","EU-12","EU-12","Sources",2030,"Year","Vint_2030","GHG emissions - (MTCO2eq)","sum","CO2","resid heating","pal_all","pal_all","NoRusGas_ModelOptimal","CO2 emissions by sector (no bio)","MTC",2030,10.3218754201624,2.81505693277156,"sector","ghg","emissGHGBySectorBuildingsGWPAR5"
"NoRusGas_ModelOptimal","EU-12","EU-12","Sources",2030,"Year","Vint_2030","GHG emissions - (MTCO2eq)","sum","CO2","resid others","pal_all","pal_all","NoRusGas_ModelOptimal","CO2 emissions by sector (no bio)","MTC",2030,9.36126353574957,2.55307187338625,"sector","ghg","emissGHGBySectorBuildingsGWPAR5"
"NoRusGas_ModelOptimal","EU-15","EU-15","Sources",1990,"Year","Vint_1990","GHG emissions - (MTCO2eq)","sum","CO2","comm cooling","pal_all","pal_all","NoRusGas_ModelOptimal","CO2 emissions by sector (no bio)","MTC",1990,3.63391176838888e-05,9.91066845924239e-06,"sector","ghg","emissGHGBySectorBuildingsGWPAR5"
"NoRusGas_ModelOptimal","EU-15","EU-15","Sources",1990,"Year","Vint_1990","GHG emissions - (MTCO2eq)","sum","CO2","comm heating","pal_all","pal_all","NoRusGas_ModelOptimal","CO2 emissions by sector (no bio)","MTC",1990,95.8511786053731,26.1412305287381,"sector","ghg","emissGHGBySectorBuildingsGWPAR5"
"NoRusGas_ModelOptimal","EU-15","EU-15","Sources",1990,"Year","Vint_1990","GHG emissions - (MTCO2eq)","sum","CO2","comm others","pal_all","pal_all","NoRusGas_ModelOptimal","CO2 emissions by sector (no bio)","MTC",1990,80.8686854921223,22.0550960433061,"sector","ghg","emissGHGBySectorBuildingsGWPAR5"
"NoRusGas_ModelOptimal","EU-15","EU-15","Sources",1990,"Year","Vint_1990","GHG emissions - (MTCO2eq)","sum","CO2","resid heating","pal_all","pal_all","NoRusGas_ModelOptimal","CO2 emissions by sector (no bio)","MTC",1990,223.904264542471,61.0647994206739,"sector","ghg","emissGHGBySectorBuildingsGWPAR5"
"NoRusGas_ModelOptimal","EU-15","EU-15","Sources",1990,"Year","Vint_1990","GHG emissions - (MTCO2eq)","sum","CO2","resid others","pal_all","pal_all","NoRusGas_ModelOptimal","CO2 emissions by sector (no bio)","MTC",1990,174.209177257644,47.5115937975394,"sector","ghg","emissGHGBySectorBuildingsGWPAR5"
"NoRusGas_ModelOptimal","EU-15","EU-15","Sources",2005,"Year","Vint_2005","GHG emissions - (MTCO2eq)","sum","CO2","comm cooling","pal_all","pal_all","NoRusGas_ModelOptimal","CO2 emissions by sector (no bio)","MTC",2005,4.63793405018071e-05,1.26489110459474e-05,"sector","ghg","emissGHGBySectorBuildingsGWPAR5"
"NoRusGas_ModelOptimal","EU-15","EU-15","Sources",2005,"Year","Vint_2005","GHG emissions - (MTCO2eq)","sum","CO2","comm heating","pal_all","pal_all","NoRusGas_ModelOptimal","CO2 emissions by sector (no bio)","MTC",2005,75.6266099520926,20.6254390778434,"sector","ghg","emissGHGBySectorBuildingsGWPAR5"
"NoRusGas_ModelOptimal","EU-15","EU-15","Sources",2005,"Year","Vint_2005","GHG emissions - (MTCO2eq)","sum","CO2","comm others","pal_all","pal_all","NoRusGas_ModelOptimal","CO2 emissions by sector (no bio)","MTC",2005,87.6323482950935,23.8997313532073,"sector","ghg","emissGHGBySectorBuildingsGWPAR5"
"NoRusGas_ModelOptimal","EU-15","EU-15","Sources",2005,"Year","Vint_2005","GHG emissions - (MTCO2eq)","sum","CO2","resid heating","pal_all","pal_all","NoRusGas_ModelOptimal","CO2 emissions by sector (no bio)","MTC",2005,266.763791349129,72.7537612770351,"sector","ghg","emissGHGBySectorBuildingsGWPAR5"
"NoRusGas_ModelOptimal","EU-15","EU-15","Sources",2005,"Year","Vint_2005","GHG emissions - (MTCO2eq)","sum","CO2","resid others","pal_all","pal_all","NoRusGas_ModelOptimal","CO2 emissions by sector (no bio)","MTC",2005,129.482610886545,35.3134393326942,"sector","ghg","emissGHGBySectorBuildingsGWPAR5"
"NoRusGas_ModelOptimal","EU-15","EU-15","Sources",2010,"Year","Vint_2010","GHG emissions - (MTCO2eq)","sum","CO2","comm cooling","pal_all","pal_all","NoRusGas_ModelOptimal","CO2 emissions by sector (no bio)","MTC",2010,5.60861330509142e-05,1.52962181047948e-05,"sector","ghg","emissGHGBySectorBuildingsGWPAR5"
"NoRusGas_ModelOptimal","EU-15","EU-15","Sources",2010,"Year","Vint_2010","GHG emissions - (MTCO2eq)","sum","CO2","comm heating","pal_all","pal_all","NoRusGas_ModelOptimal","CO2 emissions by sector (no bio)","MTC",2010,73.0737361746681,19.9292007749095,"sector","ghg","emissGHGBySectorBuildingsGWPAR5"
"NoRusGas_ModelOptimal","EU-15","EU-15","Sources",2010,"Year","Vint_2010","GHG emissions - (MTCO2eq)","sum","CO2","comm others","pal_all","pal_all","NoRusGas_ModelOptimal","CO2 emissions by sector (no bio)","MTC",2010,83.3071077324644,22.7201202906721,"sector","ghg","emissGHGBySectorBuildingsGWPAR5"
"NoRusGas_ModelOptimal","EU-15","EU-15","Sources",2010,"Year","Vint_2010","GHG emissions - (MTCO2eq)","sum","CO2","resid heating","pal_all","pal_all","NoRusGas_ModelOptimal","CO2 emissions by sector (no bio)","MTC",2010,249.633524347156,68.081870276497,"sector","ghg","emissGHGBySectorBuildingsGWPAR5"
"NoRusGas_ModelOptimal","EU-15","EU-15","Sources",2010,"Year","Vint_2010","GHG emissions - (MTCO2eq)","sum","CO2","resid others","pal_all","pal_all","NoRusGas_ModelOptimal","CO2 emissions by sector (no bio)","MTC",2010,124.053262684428,33.8327080048441,"sector","ghg","emissGHGBySectorBuildingsGWPAR5"
"NoRusGas_ModelOptimal","EU-15","EU-15","Sources",2015,"Year","Vint_2015","GHG emissions - (MTCO2eq)","sum","CO2","comm cooling","pal_all","pal_all","NoRusGas_ModelOptimal","CO2 emissions by sector (no bio)","MTC",2015,4.97380979770296e-05,1.35649358119172e-05,"sector","ghg","emissGHGBySectorBuildingsGWPAR5"
"NoRusGas_ModelOptimal","EU-15","EU-15","Sources",2015,"Year","Vint_2015","GHG emissions - (MTCO2eq)","sum","CO2","comm heating","pal_all","pal_all","NoRusGas_ModelOptimal","CO2 emissions by sector (no bio)","MTC",2015,65.2759329872546,17.8025271783422,"sector","ghg","emissGHGBySectorBuildingsGWPAR5"
"NoRusGas_ModelOptimal","EU-15","EU-15","Sources",2015,"Year","Vint_2015","GHG emissions - (MTCO2eq)","sum","CO2","comm others","pal_all","pal_all","NoRusGas_ModelOptimal","CO2 emissions by sector (no bio)","MTC",2015,75.0694951900355,20.4734986881915,"sector","ghg","emissGHGBySectorBuildingsGWPAR5"
"NoRusGas_ModelOptimal","EU-15","EU-15","Sources",2015,"Year","Vint_2015","GHG emissions - (MTCO2eq)","sum","CO2","resid heating","pal_all","pal_all","NoRusGas_ModelOptimal","CO2 emissions by sector (no bio)","MTC",2015,195.499140597644,53.317947435721,"sector","ghg","emissGHGBySectorBuildingsGWPAR5"
"NoRusGas_ModelOptimal","EU-15","EU-15","Sources",2015,"Year","Vint_2015","GHG emissions - (MTCO2eq)","sum","CO2","resid others","pal_all","pal_all","NoRusGas_ModelOptimal","CO2 emissions by sector (no bio)","MTC",2015,95.1316867315557,25.9450054722425,"sector","ghg","emissGHGBySectorBuildingsGWPAR5"
"NoRusGas_ModelOptimal","EU-15","EU-15","Sources",2020,"Year","Vint_2020","GHG emissions - (MTCO2eq)","sum","CO2","comm cooling","pal_all","pal_all","NoRusGas_ModelOptimal","CO2 emissions by sector (no bio)","MTC",2020,4.31013441572748e-05,1.17549120428931e-05,"sector","ghg","emissGHGBySectorBuildingsGWPAR5"
"NoRusGas_ModelOptimal","EU-15","EU-15","Sources",2020,"Year","Vint_2020","GHG emissions - (MTCO2eq)","sum","CO2","comm heating","pal_all","pal_all","NoRusGas_ModelOptimal","CO2 emissions by sector (no bio)","MTC",2020,67.5850108447145,18.4322756849221,"sector","ghg","emissGHGBySectorBuildingsGWPAR5"
"NoRusGas_ModelOptimal","EU-15","EU-15","Sources",2020,"Year","Vint_2020","GHG emissions - (MTCO2eq)","sum","CO2","comm others","pal_all","pal_all","NoRusGas_ModelOptimal","CO2 emissions by sector (no bio)","MTC",2020,76.7166220492153,20.9227151043314,"sector","ghg","emissGHGBySectorBuildingsGWPAR5"
"NoRusGas_ModelOptimal","EU-15","EU-15","Sources",2020,"Year","Vint_2020","GHG emissions - (MTCO2eq)","sum","CO2","resid heating","pal_all","pal_all","NoRusGas_ModelOptimal","CO2 emissions by sector (no bio)","MTC",2020,193.555776852693,52.7879391416437,"sector","ghg","emissGHGBySectorBuildingsGWPAR5"
"NoRusGas_ModelOptimal","EU-15","EU-15","Sources",2020,"Year","Vint_2020","GHG emissions - (MTCO2eq)","sum","CO2","resid others","pal_all","pal_all","NoRusGas_ModelOptimal","CO2 emissions by sector (no bio)","MTC",2020,92.7732782014148,25.3018031458404,"sector","ghg","emissGHGBySectorBuildingsGWPAR5"
"NoRusGas_ModelOptimal","EU-15","EU-15","Sources",2025,"Year","Vint_2025","GHG emissions - (MTCO2eq)","sum","CO2","comm cooling","pal_all","pal_all","NoRusGas_ModelOptimal","CO2 emissions by sector (no bio)","MTC",2025,2.072606874569e-05,5.65256420337e-06,"sector","ghg","emissGHGBySectorBuildingsGWPAR5"
"NoRusGas_ModelOptimal","EU-15","EU-15","Sources",2025,"Year","Vint_2025","GHG emissions - (MTCO2eq)","sum","CO2","comm heating","pal_all","pal_all","NoRusGas_ModelOptimal","CO2 emissions by sector (no bio)","MTC",2025,30.8206778336187,8.40563940916874,"sector","ghg","emissGHGBySectorBuildingsGWPAR5"
"NoRusGas_ModelOptimal","EU-15","EU-15","Sources",2025,"Year","Vint_2025","GHG emissions - (MTCO2eq)","sum","CO2","comm others","pal_all","pal_all","NoRusGas_ModelOptimal","CO2 emissions by sector (no bio)","MTC",2025,27.782272312693,7.57698335800719,"sector","ghg","emissGHGBySectorBuildingsGWPAR5"
"NoRusGas_ModelOptimal","EU-15","EU-15","Sources",2025,"Year","Vint_2025","GHG emissions - (MTCO2eq)","sum","CO2","resid heating","pal_all","pal_all","NoRusGas_ModelOptimal","CO2 emissions by sector (no bio)","MTC",2025,114.998473756197,31.3632201153263,"sector","ghg","emissGHGBySectorBuildingsGWPAR5"
"NoRusGas_ModelOptimal","EU-15","EU-15","Sources",2025,"Year","Vint_2025","GHG emissions - (MTCO2eq)","sum","CO2","resid others","pal_all","pal_all","NoRusGas_ModelOptimal","CO2 emissions by sector (no bio)","MTC",2025,31.2595344404796,8.52532757467625,"sector","ghg","emissGHGBySectorBuildingsGWPAR5"
"NoRusGas_ModelOptimal","EU-15","EU-15","Sources",2030,"Year","Vint_2030","GHG emissions - (MTCO2eq)","sum","CO2","comm cooling","pal_all","pal_all","NoRusGas_ModelOptimal","CO2 emissions by sector (no bio)","MTC",2030,2.281297859093e-05,6.22172143389e-06,"sector","ghg","emissGHGBySectorBuildingsGWPAR5"
"NoRusGas_ModelOptimal","EU-15","EU-15","Sources",2030,"Year","Vint_2030","GHG emissions - (MTCO2eq)","sum","CO2","comm heating","pal_all","pal_all","NoRusGas_ModelOptimal","CO2 emissions by sector (no bio)","MTC",2030,35.2785499243029,9.62142270662805,"sector","ghg","emissGHGBySectorBuildingsGWPAR5"
"NoRusGas_ModelOptimal","EU-15","EU-15","Sources",2030,"Year","Vint_2030","GHG emissions - (MTCO2eq)","sum","CO2","comm others","pal_all","pal_all","NoRusGas_ModelOptimal","CO2 emissions by sector (no bio)","MTC",2030,32.6303356468872,8.89918244915105,"sector","ghg","emissGHGBySectorBuildingsGWPAR5"
"NoRusGas_ModelOptimal","EU-15","EU-15","Sources",2030,"Year","Vint_2030","GHG emissions - (MTCO2eq)","sum","CO2","resid heating","pal_all","pal_all","NoRusGas_ModelOptimal","CO2 emissions by sector (no bio)","MTC",2030,118.375618399126,32.2842595633979,"sector","ghg","emissGHGBySectorBuildingsGWPAR5"
"NoRusGas_ModelOptimal","EU-15","EU-15","Sources",2030,"Year","Vint_2030","GHG emissions - (MTCO2eq)","sum","CO2","resid others","pal_all","pal_all","NoRusGas_ModelOptimal","CO2 emissions by sector (no bio)","MTC",2030,35.8321072138766,9.77239287651181,"sector","ghg","emissGHGBySectorBuildingsGWPAR5"
"NoRusGas_ModelOptimal2","EU-12","EU-12","Sources",1990,"Year","Vint_1990","GHG emissions - (MTCO2eq)","sum","CO2","comm heating","pal_all","pal_all","NoRusGas_ModelOptimal2","CO2 emissions by sector (no bio)","MTC",1990,29.2909519613667,7.9884414440091,"sector","ghg","emissGHGBySectorBuildingsGWPAR5"
"NoRusGas_ModelOptimal2","EU-12","EU-12","Sources",1990,"Year","Vint_1990","GHG emissions - (MTCO2eq)","sum","CO2","comm others","pal_all","pal_all","NoRusGas_ModelOptimal2","CO2 emissions by sector (no bio)","MTC",1990,13.6666275390518,3.72726205610502,"sector","ghg","emissGHGBySectorBuildingsGWPAR5"
"NoRusGas_ModelOptimal2","EU-12","EU-12","Sources",1990,"Year","Vint_1990","GHG emissions - (MTCO2eq)","sum","CO2","resid heating","pal_all","pal_all","NoRusGas_ModelOptimal2","CO2 emissions by sector (no bio)","MTC",1990,64.7275477868337,17.6529675782274,"sector","ghg","emissGHGBySectorBuildingsGWPAR5"
"NoRusGas_ModelOptimal2","EU-12","EU-12","Sources",1990,"Year","Vint_1990","GHG emissions - (MTCO2eq)","sum","CO2","resid others","pal_all","pal_all","NoRusGas_ModelOptimal2","CO2 emissions by sector (no bio)","MTC",1990,23.8230123681968,6.4971851913264,"sector","ghg","emissGHGBySectorBuildingsGWPAR5"
"NoRusGas_ModelOptimal2","EU-12","EU-12","Sources",2005,"Year","Vint_2005","GHG emissions - (MTCO2eq)","sum","CO2","comm heating","pal_all","pal_all","NoRusGas_ModelOptimal2","CO2 emissions by sector (no bio)","MTC",2005,13.3017940842568,3.62776202297911,"sector","ghg","emissGHGBySectorBuildingsGWPAR5"
"NoRusGas_ModelOptimal2","EU-12","EU-12","Sources",2005,"Year","Vint_2005","GHG emissions - (MTCO2eq)","sum","CO2","comm others","pal_all","pal_all","NoRusGas_ModelOptimal2","CO2 emissions by sector (no bio)","MTC",2005,10.4641585891739,2.85386143341106,"sector","ghg","emissGHGBySectorBuildingsGWPAR5"
"NoRusGas_ModelOptimal2","EU-12","EU-12","Sources",2005,"Year","Vint_2005","GHG emissions - (MTCO2eq)","sum","CO2","resid heating","pal_all","pal_all","NoRusGas_ModelOptimal2","CO2 emissions by sector (no bio)","MTC",2005,42.0557512221415,11.4697503333113,"sector","ghg","emissGHGBySectorBuildingsGWPAR5"
"NoRusGas_ModelOptimal2","EU-12","EU-12","Sources",2005,"Year","Vint_2005","GHG emissions - (MTCO2eq)","sum","CO2","resid others","pal_all","pal_all","NoRusGas_ModelOptimal2","CO2 emissions by sector (no bio)","MTC",2005,26.2673767446647,7.16383002127219,"sector","ghg","emissGHGBySectorBuildingsGWPAR5"
"NoRusGas_ModelOptimal2","EU-12","EU-12","Sources",2010,"Year","Vint_2010","GHG emissions - (MTCO2eq)","sum","CO2","comm heating","pal_all","pal_all","NoRusGas_ModelOptimal2","CO2 emissions by sector (no bio)","MTC",2010,14.6390894817288,3.9924789495624,"sector","ghg","emissGHGBySectorBuildingsGWPAR5"
"NoRusGas_ModelOptimal2","EU-12","EU-12","Sources",2010,"Year","Vint_2010","GHG emissions - (MTCO2eq)","sum","CO2","comm others","pal_all","pal_all","NoRusGas_ModelOptimal2","CO2 emissions by sector (no bio)","MTC",2010,10.5151239555554,2.86776107878784,"sector","ghg","emissGHGBySectorBuildingsGWPAR5"
"NoRusGas_ModelOptimal2","EU-12","EU-12","Sources",2010,"Year","Vint_2010","GHG emissions - (MTCO2eq)","sum","CO2","resid heating","pal_all","pal_all","NoRusGas_ModelOptimal2","CO2 emissions by sector (no bio)","MTC",2010,47.8534383676844,13.0509377366412,"sector","ghg","emissGHGBySectorBuildingsGWPAR5"
"NoRusGas_ModelOptimal2","EU-12","EU-12","Sources",2010,"Year","Vint_2010","GHG emissions - (MTCO2eq)","sum","CO2","resid others","pal_all","pal_all","NoRusGas_ModelOptimal2","CO2 emissions by sector (no bio)","MTC",2010,24.7992879311794,6.76344216304892,"sector","ghg","emissGHGBySectorBuildingsGWPAR5"
"NoRusGas_ModelOptimal2","EU-12","EU-12","Sources",2015,"Year","Vint_2015","GHG emissions - (MTCO2eq)","sum","CO2","comm heating","pal_all","pal_all","NoRusGas_ModelOptimal2","CO2 emissions by sector (no bio)","MTC",2015,10.8346899919265,2.95491545234359,"sector","ghg","emissGHGBySectorBuildingsGWPAR5"
"NoRusGas_ModelOptimal2","EU-12","EU-12","Sources",2015,"Year","Vint_2015","GHG emissions - (MTCO2eq)","sum","CO2","comm others","pal_all","pal_all","NoRusGas_ModelOptimal2","CO2 emissions by sector (no bio)","MTC",2015,8.12771091972739,2.21664843265292,"sector","ghg","emissGHGBySectorBuildingsGWPAR5"
"NoRusGas_ModelOptimal2","EU-12","EU-12","Sources",2015,"Year","Vint_2015","GHG emissions - (MTCO2eq)","sum","CO2","resid heating","pal_all","pal_all","NoRusGas_ModelOptimal2","CO2 emissions by sector (no bio)","MTC",2015,38.613479751308,10.530949023084,"sector","ghg","emissGHGBySectorBuildingsGWPAR5"
"NoRusGas_ModelOptimal2","EU-12","EU-12","Sources",2015,"Year","Vint_2015","GHG emissions - (MTCO2eq)","sum","CO2","resid others","pal_all","pal_all","NoRusGas_ModelOptimal2","CO2 emissions by sector (no bio)","MTC",2015,20.5526670386862,5.6052728287326,"sector","ghg","emissGHGBySectorBuildingsGWPAR5"
"NoRusGas_ModelOptimal2","EU-12","EU-12","Sources",2020,"Year","Vint_2020","GHG emissions - (MTCO2eq)","sum","CO2","comm heating","pal_all","pal_all","NoRusGas_ModelOptimal2","CO2 emissions by sector (no bio)","MTC",2020,13.3992168960245,3.65433188073394,"sector","ghg","emissGHGBySectorBuildingsGWPAR5"
"NoRusGas_ModelOptimal2","EU-12","EU-12","Sources",2020,"Year","Vint_2020","GHG emissions - (MTCO2eq)","sum","CO2","comm others","pal_all","pal_all","NoRusGas_ModelOptimal2","CO2 emissions by sector (no bio)","MTC",2020,9.88289506701592,2.69533501827707,"sector","ghg","emissGHGBySectorBuildingsGWPAR5"
"NoRusGas_ModelOptimal2","EU-12","EU-12","Sources",2020,"Year","Vint_2020","GHG emissions - (MTCO2eq)","sum","CO2","resid heating","pal_all","pal_all","NoRusGas_ModelOptimal2","CO2 emissions by sector (no bio)","MTC",2020,38.464128932724,10.490216981652,"sector","ghg","emissGHGBySectorBuildingsGWPAR5"
"NoRusGas_ModelOptimal2","EU-12","EU-12","Sources",2020,"Year","Vint_2020","GHG emissions - (MTCO2eq)","sum","CO2","resid others","pal_all","pal_all","NoRusGas_ModelOptimal2","CO2 emissions by sector (no bio)","MTC",2020,21.8722295101126,5.96515350275799,"sector","ghg","emissGHGBySectorBuildingsGWPAR5"
"NoRusGas_ModelOptimal2","EU-12","EU-12","Sources",2025,"Year","Vint_2025","GHG emissions - (MTCO2eq)","sum","CO2","comm heating","pal_all","pal_all","NoRusGas_ModelOptimal2","CO2 emissions by sector (no bio)","MTC",2025,8.42501074093445,2.29773020207303,"sector","ghg","emissGHGBySectorBuildingsGWPAR5"
"NoRusGas_ModelOptimal2","EU-12","EU-12","Sources",2025,"Year","Vint_2025","GHG emissions - (MTCO2eq)","sum","CO2","comm others","pal_all","pal_all","NoRusGas_ModelOptimal2","CO2 emissions by sector (no bio)","MTC",2025,3.95463355376286,1.07853642375351,"sector","ghg","emissGHGBySectorBuildingsGWPAR5"
"NoRusGas_ModelOptimal2","EU-12","EU-12","Sources",2025,"Year","Vint_2025","GHG emissions - (MTCO2eq)","sum","CO2","resid heating","pal_all","pal_all","NoRusGas_ModelOptimal2","CO2 emissions by sector (no bio)","MTC",2025,9.29963988438814,2.53626542301495,"sector","ghg","emissGHGBySectorBuildingsGWPAR5"
"NoRusGas_ModelOptimal2","EU-12","EU-12","Sources",2025,"Year","Vint_2025","GHG emissions - (MTCO2eq)","sum","CO2","resid others","pal_all","pal_all","NoRusGas_ModelOptimal2","CO2 emissions by sector (no bio)","MTC",2025,7.97922055215142,2.17615105967766,"sector","ghg","emissGHGBySectorBuildingsGWPAR5"
"NoRusGas_ModelOptimal2","EU-12","EU-12","Sources",2030,"Year","Vint_2030","GHG emissions - (MTCO2eq)","sum","CO2","comm heating","pal_all","pal_all","NoRusGas_ModelOptimal2","CO2 emissions by sector (no bio)","MTC",2030,9.95870099930164,2.7160093634459,"sector","ghg","emissGHGBySectorBuildingsGWPAR5"
"NoRusGas_ModelOptimal2","EU-12","EU-12","Sources",2030,"Year","Vint_2030","GHG emissions - (MTCO2eq)","sum","CO2","comm others","pal_all","pal_all","NoRusGas_ModelOptimal2","CO2 emissions by sector (no bio)","MTC",2030,4.94402510803526,1.34837048400962,"sector","ghg","emissGHGBySectorBuildingsGWPAR5"
"NoRusGas_ModelOptimal2","EU-12","EU-12","Sources",2030,"Year","Vint_2030","GHG emissions - (MTCO2eq)","sum","CO2","resid heating","pal_all","pal_all","NoRusGas_ModelOptimal2","CO2 emissions by sector (no bio)","MTC",2030,10.3218754201624,2.81505693277156,"sector","ghg","emissGHGBySectorBuildingsGWPAR5"
"NoRusGas_ModelOptimal2","EU-12","EU-12","Sources",2030,"Year","Vint_2030","GHG emissions - (MTCO2eq)","sum","CO2","resid others","pal_all","pal_all","NoRusGas_ModelOptimal2","CO2 emissions by sector (no bio)","MTC",2030,9.36126353574957,2.55307187338625,"sector","ghg","emissGHGBySectorBuildingsGWPAR5"
"NoRusGas_ModelOptimal2","EU-15","EU-15","Sources",1990,"Year","Vint_1990","GHG emissions - (MTCO2eq)","sum","CO2","comm cooling","pal_all","pal_all","NoRusGas_ModelOptimal2","CO2 emissions by sector (no bio)","MTC",1990,3.63391176838888e-05,9.91066845924239e-06,"sector","ghg","emissGHGBySectorBuildingsGWPAR5"
"NoRusGas_ModelOptimal2","EU-15","EU-15","Sources",1990,"Year","Vint_1990","GHG emissions - (MTCO2eq)","sum","CO2","comm heating","pal_all","pal_all","NoRusGas_ModelOptimal2","CO2 emissions by sector (no bio)","MTC",1990,95.8511786053731,26.1412305287381,"sector","ghg","emissGHGBySectorBuildingsGWPAR5"
"NoRusGas_ModelOptimal2","EU-15","EU-15","Sources",1990,"Year","Vint_1990","GHG emissions - (MTCO2eq)","sum","CO2","comm others","pal_all","pal_all","NoRusGas_ModelOptimal2","CO2 emissions by sector (no bio)","MTC",1990,80.8686854921223,22.0550960433061,"sector","ghg","emissGHGBySectorBuildingsGWPAR5"
"NoRusGas_ModelOptimal2","EU-15","EU-15","Sources",1990,"Year","Vint_1990","GHG emissions - (MTCO2eq)","sum","CO2","resid heating","pal_all","pal_all","NoRusGas_ModelOptimal2","CO2 emissions by sector (no bio)","MTC",1990,223.904264542471,61.0647994206739,"sector","ghg","emissGHGBySectorBuildingsGWPAR5"
"NoRusGas_ModelOptimal2","EU-15","EU-15","Sources",1990,"Year","Vint_1990","GHG emissions - (MTCO2eq)","sum","CO2","resid others","pal_all","pal_all","NoRusGas_ModelOptimal2","CO2 emissions by sector (no bio)","MTC",1990,174.209177257644,47.5115937975394,"sector","ghg","emissGHGBySectorBuildingsGWPAR5"
"NoRusGas_ModelOptimal2","EU-15","EU-15","Sources",2005,"Year","Vint_2005","GHG emissions - (MTCO2eq)","sum","CO2","comm cooling","pal_all","pal_all","NoRusGas_ModelOptimal2","CO2 emissions by sector (no bio)","MTC",2005,4.63793405018071e-05,1.26489110459474e-05,"sector","ghg","emissGHGBySectorBuildingsGWPAR5"
"NoRusGas_ModelOptimal2","EU-15","EU-15","Sources",2005,"Year","Vint_2005","GHG emissions - (MTCO2eq)","sum","CO2","comm heating","pal_all","pal_all","NoRusGas_ModelOptimal2","CO2 emissions by sector (no bio)","MTC",2005,75.6266099520926,20.6254390778434,"sector","ghg","emissGHGBySectorBuildingsGWPAR5"
"NoRusGas_ModelOptimal2","EU-15","EU-15","Sources",2005,"Year","Vint_2005","GHG emissions - (MTCO2eq)","sum","CO2","comm others","pal_all","pal_all","NoRusGas_ModelOptimal2","CO2 emissions by sector (no bio)","MTC",2005,87.6323482950935,23.8997313532073,"sector","ghg","emissGHGBySectorBuildingsGWPAR5"
"NoRusGas_ModelOptimal2","EU-15","EU-15","Sources",2005,"Year","Vint_2005","GHG emissions - (MTCO2eq)","sum","CO2","resid heating","pal_all","pal_all","NoRusGas_ModelOptimal2","CO2 emissions by sector (no bio)","MTC",2005,266.763791349129,72.7537612770351,"sector","ghg","emissGHGBySectorBuildingsGWPAR5"
"NoRusGas_ModelOptimal2","EU-15","EU-15","Sources",2005,"Year","Vint_2005","GHG emissions - (MTCO2eq)","sum","CO2","resid others","pal_all","pal_all","NoRusGas_ModelOptimal2","CO2 emissions by sector (no bio)","MTC",2005,129.482610886545,35.3134393326942,"sector","ghg","emissGHGBySectorBuildingsGWPAR5"
"NoRusGas_ModelOptimal2","EU-15","EU-15","Sources",2010,"Year","Vint_2010","GHG emissions - (MTCO2eq)","sum","CO2","comm cooling","pal_all","pal_all","NoRusGas_ModelOptimal2","CO2 emissions by sector (no bio)","MTC",2010,5.60861330509142e-05,1.52962181047948e-05,"sector","ghg","emissGHGBySectorBuildingsGWPAR5"
"NoRusGas_ModelOptimal2","EU-15","EU-15","Sources",2010,"Year","Vint_2010","GHG emissions - (MTCO2eq)","sum","CO2","comm heating","pal_all","pal_all","NoRusGas_ModelOptimal2","CO2 emissions by sector (no bio)","MTC",2010,73.0737361746681,19.9292007749095,"sector","ghg","emissGHGBySectorBuildingsGWPAR5"
"NoRusGas_ModelOptimal2","EU-15","EU-15","Sources",2010,"Year","Vint_2010","GHG emissions - (MTCO2eq)","sum","CO2","comm others","pal_all","pal_all","NoRusGas_ModelOptimal2","CO2 emissions by sector (no bio)","MTC",2010,83.3071077324644,22.7201202906721,"sector","ghg","emissGHGBySectorBuildingsGWPAR5"
"NoRusGas_ModelOptimal2","EU-15","EU-15","Sources",2010,"Year","Vint_2010","GHG emissions - (MTCO2eq)","sum","CO2","resid heating","pal_all","pal_all","NoRusGas_ModelOptimal2","CO2 emissions by sector (no bio)","MTC",2010,249.633524347156,68.081870276497,"sector","ghg","emissGHGBySectorBuildingsGWPAR5"
"NoRusGas_ModelOptimal2","EU-15","EU-15","Sources",2010,"Year","Vint_2010","GHG emissions - (MTCO2eq)","sum","CO2","resid others","pal_all","pal_all","NoRusGas_ModelOptimal2","CO2 emissions by sector (no bio)","MTC",2010,124.053262684428,33.8327080048441,"sector","ghg","emissGHGBySectorBuildingsGWPAR5"
"NoRusGas_ModelOptimal2","EU-15","EU-15","Sources",2015,"Year","Vint_2015","GHG emissions - (MTCO2eq)","sum","CO2","comm cooling","pal_all","pal_all","NoRusGas_ModelOptimal2","CO2 emissions by sector (no bio)","MTC",2015,4.97380979770296e-05,1.35649358119172e-05,"sector","ghg","emissGHGBySectorBuildingsGWPAR5"
"NoRusGas_ModelOptimal2","EU-15","EU-15","Sources",2015,"Year","Vint_2015","GHG emissions - (MTCO2eq)","sum","CO2","comm heating","pal_all","pal_all","NoRusGas_ModelOptimal2","CO2 emissions by sector (no bio)","MTC",2015,65.2759329872546,17.8025271783422,"sector","ghg","emissGHGBySectorBuildingsGWPAR5"
"NoRusGas_ModelOptimal2","EU-15","EU-15","Sources",2015,"Year","Vint_2015","GHG emissions - (MTCO2eq)","sum","CO2","comm others","pal_all","pal_all","NoRusGas_ModelOptimal2","CO2 emissions by sector (no bio)","MTC",2015,75.0694951900355,20.4734986881915,"sector","ghg","emissGHGBySectorBuildingsGWPAR5"
"NoRusGas_ModelOptimal2","EU-15","EU-15","Sources",2015,"Year","Vint_2015","GHG emissions - (MTCO2eq)","sum","CO2","resid heating","pal_all","pal_all","NoRusGas_ModelOptimal2","CO2 emissions by sector (no bio)","MTC",2015,195.499140597644,53.317947435721,"sector","ghg","emissGHGBySectorBuildingsGWPAR5"
"NoRusGas_ModelOptimal2","EU-15","EU-15","Sources",2015,"Year","Vint_2015","GHG emissions - (MTCO2eq)","sum","CO2","resid others","pal_all","pal_all","NoRusGas_ModelOptimal2","CO2 emissions by sector (no bio)","MTC",2015,95.1316867315557,25.9450054722425,"sector","ghg","emissGHGBySectorBuildingsGWPAR5"
"NoRusGas_ModelOptimal2","EU-15","EU-15","Sources",2020,"Year","Vint_2020","GHG emissions - (MTCO2eq)","sum","CO2","comm cooling","pal_all","pal_all","NoRusGas_ModelOptimal2","CO2 emissions by sector (no bio)","MTC",2020,4.31013441572748e-05,1.17549120428931e-05,"sector","ghg","emissGHGBySectorBuildingsGWPAR5"
"NoRusGas_ModelOptimal2","EU-15","EU-15","Sources",2020,"Year","Vint_2020","GHG emissions - (MTCO2eq)","sum","CO2","comm heating","pal_all","pal_all","NoRusGas_ModelOptimal2","CO2 emissions by sector (no bio)","MTC",2020,67.5850108447145,18.4322756849221,"sector","ghg","emissGHGBySectorBuildingsGWPAR5"
"NoRusGas_ModelOptimal2","EU-15","EU-15","Sources",2020,"Year","Vint_2020","GHG emissions - (MTCO2eq)","sum","CO2","comm others","pal_all","pal_all","NoRusGas_ModelOptimal2","CO2 emissions by sector (no bio)","MTC",2020,76.7166220492153,20.9227151043314,"sector","ghg","emissGHGBySectorBuildingsGWPAR5"
"NoRusGas_ModelOptimal2","EU-15","EU-15","Sources",2020,"Year","Vint_2020","GHG emissions - (MTCO2eq)","sum","CO2","resid heating","pal_all","pal_all","NoRusGas_ModelOptimal2","CO2 emissions by sector (no bio)","MTC",2020,193.555776852693,52.7879391416437,"sector","ghg","emissGHGBySectorBuildingsGWPAR5"
"NoRusGas_ModelOptimal2","EU-15","EU-15","Sources",2020,"Year","Vint_2020","GHG emissions - (MTCO2eq)","sum","CO2","resid others","pal_all","pal_all","NoRusGas_ModelOptimal2","CO2 emissions by sector (no bio)","MTC",2020,92.7732782014148,25.3018031458404,"sector","ghg","emissGHGBySectorBuildingsGWPAR5"
"NoRusGas_ModelOptimal2","EU-15","EU-15","Sources",2025,"Year","Vint_2025","GHG emissions - (MTCO2eq)","sum","CO2","comm cooling","pal_all","pal_all","NoRusGas_ModelOptimal2","CO2 emissions by sector (no bio)","MTC",2025,2.072606874569e-05,5.65256420337e-06,"sector","ghg","emissGHGBySectorBuildingsGWPAR5"
"NoRusGas_ModelOptimal2","EU-15","EU-15","Sources",2025,"Year","Vint_2025","GHG emissions - (MTCO2eq)","sum","CO2","comm heating","pal_all","pal_all","NoRusGas_ModelOptimal2","CO2 emissions by sector (no bio)","MTC",2025,30.8206778336187,8.40563940916874,"sector","ghg","emissGHGBySectorBuildingsGWPAR5"
"NoRusGas_ModelOptimal2","EU-15","EU-15","Sources",2025,"Year","Vint_2025","GHG emissions - (MTCO2eq)","sum","CO2","comm others","pal_all","pal_all","NoRusGas_ModelOptimal2","CO2 emissions by sector (no bio)","MTC",2025,27.782272312693,7.57698335800719,"sector","ghg","emissGHGBySectorBuildingsGWPAR5"
"NoRusGas_ModelOptimal2","EU-15","EU-15","Sources",2025,"Year","Vint_2025","GHG emissions - (MTCO2eq)","sum","CO2","resid heating","pal_all","pal_all","NoRusGas_ModelOptimal2","CO2 emissions by sector (no bio)","MTC",2025,114.998473756197,31.3632201153263,"sector","ghg","emissGHGBySectorBuildingsGWPAR5"
"NoRusGas_ModelOptimal2","EU-15","EU-15","Sources",2025,"Year","Vint_2025","GHG emissions - (MTCO2eq)","sum","CO2","resid others","pal_all","pal_all","NoRusGas_ModelOptimal2","CO2 emissions by sector (no bio)","MTC",2025,31.2595344404796,8.52532757467625,"sector","ghg","emissGHGBySectorBuildingsGWPAR5"
"NoRusGas_ModelOptimal2","EU-15","EU-15","Sources",2030,"Year","Vint_2030","GHG emissions - (MTCO2eq)","sum","CO2","comm cooling","pal_all","pal_all","NoRusGas_ModelOptimal2","CO2 emissions by sector (no bio)","MTC",2030,2.281297859093e-05,6.22172143389e-06,"sector","ghg","emissGHGBySectorBuildingsGWPAR5"
"NoRusGas_ModelOptimal2","EU-15","EU-15","Sources",2030,"Year","Vint_2030","GHG emissions - (MTCO2eq)","sum","CO2","comm heating","pal_all","pal_all","NoRusGas_ModelOptimal2","CO2 emissions by sector (no bio)","MTC",2030,35.2785499243029,9.62142270662805,"sector","ghg","emissGHGBySectorBuildingsGWPAR5"
"NoRusGas_ModelOptimal2","EU-15","EU-15","Sources",2030,"Year","Vint_2030","GHG emissions - (MTCO2eq)","sum","CO2","comm others","pal_all","pal_all","NoRusGas_ModelOptimal2","CO2 emissions by sector (no bio)","MTC",2030,32.6303356468872,8.89918244915105,"sector","ghg","emissGHGBySectorBuildingsGWPAR5"
"NoRusGas_ModelOptimal2","EU-15","EU-15","Sources",2030,"Year","Vint_2030","GHG emissions - (MTCO2eq)","sum","CO2","resid heating","pal_all","pal_all","NoRusGas_ModelOptimal2","CO2 emissions by sector (no bio)","MTC",2030,118.375618399126,32.2842595633979,"sector","ghg","emissGHGBySectorBuildingsGWPAR5"
"NoRusGas_ModelOptimal2","EU-15","EU-15","Sources",2030,"Year","Vint_2030","GHG emissions - (MTCO2eq)","sum","CO2","resid others","pal_all","pal_all","NoRusGas_ModelOptimal2","CO2 emissions by sector (no bio)","MTC",2030,35.8321072138766,9.77239287651181,"sector","ghg","emissGHGBySectorBuildingsGWPAR5"
"NoRusGas_constrained_ModelOptimal","EU-12","EU-12","Sources",1990,"Year","Vint_1990","GHG emissions - (MTCO2eq)","sum","CO2","comm heating","pal_all","pal_all","NoRusGas_constrained_ModelOptimal","CO2 emissions by sector (no bio)","MTC",1990,29.2909519613667,7.9884414440091,"sector","ghg","emissGHGBySectorBuildingsGWPAR5"
"NoRusGas_constrained_ModelOptimal","EU-12","EU-12","Sources",1990,"Year","Vint_1990","GHG emissions - (MTCO2eq)","sum","CO2","comm others","pal_all","pal_all","NoRusGas_constrained_ModelOptimal","CO2 emissions by sector (no bio)","MTC",1990,13.6666275390518,3.72726205610502,"sector","ghg","emissGHGBySectorBuildingsGWPAR5"
"NoRusGas_constrained_ModelOptimal","EU-12","EU-12","Sources",1990,"Year","Vint_1990","GHG emissions - (MTCO2eq)","sum","CO2","resid heating","pal_all","pal_all","NoRusGas_constrained_ModelOptimal","CO2 emissions by sector (no bio)","MTC",1990,64.7275477868337,17.6529675782274,"sector","ghg","emissGHGBySectorBuildingsGWPAR5"
"NoRusGas_constrained_ModelOptimal","EU-12","EU-12","Sources",1990,"Year","Vint_1990","GHG emissions - (MTCO2eq)","sum","CO2","resid others","pal_all","pal_all","NoRusGas_constrained_ModelOptimal","CO2 emissions by sector (no bio)","MTC",1990,23.8230123681968,6.4971851913264,"sector","ghg","emissGHGBySectorBuildingsGWPAR5"
"NoRusGas_constrained_ModelOptimal","EU-12","EU-12","Sources",2005,"Year","Vint_2005","GHG emissions - (MTCO2eq)","sum","CO2","comm heating","pal_all","pal_all","NoRusGas_constrained_ModelOptimal","CO2 emissions by sector (no bio)","MTC",2005,13.3017940842568,3.62776202297911,"sector","ghg","emissGHGBySectorBuildingsGWPAR5"
"NoRusGas_constrained_ModelOptimal","EU-12","EU-12","Sources",2005,"Year","Vint_2005","GHG emissions - (MTCO2eq)","sum","CO2","comm others","pal_all","pal_all","NoRusGas_constrained_ModelOptimal","CO2 emissions by sector (no bio)","MTC",2005,10.4641585891739,2.85386143341106,"sector","ghg","emissGHGBySectorBuildingsGWPAR5"
"NoRusGas_constrained_ModelOptimal","EU-12","EU-12","Sources",2005,"Year","Vint_2005","GHG emissions - (MTCO2eq)","sum","CO2","resid heating","pal_all","pal_all","NoRusGas_constrained_ModelOptimal","CO2 emissions by sector (no bio)","MTC",2005,42.0557512221415,11.4697503333113,"sector","ghg","emissGHGBySectorBuildingsGWPAR5"
"NoRusGas_constrained_ModelOptimal","EU-12","EU-12","Sources",2005,"Year","Vint_2005","GHG emissions - (MTCO2eq)","sum","CO2","resid others","pal_all","pal_all","NoRusGas_constrained_ModelOptimal","CO2 emissions by sector (no bio)","MTC",2005,26.2673767446647,7.16383002127219,"sector","ghg","emissGHGBySectorBuildingsGWPAR5"
"NoRusGas_constrained_ModelOptimal","EU-12","EU-12","Sources",2010,"Year","Vint_2010","GHG emissions - (MTCO2eq)","sum","CO2","comm heating","pal_all","pal_all","NoRusGas_constrained_ModelOptimal","CO2 emissions by sector (no bio)","MTC",2010,14.6390894817288,3.9924789495624,"sector","ghg","emissGHGBySectorBuildingsGWPAR5"
"NoRusGas_constrained_ModelOptimal","EU-12","EU-12","Sources",2010,"Year","Vint_2010","GHG emissions - (MTCO2eq)","sum","CO2","comm others","pal_all","pal_all","NoRusGas_constrained_ModelOptimal","CO2 emissions by sector (no bio)","MTC",2010,10.5151239555554,2.86776107878784,"sector","ghg","emissGHGBySectorBuildingsGWPAR5"
"NoRusGas_constrained_ModelOptimal","EU-12","EU-12","Sources",2010,"Year","Vint_2010","GHG emissions - (MTCO2eq)","sum","CO2","resid heating","pal_all","pal_all","NoRusGas_constrained_ModelOptimal","CO2 emissions by sector (no bio)","MTC",2010,47.8534383676844,13.0509377366412,"sector","ghg","emissGHGBySectorBuildingsGWPAR5"
"NoRusGas_constrained_ModelOptimal","EU-12","EU-12","Sources",2010,"Year","Vint_2010","GHG emissions - (MTCO2eq)","sum","CO2","resid others","pal_all","pal_all","NoRusGas_constrained_ModelOptimal","CO2 emissions by sector (no bio)","MTC",2010,24.7992879311794,6.76344216304892,"sector","ghg","emissGHGBySectorBuildingsGWPAR5"
"NoRusGas_constrained_ModelOptimal","EU-12","EU-12","Sources",2015,"Year","Vint_2015","GHG emissions - (MTCO2eq)","sum","CO2","comm heating","pal_all","pal_all","NoRusGas_constrained_ModelOptimal","CO2 emissions by sector (no bio)","MTC",2015,10.8346899919265,2.95491545234359,"sector","ghg","emissGHGBySectorBuildingsGWPAR5"
"NoRusGas_constrained_ModelOptimal","EU-12","EU-12","Sources",2015,"Year","Vint_2015","GHG emissions - (MTCO2eq)","sum","CO2","comm others","pal_all","pal_all","NoRusGas_constrained_ModelOptimal","CO2 emissions by sector (no bio)","MTC",2015,8.12771091972739,2.21664843265292,"sector","ghg","emissGHGBySectorBuildingsGWPAR5"
"NoRusGas_constrained_ModelOptimal","EU-12","EU-12","Sources",2015,"Year","Vint_2015","GHG emissions - (MTCO2eq)","sum","CO2","resid heating","pal_all","pal_all","NoRusGas_constrained_ModelOptimal","CO2 emissions by sector (no bio)","MTC",2015,38.613479751308,10.530949023084,"sector","ghg","emissGHGBySectorBuildingsGWPAR5"
"NoRusGas_constrained_ModelOptimal","EU-12","EU-12","Sources",2015,"Year","Vint_2015","GHG emissions - (MTCO2eq)","sum","CO2","resid others","pal_all","pal_all","NoRusGas_constrained_ModelOptimal","CO2 emissions by sector (no bio)","MTC",2015,20.5526670386862,5.6052728287326,"sector","ghg","emissGHGBySectorBuildingsGWPAR5"
"NoRusGas_constrained_ModelOptimal","EU-12","EU-12","Sources",2020,"Year","Vint_2020","GHG emissions - (MTCO2eq)","sum","CO2","comm heating","pal_all","pal_all","NoRusGas_constrained_ModelOptimal","CO2 emissions by sector (no bio)","MTC",2020,13.3992168960245,3.65433188073394,"sector","ghg","emissGHGBySectorBuildingsGWPAR5"
"NoRusGas_constrained_ModelOptimal","EU-12","EU-12","Sources",2020,"Year","Vint_2020","GHG emissions - (MTCO2eq)","sum","CO2","comm others","pal_all","pal_all","NoRusGas_constrained_ModelOptimal","CO2 emissions by sector (no bio)","MTC",2020,9.88289506701592,2.69533501827707,"sector","ghg","emissGHGBySectorBuildingsGWPAR5"
"NoRusGas_constrained_ModelOptimal","EU-12","EU-12","Sources",2020,"Year","Vint_2020","GHG emissions - (MTCO2eq)","sum","CO2","resid heating","pal_all","pal_all","NoRusGas_constrained_ModelOptimal","CO2 emissions by sector (no bio)","MTC",2020,38.464128932724,10.490216981652,"sector","ghg","emissGHGBySectorBuildingsGWPAR5"
"NoRusGas_constrained_ModelOptimal","EU-12","EU-12","Sources",2020,"Year","Vint_2020","GHG emissions - (MTCO2eq)","sum","CO2","resid others","pal_all","pal_all","NoRusGas_constrained_ModelOptimal","CO2 emissions by sector (no bio)","MTC",2020,21.8722295101126,5.96515350275799,"sector","ghg","emissGHGBySectorBuildingsGWPAR5"
"NoRusGas_constrained_ModelOptimal","EU-12","EU-12","Sources",2025,"Year","Vint_2025","GHG emissions - (MTCO2eq)","sum","CO2","comm heating","pal_all","pal_all","NoRusGas_constrained_ModelOptimal","CO2 emissions by sector (no bio)","MTC",2025,10.9009277108275,2.97298028477114,"sector","ghg","emissGHGBySectorBuildingsGWPAR5"
"NoRusGas_constrained_ModelOptimal","EU-12","EU-12","Sources",2025,"Year","Vint_2025","GHG emissions - (MTCO2eq)","sum","CO2","comm others","pal_all","pal_all","NoRusGas_constrained_ModelOptimal","CO2 emissions by sector (no bio)","MTC",2025,6.30692825257236,1.72007134161064,"sector","ghg","emissGHGBySectorBuildingsGWPAR5"
"NoRusGas_constrained_ModelOptimal","EU-12","EU-12","Sources",2025,"Year","Vint_2025","GHG emissions - (MTCO2eq)","sum","CO2","resid heating","pal_all","pal_all","NoRusGas_constrained_ModelOptimal","CO2 emissions by sector (no bio)","MTC",2025,13.2881122639784,3.62403061744866,"sector","ghg","emissGHGBySectorBuildingsGWPAR5"
"NoRusGas_constrained_ModelOptimal","EU-12","EU-12","Sources",2025,"Year","Vint_2025","GHG emissions - (MTCO2eq)","sum","CO2","resid others","pal_all","pal_all","NoRusGas_constrained_ModelOptimal","CO2 emissions by sector (no bio)","MTC",2025,12.7388300427918,3.47422637530685,"sector","ghg","emissGHGBySectorBuildingsGWPAR5"
"NoRusGas_constrained_ModelOptimal","EU-12","EU-12","Sources",2030,"Year","Vint_2030","GHG emissions - (MTCO2eq)","sum","CO2","comm heating","pal_all","pal_all","NoRusGas_constrained_ModelOptimal","CO2 emissions by sector (no bio)","MTC",2030,11.600121090748,3.16366938838582,"sector","ghg","emissGHGBySectorBuildingsGWPAR5"
"NoRusGas_constrained_ModelOptimal","EU-12","EU-12","Sources",2030,"Year","Vint_2030","GHG emissions - (MTCO2eq)","sum","CO2","comm others","pal_all","pal_all","NoRusGas_constrained_ModelOptimal","CO2 emissions by sector (no bio)","MTC",2030,6.72722858489378,1.83469870497103,"sector","ghg","emissGHGBySectorBuildingsGWPAR5"
"NoRusGas_constrained_ModelOptimal","EU-12","EU-12","Sources",2030,"Year","Vint_2030","GHG emissions - (MTCO2eq)","sum","CO2","resid heating","pal_all","pal_all","NoRusGas_constrained_ModelOptimal","CO2 emissions by sector (no bio)","MTC",2030,12.0130375445919,3.2762829667069,"sector","ghg","emissGHGBySectorBuildingsGWPAR5"
"NoRusGas_constrained_ModelOptimal","EU-12","EU-12","Sources",2030,"Year","Vint_2030","GHG emissions - (MTCO2eq)","sum","CO2","resid others","pal_all","pal_all","NoRusGas_constrained_ModelOptimal","CO2 emissions by sector (no bio)","MTC",2030,12.6014695584787,3.43676442503965,"sector","ghg","emissGHGBySectorBuildingsGWPAR5"
"NoRusGas_constrained_ModelOptimal","EU-15","EU-15","Sources",1990,"Year","Vint_1990","GHG emissions - (MTCO2eq)","sum","CO2","comm cooling","pal_all","pal_all","NoRusGas_constrained_ModelOptimal","CO2 emissions by sector (no bio)","MTC",1990,3.63391176838888e-05,9.91066845924239e-06,"sector","ghg","emissGHGBySectorBuildingsGWPAR5"
"NoRusGas_constrained_ModelOptimal","EU-15","EU-15","Sources",1990,"Year","Vint_1990","GHG emissions - (MTCO2eq)","sum","CO2","comm heating","pal_all","pal_all","NoRusGas_constrained_ModelOptimal","CO2 emissions by sector (no bio)","MTC",1990,95.8511786053731,26.1412305287381,"sector","ghg","emissGHGBySectorBuildingsGWPAR5"
"NoRusGas_constrained_ModelOptimal","EU-15","EU-15","Sources",1990,"Year","Vint_1990","GHG emissions - (MTCO2eq)","sum","CO2","comm others","pal_all","pal_all","NoRusGas_constrained_ModelOptimal","CO2 emissions by sector (no bio)","MTC",1990,80.8686854921223,22.0550960433061,"sector","ghg","emissGHGBySectorBuildingsGWPAR5"
"NoRusGas_constrained_ModelOptimal","EU-15","EU-15","Sources",1990,"Year","Vint_1990","GHG emissions - (MTCO2eq)","sum","CO2","resid heating","pal_all","pal_all","NoRusGas_constrained_ModelOptimal","CO2 emissions by sector (no bio)","MTC",1990,223.904264542471,61.0647994206739,"sector","ghg","emissGHGBySectorBuildingsGWPAR5"
"NoRusGas_constrained_ModelOptimal","EU-15","EU-15","Sources",1990,"Year","Vint_1990","GHG emissions - (MTCO2eq)","sum","CO2","resid others","pal_all","pal_all","NoRusGas_constrained_ModelOptimal","CO2 emissions by sector (no bio)","MTC",1990,174.209177257644,47.5115937975394,"sector","ghg","emissGHGBySectorBuildingsGWPAR5"
"NoRusGas_constrained_ModelOptimal","EU-15","EU-15","Sources",2005,"Year","Vint_2005","GHG emissions - (MTCO2eq)","sum","CO2","comm cooling","pal_all","pal_all","NoRusGas_constrained_ModelOptimal","CO2 emissions by sector (no bio)","MTC",2005,4.63793405018071e-05,1.26489110459474e-05,"sector","ghg","emissGHGBySectorBuildingsGWPAR5"
"NoRusGas_constrained_ModelOptimal","EU-15","EU-15","Sources",2005,"Year","Vint_2005","GHG emissions - (MTCO2eq)","sum","CO2","comm heating","pal_all","pal_all","NoRusGas_constrained_ModelOptimal","CO2 emissions by sector (no bio)","MTC",2005,75.6266099520926,20.6254390778434,"sector","ghg","emissGHGBySectorBuildingsGWPAR5"
"NoRusGas_constrained_ModelOptimal","EU-15","EU-15","Sources",2005,"Year","Vint_2005","GHG emissions - (MTCO2eq)","sum","CO2","comm others","pal_all","pal_all","NoRusGas_constrained_ModelOptimal","CO2 emissions by sector (no bio)","MTC",2005,87.6323482950935,23.8997313532073,"sector","ghg","emissGHGBySectorBuildingsGWPAR5"
"NoRusGas_constrained_ModelOptimal","EU-15","EU-15","Sources",2005,"Year","Vint_2005","GHG emissions - (MTCO2eq)","sum","CO2","resid heating","pal_all","pal_all","NoRusGas_constrained_ModelOptimal","CO2 emissions by sector (no bio)","MTC",2005,266.763791349129,72.7537612770351,"sector","ghg","emissGHGBySectorBuildingsGWPAR5"
"NoRusGas_constrained_ModelOptimal","EU-15","EU-15","Sources",2005,"Year","Vint_2005","GHG emissions - (MTCO2eq)","sum","CO2","resid others","pal_all","pal_all","NoRusGas_constrained_ModelOptimal","CO2 emissions by sector (no bio)","MTC",2005,129.482610886545,35.3134393326942,"sector","ghg","emissGHGBySectorBuildingsGWPAR5"
"NoRusGas_constrained_ModelOptimal","EU-15","EU-15","Sources",2010,"Year","Vint_2010","GHG emissions - (MTCO2eq)","sum","CO2","comm cooling","pal_all","pal_all","NoRusGas_constrained_ModelOptimal","CO2 emissions by sector (no bio)","MTC",2010,5.60861330509142e-05,1.52962181047948e-05,"sector","ghg","emissGHGBySectorBuildingsGWPAR5"
"NoRusGas_constrained_ModelOptimal","EU-15","EU-15","Sources",2010,"Year","Vint_2010","GHG emissions - (MTCO2eq)","sum","CO2","comm heating","pal_all","pal_all","NoRusGas_constrained_ModelOptimal","CO2 emissions by sector (no bio)","MTC",2010,73.0737361746681,19.9292007749095,"sector","ghg","emissGHGBySectorBuildingsGWPAR5"
"NoRusGas_constrained_ModelOptimal","EU-15","EU-15","Sources",2010,"Year","Vint_2010","GHG emissions - (MTCO2eq)","sum","CO2","comm others","pal_all","pal_all","NoRusGas_constrained_ModelOptimal","CO2 emissions by sector (no bio)","MTC",2010,83.3071077324644,22.7201202906721,"sector","ghg","emissGHGBySectorBuildingsGWPAR5"
"NoRusGas_constrained_ModelOptimal","EU-15","EU-15","Sources",2010,"Year","Vint_2010","GHG emissions - (MTCO2eq)","sum","CO2","resid heating","pal_all","pal_all","NoRusGas_constrained_ModelOptimal","CO2 emissions by sector (no bio)","MTC",2010,249.633524347156,68.081870276497,"sector","ghg","emissGHGBySectorBuildingsGWPAR5"
"NoRusGas_constrained_ModelOptimal","EU-15","EU-15","Sources",2010,"Year","Vint_2010","GHG emissions - (MTCO2eq)","sum","CO2","resid others","pal_all","pal_all","NoRusGas_constrained_ModelOptimal","CO2 emissions by sector (no bio)","MTC",2010,124.053262684428,33.8327080048441,"sector","ghg","emissGHGBySectorBuildingsGWPAR5"
"NoRusGas_constrained_ModelOptimal","EU-15","EU-15","Sources",2015,"Year","Vint_2015","GHG emissions - (MTCO2eq)","sum","CO2","comm cooling","pal_all","pal_all","NoRusGas_constrained_ModelOptimal","CO2 emissions by sector (no bio)","MTC",2015,4.97380979770296e-05,1.35649358119172e-05,"sector","ghg","emissGHGBySectorBuildingsGWPAR5"
"NoRusGas_constrained_ModelOptimal","EU-15","EU-15","Sources",2015,"Year","Vint_2015","GHG emissions - (MTCO2eq)","sum","CO2","comm heating","pal_all","pal_all","NoRusGas_constrained_ModelOptimal","CO2 emissions by sector (no bio)","MTC",2015,65.2759329872546,17.8025271783422,"sector","ghg","emissGHGBySectorBuildingsGWPAR5"
"NoRusGas_constrained_ModelOptimal","EU-15","EU-15","Sources",2015,"Year","Vint_2015","GHG emissions - (MTCO2eq)","sum","CO2","comm others","pal_all","pal_all","NoRusGas_constrained_ModelOptimal","CO2 emissions by sector (no bio)","MTC",2015,75.0694951900355,20.4734986881915,"sector","ghg","emissGHGBySectorBuildingsGWPAR5"
"NoRusGas_constrained_ModelOptimal","EU-15","EU-15","Sources",2015,"Year","Vint_2015","GHG emissions - (MTCO2eq)","sum","CO2","resid heating","pal_all","pal_all","NoRusGas_constrained_ModelOptimal","CO2 emissions by sector (no bio)","MTC",2015,195.499140597644,53.317947435721,"sector","ghg","emissGHGBySectorBuildingsGWPAR5"
"NoRusGas_constrained_ModelOptimal","EU-15","EU-15","Sources",2015,"Year","Vint_2015","GHG emissions - (MTCO2eq)","sum","CO2","resid others","pal_all","pal_all","NoRusGas_constrained_ModelOptimal","CO2 emissions by sector (no bio)","MTC",2015,95.1316867315557,25.9450054722425,"sector","ghg","emissGHGBySectorBuildingsGWPAR5"
"NoRusGas_constrained_ModelOptimal","EU-15","EU-15","Sources",2020,"Year","Vint_2020","GHG emissions - (MTCO2eq)","sum","CO2","comm cooling","pal_all","pal_all","NoRusGas_constrained_ModelOptimal","CO2 emissions by sector (no bio)","MTC",2020,4.31013441572748e-05,1.17549120428931e-05,"sector","ghg","emissGHGBySectorBuildingsGWPAR5"
"NoRusGas_constrained_ModelOptimal","EU-15","EU-15","Sources",2020,"Year","Vint_2020","GHG emissions - (MTCO2eq)","sum","CO2","comm heating","pal_all","pal_all","NoRusGas_constrained_ModelOptimal","CO2 emissions by sector (no bio)","MTC",2020,67.5850108447145,18.4322756849221,"sector","ghg","emissGHGBySectorBuildingsGWPAR5"
"NoRusGas_constrained_ModelOptimal","EU-15","EU-15","Sources",2020,"Year","Vint_2020","GHG emissions - (MTCO2eq)","sum","CO2","comm others","pal_all","pal_all","NoRusGas_constrained_ModelOptimal","CO2 emissions by sector (no bio)","MTC",2020,76.7166220492153,20.9227151043314,"sector","ghg","emissGHGBySectorBuildingsGWPAR5"
"NoRusGas_constrained_ModelOptimal","EU-15","EU-15","Sources",2020,"Year","Vint_2020","GHG emissions - (MTCO2eq)","sum","CO2","resid heating","pal_all","pal_all","NoRusGas_constrained_ModelOptimal","CO2 emissions by sector (no bio)","MTC",2020,193.555776852693,52.7879391416437,"sector","ghg","emissGHGBySectorBuildingsGWPAR5"
"NoRusGas_constrained_ModelOptimal","EU-15","EU-15","Sources",2020,"Year","Vint_2020","GHG emissions - (MTCO2eq)","sum","CO2","resid others","pal_all","pal_all","NoRusGas_constrained_ModelOptimal","CO2 emissions by sector (no bio)","MTC",2020,92.7732782014148,25.3018031458404,"sector","ghg","emissGHGBySectorBuildingsGWPAR5"
"NoRusGas_constrained_ModelOptimal","EU-15","EU-15","Sources",2025,"Year","Vint_2025","GHG emissions - (MTCO2eq)","sum","CO2","comm cooling","pal_all","pal_all","NoRusGas_constrained_ModelOptimal","CO2 emissions by sector (no bio)","MTC",2025,3.16930308339033e-05,8.64355386379181e-06,"sector","ghg","emissGHGBySectorBuildingsGWPAR5"
"NoRusGas_constrained_ModelOptimal","EU-15","EU-15","Sources",2025,"Year","Vint_2025","GHG emissions - (MTCO2eq)","sum","CO2","comm heating","pal_all","pal_all","NoRusGas_constrained_ModelOptimal","CO2 emissions by sector (no bio)","MTC",2025,38.8414066520484,10.5931109051041,"sector","ghg","emissGHGBySectorBuildingsGWPAR5"
"NoRusGas_constrained_ModelOptimal","EU-15","EU-15","Sources",2025,"Year","Vint_2025","GHG emissions - (MTCO2eq)","sum","CO2","comm others","pal_all","pal_all","NoRusGas_constrained_ModelOptimal","CO2 emissions by sector (no bio)","MTC",2025,36.7985310055072,10.035963001502,"sector","ghg","emissGHGBySectorBuildingsGWPAR5"
"NoRusGas_constrained_ModelOptimal","EU-15","EU-15","Sources",2025,"Year","Vint_2025","GHG emissions - (MTCO2eq)","sum","CO2","resid heating","pal_all","pal_all","NoRusGas_constrained_ModelOptimal","CO2 emissions by sector (no bio)","MTC",2025,135.886349245029,37.0599134304625,"sector","ghg","emissGHGBySectorBuildingsGWPAR5"
"NoRusGas_constrained_ModelOptimal","EU-15","EU-15","Sources",2025,"Year","Vint_2025","GHG emissions - (MTCO2eq)","sum","CO2","resid others","pal_all","pal_all","NoRusGas_constrained_ModelOptimal","CO2 emissions by sector (no bio)","MTC",2025,41.5318928123301,11.3268798579082,"sector","ghg","emissGHGBySectorBuildingsGWPAR5"
"NoRusGas_constrained_ModelOptimal","EU-15","EU-15","Sources",2030,"Year","Vint_2030","GHG emissions - (MTCO2eq)","sum","CO2","comm cooling","pal_all","pal_all","NoRusGas_constrained_ModelOptimal","CO2 emissions by sector (no bio)","MTC",2030,2.14325614722267e-05,5.84524403788e-06,"sector","ghg","emissGHGBySectorBuildingsGWPAR5"
"NoRusGas_constrained_ModelOptimal","EU-15","EU-15","Sources",2030,"Year","Vint_2030","GHG emissions - (MTCO2eq)","sum","CO2","comm heating","pal_all","pal_all","NoRusGas_constrained_ModelOptimal","CO2 emissions by sector (no bio)","MTC",2030,38.9588426494692,10.6251389044007,"sector","ghg","emissGHGBySectorBuildingsGWPAR5"
"NoRusGas_constrained_ModelOptimal","EU-15","EU-15","Sources",2030,"Year","Vint_2030","GHG emissions - (MTCO2eq)","sum","CO2","comm others","pal_all","pal_all","NoRusGas_constrained_ModelOptimal","CO2 emissions by sector (no bio)","MTC",2030,37.7821876981126,10.3042330085762,"sector","ghg","emissGHGBySectorBuildingsGWPAR5"
"NoRusGas_constrained_ModelOptimal","EU-15","EU-15","Sources",2030,"Year","Vint_2030","GHG emissions - (MTCO2eq)","sum","CO2","resid heating","pal_all","pal_all","NoRusGas_constrained_ModelOptimal","CO2 emissions by sector (no bio)","MTC",2030,117.218557414943,31.9686974768026,"sector","ghg","emissGHGBySectorBuildingsGWPAR5"
"NoRusGas_constrained_ModelOptimal","EU-15","EU-15","Sources",2030,"Year","Vint_2030","GHG emissions - (MTCO2eq)","sum","CO2","resid others","pal_all","pal_all","NoRusGas_constrained_ModelOptimal","CO2 emissions by sector (no bio)","MTC",2030,41.2461734142877,11.2489563857148,"sector","ghg","emissGHGBySectorBuildingsGWPAR5"
"Baseline_NDC","EU-12","EU-12","Sources",1990,"Year","Vint_1990","GHG emissions - (MTCO2eq)","sum","CH4","comm heating","pal_all","pal_all","Baseline_NDC","nonCO2 emissions by sector","Tg",1990,1.19069412,0.04252479,"sector","ghg","emissGHGBySectorBuildingsGWPAR5"
"Baseline_NDC","EU-12","EU-12","Sources",1990,"Year","Vint_1990","GHG emissions - (MTCO2eq)","sum","CH4","comm others","pal_all","pal_all","Baseline_NDC","nonCO2 emissions by sector","Tg",1990,0.9134259288,0.0326223546,"sector","ghg","emissGHGBySectorBuildingsGWPAR5"
"Baseline_NDC","EU-12","EU-12","Sources",1990,"Year","Vint_1990","GHG emissions - (MTCO2eq)","sum","CH4","resid heating","pal_all","pal_all","Baseline_NDC","nonCO2 emissions by sector","Tg",1990,9.551134404,0.341111943,"sector","ghg","emissGHGBySectorBuildingsGWPAR5"
"Baseline_NDC","EU-12","EU-12","Sources",1990,"Year","Vint_1990","GHG emissions - (MTCO2eq)","sum","CH4","resid others","pal_all","pal_all","Baseline_NDC","nonCO2 emissions by sector","Tg",1990,5.6594739432,0.2021240694,"sector","ghg","emissGHGBySectorBuildingsGWPAR5"
"Baseline_NDC","EU-12","EU-12","Sources",1990,"Year","Vint_1990","GHG emissions - (MTCO2eq)","sum","HFCs","comm cooling","pal_all","pal_all","Baseline_NDC","nonCO2 emissions by sector","Gg",1990,0.000282663027,7.95114e-05,"sector","ghg","emissGHGBySectorBuildingsGWPAR5"
"Baseline_NDC","EU-12","EU-12","Sources",1990,"Year","Vint_1990","GHG emissions - (MTCO2eq)","sum","HFCs","resid cooling","pal_all","pal_all","Baseline_NDC","nonCO2 emissions by sector","Gg",1990,0.000496553868,0.0001396776,"sector","ghg","emissGHGBySectorBuildingsGWPAR5"
"Baseline_NDC","EU-12","EU-12","Sources",1990,"Year","Vint_1990","GHG emissions - (MTCO2eq)","sum","N2O","comm heating","pal_all","pal_all","Baseline_NDC","nonCO2 emissions by sector","Tg",1990,0.2125399004,0.00080203736,"sector","ghg","emissGHGBySectorBuildingsGWPAR5"
"Baseline_NDC","EU-12","EU-12","Sources",1990,"Year","Vint_1990","GHG emissions - (MTCO2eq)","sum","N2O","comm others","pal_all","pal_all","Baseline_NDC","nonCO2 emissions by sector","Tg",1990,0.0528609598,0.00019947532,"sector","ghg","emissGHGBySectorBuildingsGWPAR5"
"Baseline_NDC","EU-12","EU-12","Sources",1990,"Year","Vint_1990","GHG emissions - (MTCO2eq)","sum","N2O","resid heating","pal_all","pal_all","Baseline_NDC","nonCO2 emissions by sector","Tg",1990,1.14654317,0.004326578,"sector","ghg","emissGHGBySectorBuildingsGWPAR5"
"Baseline_NDC","EU-12","EU-12","Sources",1990,"Year","Vint_1990","GHG emissions - (MTCO2eq)","sum","N2O","resid others","pal_all","pal_all","Baseline_NDC","nonCO2 emissions by sector","Tg",1990,0.162166114,0.0006119476,"sector","ghg","emissGHGBySectorBuildingsGWPAR5"
"Baseline_NDC","EU-12","EU-12","Sources",2005,"Year","Vint_2005","GHG emissions - (MTCO2eq)","sum","CH4","comm heating","pal_all","pal_all","Baseline_NDC","nonCO2 emissions by sector","Tg",2005,1.749578656,0.062484952,"sector","ghg","emissGHGBySectorBuildingsGWPAR5"
"Baseline_NDC","EU-12","EU-12","Sources",2005,"Year","Vint_2005","GHG emissions - (MTCO2eq)","sum","CH4","comm others","pal_all","pal_all","Baseline_NDC","nonCO2 emissions by sector","Tg",2005,1.451670724,0.051845383,"sector","ghg","emissGHGBySectorBuildingsGWPAR5"
"Baseline_NDC","EU-12","EU-12","Sources",2005,"Year","Vint_2005","GHG emissions - (MTCO2eq)","sum","CH4","resid heating","pal_all","pal_all","Baseline_NDC","nonCO2 emissions by sector","Tg",2005,10.6396747856,0.3799883852,"sector","ghg","emissGHGBySectorBuildingsGWPAR5"
"Baseline_NDC","EU-12","EU-12","Sources",2005,"Year","Vint_2005","GHG emissions - (MTCO2eq)","sum","CH4","resid others","pal_all","pal_all","Baseline_NDC","nonCO2 emissions by sector","Tg",2005,6.786788176,0.242385292,"sector","ghg","emissGHGBySectorBuildingsGWPAR5"
"Baseline_NDC","EU-12","EU-12","Sources",2005,"Year","Vint_2005","GHG emissions - (MTCO2eq)","sum","HFCs","comm cooling","pal_all","pal_all","Baseline_NDC","nonCO2 emissions by sector","Gg",2005,7.42072122,2.087404,"sector","ghg","emissGHGBySectorBuildingsGWPAR5"
"Baseline_NDC","EU-12","EU-12","Sources",2005,"Year","Vint_2005","GHG emissions - (MTCO2eq)","sum","HFCs","resid cooling","pal_all","pal_all","Baseline_NDC","nonCO2 emissions by sector","Gg",2005,8.796174183,2.4743106,"sector","ghg","emissGHGBySectorBuildingsGWPAR5"
"Baseline_NDC","EU-12","EU-12","Sources",2005,"Year","Vint_2005","GHG emissions - (MTCO2eq)","sum","N2O","comm heating","pal_all","pal_all","Baseline_NDC","nonCO2 emissions by sector","Tg",2005,0.064667367,0.0002440278,"sector","ghg","emissGHGBySectorBuildingsGWPAR5"
"Baseline_NDC","EU-12","EU-12","Sources",2005,"Year","Vint_2005","GHG emissions - (MTCO2eq)","sum","N2O","comm others","pal_all","pal_all","Baseline_NDC","nonCO2 emissions by sector","Tg",2005,0.0237313171,8.955214e-05,"sector","ghg","emissGHGBySectorBuildingsGWPAR5"
"Baseline_NDC","EU-12","EU-12","Sources",2005,"Year","Vint_2005","GHG emissions - (MTCO2eq)","sum","N2O","resid heating","pal_all","pal_all","Baseline_NDC","nonCO2 emissions by sector","Tg",2005,1.024951471,0.0038677414,"sector","ghg","emissGHGBySectorBuildingsGWPAR5"
"Baseline_NDC","EU-12","EU-12","Sources",2005,"Year","Vint_2005","GHG emissions - (MTCO2eq)","sum","N2O","resid others","pal_all","pal_all","Baseline_NDC","nonCO2 emissions by sector","Tg",2005,0.152023239,0.0005736726,"sector","ghg","emissGHGBySectorBuildingsGWPAR5"
"Baseline_NDC","EU-12","EU-12","Sources",2010,"Year","Vint_2010","GHG emissions - (MTCO2eq)","sum","CH4","comm heating","pal_all","pal_all","Baseline_NDC","nonCO2 emissions by sector","Tg",2010,1.8091934616,0.0646140522,"sector","ghg","emissGHGBySectorBuildingsGWPAR5"
"Baseline_NDC","EU-12","EU-12","Sources",2010,"Year","Vint_2010","GHG emissions - (MTCO2eq)","sum","CH4","comm others","pal_all","pal_all","Baseline_NDC","nonCO2 emissions by sector","Tg",2010,1.5001305032,0.0535760894,"sector","ghg","emissGHGBySectorBuildingsGWPAR5"
"Baseline_NDC","EU-12","EU-12","Sources",2010,"Year","Vint_2010","GHG emissions - (MTCO2eq)","sum","CH4","resid heating","pal_all","pal_all","Baseline_NDC","nonCO2 emissions by sector","Tg",2010,11.6504631152,0.4160879684,"sector","ghg","emissGHGBySectorBuildingsGWPAR5"
"Baseline_NDC","EU-12","EU-12","Sources",2010,"Year","Vint_2010","GHG emissions - (MTCO2eq)","sum","CH4","resid others","pal_all","pal_all","Baseline_NDC","nonCO2 emissions by sector","Tg",2010,7.0289433088,0.2510336896,"sector","ghg","emissGHGBySectorBuildingsGWPAR5"
"Baseline_NDC","EU-12","EU-12","Sources",2010,"Year","Vint_2010","GHG emissions - (MTCO2eq)","sum","HFCs","comm cooling","pal_all","pal_all","Baseline_NDC","nonCO2 emissions by sector","Gg",2010,13.97074881825,3.92988715,"sector","ghg","emissGHGBySectorBuildingsGWPAR5"
"Baseline_NDC","EU-12","EU-12","Sources",2010,"Year","Vint_2010","GHG emissions - (MTCO2eq)","sum","HFCs","resid cooling","pal_all","pal_all","Baseline_NDC","nonCO2 emissions by sector","Gg",2010,14.5543051611,4.09403802,"sector","ghg","emissGHGBySectorBuildingsGWPAR5"
"Baseline_NDC","EU-12","EU-12","Sources",2010,"Year","Vint_2010","GHG emissions - (MTCO2eq)","sum","N2O","comm heating","pal_all","pal_all","Baseline_NDC","nonCO2 emissions by sector","Tg",2010,0.07739325,0.00029205,"sector","ghg","emissGHGBySectorBuildingsGWPAR5"
"Baseline_NDC","EU-12","EU-12","Sources",2010,"Year","Vint_2010","GHG emissions - (MTCO2eq)","sum","N2O","comm others","pal_all","pal_all","Baseline_NDC","nonCO2 emissions by sector","Tg",2010,0.0266704692,0.00010064328,"sector","ghg","emissGHGBySectorBuildingsGWPAR5"
"Baseline_NDC","EU-12","EU-12","Sources",2010,"Year","Vint_2010","GHG emissions - (MTCO2eq)","sum","N2O","resid heating","pal_all","pal_all","Baseline_NDC","nonCO2 emissions by sector","Tg",2010,1.238260518,0.0046726812,"sector","ghg","emissGHGBySectorBuildingsGWPAR5"
"Baseline_NDC","EU-12","EU-12","Sources",2010,"Year","Vint_2010","GHG emissions - (MTCO2eq)","sum","N2O","resid others","pal_all","pal_all","Baseline_NDC","nonCO2 emissions by sector","Tg",2010,0.168787192,0.0006369328,"sector","ghg","emissGHGBySectorBuildingsGWPAR5"
"Baseline_NDC","EU-12","EU-12","Sources",2015,"Year","Vint_2015","GHG emissions - (MTCO2eq)","sum","CH4","comm heating","pal_all","pal_all","Baseline_NDC","nonCO2 emissions by sector","Tg",2015,1.4951121416,0.0533968622,"sector","ghg","emissGHGBySectorBuildingsGWPAR5"
"Baseline_NDC","EU-12","EU-12","Sources",2015,"Year","Vint_2015","GHG emissions - (MTCO2eq)","sum","CH4","comm others","pal_all","pal_all","Baseline_NDC","nonCO2 emissions by sector","Tg",2015,1.2394154976,0.0442648392,"sector","ghg","emissGHGBySectorBuildingsGWPAR5"
"Baseline_NDC","EU-12","EU-12","Sources",2015,"Year","Vint_2015","GHG emissions - (MTCO2eq)","sum","CH4","resid heating","pal_all","pal_all","Baseline_NDC","nonCO2 emissions by sector","Tg",2015,10.002370532,0.357227519,"sector","ghg","emissGHGBySectorBuildingsGWPAR5"
"Baseline_NDC","EU-12","EU-12","Sources",2015,"Year","Vint_2015","GHG emissions - (MTCO2eq)","sum","CH4","resid others","pal_all","pal_all","Baseline_NDC","nonCO2 emissions by sector","Tg",2015,6.0806064312,0.2171645154,"sector","ghg","emissGHGBySectorBuildingsGWPAR5"
"Baseline_NDC","EU-12","EU-12","Sources",2015,"Year","Vint_2015","GHG emissions - (MTCO2eq)","sum","HFCs","comm cooling","pal_all","pal_all","Baseline_NDC","nonCO2 emissions by sector","Gg",2015,18.8819573931,5.31138042,"sector","ghg","emissGHGBySectorBuildingsGWPAR5"
"Baseline_NDC","EU-12","EU-12","Sources",2015,"Year","Vint_2015","GHG emissions - (MTCO2eq)","sum","HFCs","resid cooling","pal_all","pal_all","Baseline_NDC","nonCO2 emissions by sector","Gg",2015,19.6706955024,5.53324768,"sector","ghg","emissGHGBySectorBuildingsGWPAR5"
"Baseline_NDC","EU-12","EU-12","Sources",2015,"Year","Vint_2015","GHG emissions - (MTCO2eq)","sum","N2O","comm heating","pal_all","pal_all","Baseline_NDC","nonCO2 emissions by sector","Tg",2015,0.0640717424,0.00024178016,"sector","ghg","emissGHGBySectorBuildingsGWPAR5"
"Baseline_NDC","EU-12","EU-12","Sources",2015,"Year","Vint_2015","GHG emissions - (MTCO2eq)","sum","N2O","comm others","pal_all","pal_all","Baseline_NDC","nonCO2 emissions by sector","Tg",2015,0.0202937795,7.65803e-05,"sector","ghg","emissGHGBySectorBuildingsGWPAR5"
"Baseline_NDC","EU-12","EU-12","Sources",2015,"Year","Vint_2015","GHG emissions - (MTCO2eq)","sum","N2O","resid heating","pal_all","pal_all","Baseline_NDC","nonCO2 emissions by sector","Tg",2015,1.15453239,0.004356726,"sector","ghg","emissGHGBySectorBuildingsGWPAR5"
"Baseline_NDC","EU-12","EU-12","Sources",2015,"Year","Vint_2015","GHG emissions - (MTCO2eq)","sum","N2O","resid others","pal_all","pal_all","Baseline_NDC","nonCO2 emissions by sector","Tg",2015,0.154503533,0.0005830322,"sector","ghg","emissGHGBySectorBuildingsGWPAR5"
"Baseline_NDC","EU-12","EU-12","Sources",2020,"Year","Vint_2020","GHG emissions - (MTCO2eq)","sum","CH4","comm heating","pal_all","pal_all","Baseline_NDC","nonCO2 emissions by sector","Tg",2020,1.9574841272,0.0699101474,"sector","ghg","emissGHGBySectorBuildingsGWPAR5"
"Baseline_NDC","EU-12","EU-12","Sources",2020,"Year","Vint_2020","GHG emissions - (MTCO2eq)","sum","CH4","comm others","pal_all","pal_all","Baseline_NDC","nonCO2 emissions by sector","Tg",2020,1.5976151912,0.0570576854,"sector","ghg","emissGHGBySectorBuildingsGWPAR5"
"Baseline_NDC","EU-12","EU-12","Sources",2020,"Year","Vint_2020","GHG emissions - (MTCO2eq)","sum","CH4","resid heating","pal_all","pal_all","Baseline_NDC","nonCO2 emissions by sector","Tg",2020,10.1136182672,0.3612006524,"sector","ghg","emissGHGBySectorBuildingsGWPAR5"
"Baseline_NDC","EU-12","EU-12","Sources",2020,"Year","Vint_2020","GHG emissions - (MTCO2eq)","sum","CH4","resid others","pal_all","pal_all","Baseline_NDC","nonCO2 emissions by sector","Tg",2020,6.7192783392,0.2399742264,"sector","ghg","emissGHGBySectorBuildingsGWPAR5"
"Baseline_NDC","EU-12","EU-12","Sources",2020,"Year","Vint_2020","GHG emissions - (MTCO2eq)","sum","HFCs","comm cooling","pal_all","pal_all","Baseline_NDC","nonCO2 emissions by sector","Gg",2020,21.8347908741,6.14199462,"sector","ghg","emissGHGBySectorBuildingsGWPAR5"
"Baseline_NDC","EU-12","EU-12","Sources",2020,"Year","Vint_2020","GHG emissions - (MTCO2eq)","sum","HFCs","resid cooling","pal_all","pal_all","Baseline_NDC","nonCO2 emissions by sector","Gg",2020,21.196544589,5.9624598,"sector","ghg","emissGHGBySectorBuildingsGWPAR5"
"Baseline_NDC","EU-12","EU-12","Sources",2020,"Year","Vint_2020","GHG emissions - (MTCO2eq)","sum","N2O","comm heating","pal_all","pal_all","Baseline_NDC","nonCO2 emissions by sector","Tg",2020,0.069196429,0.0002611186,"sector","ghg","emissGHGBySectorBuildingsGWPAR5"
"Baseline_NDC","EU-12","EU-12","Sources",2020,"Year","Vint_2020","GHG emissions - (MTCO2eq)","sum","N2O","comm others","pal_all","pal_all","Baseline_NDC","nonCO2 emissions by sector","Tg",2020,0.0224395057,8.467738e-05,"sector","ghg","emissGHGBySectorBuildingsGWPAR5"
"Baseline_NDC","EU-12","EU-12","Sources",2020,"Year","Vint_2020","GHG emissions - (MTCO2eq)","sum","N2O","resid heating","pal_all","pal_all","Baseline_NDC","nonCO2 emissions by sector","Tg",2020,1.071438089,0.0040431626,"sector","ghg","emissGHGBySectorBuildingsGWPAR5"
"Baseline_NDC","EU-12","EU-12","Sources",2020,"Year","Vint_2020","GHG emissions - (MTCO2eq)","sum","N2O","resid others","pal_all","pal_all","Baseline_NDC","nonCO2 emissions by sector","Tg",2020,0.141355505,0.000533417,"sector","ghg","emissGHGBySectorBuildingsGWPAR5"
"Baseline_NDC","EU-12","EU-12","Sources",2025,"Year","Vint_2025","GHG emissions - (MTCO2eq)","sum","CH4","comm heating","pal_all","pal_all","Baseline_NDC","nonCO2 emissions by sector","Tg",2025,1.60249519696,0.05723197132,"sector","ghg","emissGHGBySectorBuildingsGWPAR5"
"Baseline_NDC","EU-12","EU-12","Sources",2025,"Year","Vint_2025","GHG emissions - (MTCO2eq)","sum","CH4","comm others","pal_all","pal_all","Baseline_NDC","nonCO2 emissions by sector","Tg",2025,0.687462721176,0.024552240042,"sector","ghg","emissGHGBySectorBuildingsGWPAR5"
"Baseline_NDC","EU-12","EU-12","Sources",2025,"Year","Vint_2025","GHG emissions - (MTCO2eq)","sum","CH4","resid heating","pal_all","pal_all","Baseline_NDC","nonCO2 emissions by sector","Tg",2025,13.660074372,0.487859799,"sector","ghg","emissGHGBySectorBuildingsGWPAR5"
"Baseline_NDC","EU-12","EU-12","Sources",2025,"Year","Vint_2025","GHG emissions - (MTCO2eq)","sum","CH4","resid others","pal_all","pal_all","Baseline_NDC","nonCO2 emissions by sector","Tg",2025,3.381102956,0.120753677,"sector","ghg","emissGHGBySectorBuildingsGWPAR5"
"Baseline_NDC","EU-12","EU-12","Sources",2025,"Year","Vint_2025","GHG emissions - (MTCO2eq)","sum","HFCs","comm cooling","pal_all","pal_all","Baseline_NDC","nonCO2 emissions by sector","Gg",2025,16.31310633747,4.588778154,"sector","ghg","emissGHGBySectorBuildingsGWPAR5"
"Baseline_NDC","EU-12","EU-12","Sources",2025,"Year","Vint_2025","GHG emissions - (MTCO2eq)","sum","HFCs","resid cooling","pal_all","pal_all","Baseline_NDC","nonCO2 emissions by sector","Gg",2025,14.35043144979,4.036689578,"sector","ghg","emissGHGBySectorBuildingsGWPAR5"
"Baseline_NDC","EU-12","EU-12","Sources",2025,"Year","Vint_2025","GHG emissions - (MTCO2eq)","sum","N2O","comm heating","pal_all","pal_all","Baseline_NDC","nonCO2 emissions by sector","Tg",2025,0.1022797021,0.00038596114,"sector","ghg","emissGHGBySectorBuildingsGWPAR5"
"Baseline_NDC","EU-12","EU-12","Sources",2025,"Year","Vint_2025","GHG emissions - (MTCO2eq)","sum","N2O","comm others","pal_all","pal_all","Baseline_NDC","nonCO2 emissions by sector","Tg",2025,0.01339019984,5.0529056e-05,"sector","ghg","emissGHGBySectorBuildingsGWPAR5"
"Baseline_NDC","EU-12","EU-12","Sources",2025,"Year","Vint_2025","GHG emissions - (MTCO2eq)","sum","N2O","resid heating","pal_all","pal_all","Baseline_NDC","nonCO2 emissions by sector","Tg",2025,1.6917251313,0.00638386842,"sector","ghg","emissGHGBySectorBuildingsGWPAR5"
"Baseline_NDC","EU-12","EU-12","Sources",2025,"Year","Vint_2025","GHG emissions - (MTCO2eq)","sum","N2O","resid others","pal_all","pal_all","Baseline_NDC","nonCO2 emissions by sector","Tg",2025,0.12468194933,0.000470497922,"sector","ghg","emissGHGBySectorBuildingsGWPAR5"
"Baseline_NDC","EU-12","EU-12","Sources",2030,"Year","Vint_2030","GHG emissions - (MTCO2eq)","sum","CH4","comm heating","pal_all","pal_all","Baseline_NDC","nonCO2 emissions by sector","Tg",2030,1.88900582584,0.06746449378,"sector","ghg","emissGHGBySectorBuildingsGWPAR5"
"Baseline_NDC","EU-12","EU-12","Sources",2030,"Year","Vint_2030","GHG emissions - (MTCO2eq)","sum","CH4","comm others","pal_all","pal_all","Baseline_NDC","nonCO2 emissions by sector","Tg",2030,0.88939002656,0.03176392952,"sector","ghg","emissGHGBySectorBuildingsGWPAR5"
"Baseline_NDC","EU-12","EU-12","Sources",2030,"Year","Vint_2030","GHG emissions - (MTCO2eq)","sum","CH4","resid heating","pal_all","pal_all","Baseline_NDC","nonCO2 emissions by sector","Tg",2030,13.8186604304,0.4935235868,"sector","ghg","emissGHGBySectorBuildingsGWPAR5"
"Baseline_NDC","EU-12","EU-12","Sources",2030,"Year","Vint_2030","GHG emissions - (MTCO2eq)","sum","CH4","resid others","pal_all","pal_all","Baseline_NDC","nonCO2 emissions by sector","Tg",2030,3.9086787712,0.1395956704,"sector","ghg","emissGHGBySectorBuildingsGWPAR5"
"Baseline_NDC","EU-12","EU-12","Sources",2030,"Year","Vint_2030","GHG emissions - (MTCO2eq)","sum","HFCs","comm cooling","pal_all","pal_all","Baseline_NDC","nonCO2 emissions by sector","Gg",2030,17.17752248334,4.831933188,"sector","ghg","emissGHGBySectorBuildingsGWPAR5"
"Baseline_NDC","EU-12","EU-12","Sources",2030,"Year","Vint_2030","GHG emissions - (MTCO2eq)","sum","HFCs","resid cooling","pal_all","pal_all","Baseline_NDC","nonCO2 emissions by sector","Gg",2030,14.64928626465,4.12075563,"sector","ghg","emissGHGBySectorBuildingsGWPAR5"
"Baseline_NDC","EU-12","EU-12","Sources",2030,"Year","Vint_2030","GHG emissions - (MTCO2eq)","sum","N2O","comm heating","pal_all","pal_all","Baseline_NDC","nonCO2 emissions by sector","Tg",2030,0.1082495744,0.00040848896,"sector","ghg","emissGHGBySectorBuildingsGWPAR5"
"Baseline_NDC","EU-12","EU-12","Sources",2030,"Year","Vint_2030","GHG emissions - (MTCO2eq)","sum","N2O","comm others","pal_all","pal_all","Baseline_NDC","nonCO2 emissions by sector","Tg",2030,0.0151445592,5.714928e-05,"sector","ghg","emissGHGBySectorBuildingsGWPAR5"
"Baseline_NDC","EU-12","EU-12","Sources",2030,"Year","Vint_2030","GHG emissions - (MTCO2eq)","sum","N2O","resid heating","pal_all","pal_all","Baseline_NDC","nonCO2 emissions by sector","Tg",2030,1.673984807,0.0063169238,"sector","ghg","emissGHGBySectorBuildingsGWPAR5"
"Baseline_NDC","EU-12","EU-12","Sources",2030,"Year","Vint_2030","GHG emissions - (MTCO2eq)","sum","N2O","resid others","pal_all","pal_all","Baseline_NDC","nonCO2 emissions by sector","Tg",2030,0.1309732449,0.00049423866,"sector","ghg","emissGHGBySectorBuildingsGWPAR5"
"Baseline_NDC","EU-15","EU-15","Sources",1990,"Year","Vint_1990","GHG emissions - (MTCO2eq)","sum","CH4","comm cooling","pal_all","pal_all","Baseline_NDC","nonCO2 emissions by sector","Tg",1990,1.8716544e-06,6.68448e-08,"sector","ghg","emissGHGBySectorBuildingsGWPAR5"
"Baseline_NDC","EU-15","EU-15","Sources",1990,"Year","Vint_1990","GHG emissions - (MTCO2eq)","sum","CH4","comm heating","pal_all","pal_all","Baseline_NDC","nonCO2 emissions by sector","Tg",1990,1.81079948,0.06467141,"sector","ghg","emissGHGBySectorBuildingsGWPAR5"
"Baseline_NDC","EU-15","EU-15","Sources",1990,"Year","Vint_1990","GHG emissions - (MTCO2eq)","sum","CH4","comm others","pal_all","pal_all","Baseline_NDC","nonCO2 emissions by sector","Tg",1990,1.9086309704,0.0681653918,"sector","ghg","emissGHGBySectorBuildingsGWPAR5"
"Baseline_NDC","EU-15","EU-15","Sources",1990,"Year","Vint_1990","GHG emissions - (MTCO2eq)","sum","CH4","resid heating","pal_all","pal_all","Baseline_NDC","nonCO2 emissions by sector","Tg",1990,26.4422424,0.9443658,"sector","ghg","emissGHGBySectorBuildingsGWPAR5"
"Baseline_NDC","EU-15","EU-15","Sources",1990,"Year","Vint_1990","GHG emissions - (MTCO2eq)","sum","CH4","resid others","pal_all","pal_all","Baseline_NDC","nonCO2 emissions by sector","Tg",1990,8.58917584,0.30675628,"sector","ghg","emissGHGBySectorBuildingsGWPAR5"
"Baseline_NDC","EU-15","EU-15","Sources",1990,"Year","Vint_1990","GHG emissions - (MTCO2eq)","sum","HFCs","comm cooling","pal_all","pal_all","Baseline_NDC","nonCO2 emissions by sector","Gg",1990,0.0126922743,0.00357026,"sector","ghg","emissGHGBySectorBuildingsGWPAR5"
"Baseline_NDC","EU-15","EU-15","Sources",1990,"Year","Vint_1990","GHG emissions - (MTCO2eq)","sum","HFCs","resid cooling","pal_all","pal_all","Baseline_NDC","nonCO2 emissions by sector","Gg",1990,0.0185160753,0.00520846,"sector","ghg","emissGHGBySectorBuildingsGWPAR5"
"Baseline_NDC","EU-15","EU-15","Sources",1990,"Year","Vint_1990","GHG emissions - (MTCO2eq)","sum","N2O","comm heating","pal_all","pal_all","Baseline_NDC","nonCO2 emissions by sector","Tg",1990,0.427901383,0.0016147222,"sector","ghg","emissGHGBySectorBuildingsGWPAR5"
"Baseline_NDC","EU-15","EU-15","Sources",1990,"Year","Vint_1990","GHG emissions - (MTCO2eq)","sum","N2O","comm others","pal_all","pal_all","Baseline_NDC","nonCO2 emissions by sector","Tg",1990,0.2427818541,0.00091615794,"sector","ghg","emissGHGBySectorBuildingsGWPAR5"
"Baseline_NDC","EU-15","EU-15","Sources",1990,"Year","Vint_1990","GHG emissions - (MTCO2eq)","sum","N2O","resid heating","pal_all","pal_all","Baseline_NDC","nonCO2 emissions by sector","Tg",1990,2.05381307,0.007750238,"sector","ghg","emissGHGBySectorBuildingsGWPAR5"
"Baseline_NDC","EU-15","EU-15","Sources",1990,"Year","Vint_1990","GHG emissions - (MTCO2eq)","sum","N2O","resid others","pal_all","pal_all","Baseline_NDC","nonCO2 emissions by sector","Tg",1990,1.021774545,0.003855753,"sector","ghg","emissGHGBySectorBuildingsGWPAR5"
"Baseline_NDC","EU-15","EU-15","Sources",2005,"Year","Vint_2005","GHG emissions - (MTCO2eq)","sum","CH4","comm cooling","pal_all","pal_all","Baseline_NDC","nonCO2 emissions by sector","Tg",2005,2.9691592e-06,1.060414e-07,"sector","ghg","emissGHGBySectorBuildingsGWPAR5"
"Baseline_NDC","EU-15","EU-15","Sources",2005,"Year","Vint_2005","GHG emissions - (MTCO2eq)","sum","CH4","comm heating","pal_all","pal_all","Baseline_NDC","nonCO2 emissions by sector","Tg",2005,2.6138298088,0.0933510646,"sector","ghg","emissGHGBySectorBuildingsGWPAR5"
"Baseline_NDC","EU-15","EU-15","Sources",2005,"Year","Vint_2005","GHG emissions - (MTCO2eq)","sum","CH4","comm others","pal_all","pal_all","Baseline_NDC","nonCO2 emissions by sector","Tg",2005,2.91439140776,0.10408540742,"sector","ghg","emissGHGBySectorBuildingsGWPAR5"
"Baseline_NDC","EU-15","EU-15","Sources",2005,"Year","Vint_2005","GHG emissions - (MTCO2eq)","sum","CH4","resid heating","pal_all","pal_all","Baseline_NDC","nonCO2 emissions by sector","Tg",2005,28.04599728,1.00164276,"sector","ghg","emissGHGBySectorBuildingsGWPAR5"
"Baseline_NDC","EU-15","EU-15","Sources",2005,"Year","Vint_2005","GHG emissions - (MTCO2eq)","sum","CH4","resid others","pal_all","pal_all","Baseline_NDC","nonCO2 emissions by sector","Tg",2005,9.54557632,0.34091344,"sector","ghg","emissGHGBySectorBuildingsGWPAR5"
"Baseline_NDC","EU-15","EU-15","Sources",2005,"Year","Vint_2005","GHG emissions - (MTCO2eq)","sum","HFCs","comm cooling","pal_all","pal_all","Baseline_NDC","nonCO2 emissions by sector","Gg",2005,70.432892163,19.8123466,"sector","ghg","emissGHGBySectorBuildingsGWPAR5"
"Baseline_NDC","EU-15","EU-15","Sources",2005,"Year","Vint_2005","GHG emissions - (MTCO2eq)","sum","HFCs","resid cooling","pal_all","pal_all","Baseline_NDC","nonCO2 emissions by sector","Gg",2005,80.589150333,22.6692406,"sector","ghg","emissGHGBySectorBuildingsGWPAR5"
"Baseline_NDC","EU-15","EU-15","Sources",2005,"Year","Vint_2005","GHG emissions - (MTCO2eq)","sum","N2O","comm heating","pal_all","pal_all","Baseline_NDC","nonCO2 emissions by sector","Tg",2005,0.242125836,0.0009136824,"sector","ghg","emissGHGBySectorBuildingsGWPAR5"
"Baseline_NDC","EU-15","EU-15","Sources",2005,"Year","Vint_2005","GHG emissions - (MTCO2eq)","sum","N2O","comm others","pal_all","pal_all","Baseline_NDC","nonCO2 emissions by sector","Tg",2005,0.2228894277,0.00084109218,"sector","ghg","emissGHGBySectorBuildingsGWPAR5"
"Baseline_NDC","EU-15","EU-15","Sources",2005,"Year","Vint_2005","GHG emissions - (MTCO2eq)","sum","N2O","resid heating","pal_all","pal_all","Baseline_NDC","nonCO2 emissions by sector","Tg",2005,2.4184801,0.00912634,"sector","ghg","emissGHGBySectorBuildingsGWPAR5"
"Baseline_NDC","EU-15","EU-15","Sources",2005,"Year","Vint_2005","GHG emissions - (MTCO2eq)","sum","N2O","resid others","pal_all","pal_all","Baseline_NDC","nonCO2 emissions by sector","Tg",2005,0.66381546,0.002504964,"sector","ghg","emissGHGBySectorBuildingsGWPAR5"
"Baseline_NDC","EU-15","EU-15","Sources",2010,"Year","Vint_2010","GHG emissions - (MTCO2eq)","sum","CH4","comm cooling","pal_all","pal_all","Baseline_NDC","nonCO2 emissions by sector","Tg",2010,2.8674688e-06,1.024096e-07,"sector","ghg","emissGHGBySectorBuildingsGWPAR5"
"Baseline_NDC","EU-15","EU-15","Sources",2010,"Year","Vint_2010","GHG emissions - (MTCO2eq)","sum","CH4","comm heating","pal_all","pal_all","Baseline_NDC","nonCO2 emissions by sector","Tg",2010,2.5039334152,0.0894261934,"sector","ghg","emissGHGBySectorBuildingsGWPAR5"
"Baseline_NDC","EU-15","EU-15","Sources",2010,"Year","Vint_2010","GHG emissions - (MTCO2eq)","sum","CH4","comm others","pal_all","pal_all","Baseline_NDC","nonCO2 emissions by sector","Tg",2010,2.79229727336,0.09972490262,"sector","ghg","emissGHGBySectorBuildingsGWPAR5"
"Baseline_NDC","EU-15","EU-15","Sources",2010,"Year","Vint_2010","GHG emissions - (MTCO2eq)","sum","CH4","resid heating","pal_all","pal_all","Baseline_NDC","nonCO2 emissions by sector","Tg",2010,26.799752,0.957134,"sector","ghg","emissGHGBySectorBuildingsGWPAR5"
"Baseline_NDC","EU-15","EU-15","Sources",2010,"Year","Vint_2010","GHG emissions - (MTCO2eq)","sum","CH4","resid others","pal_all","pal_all","Baseline_NDC","nonCO2 emissions by sector","Tg",2010,8.783214664,0.313686238,"sector","ghg","emissGHGBySectorBuildingsGWPAR5"
"Baseline_NDC","EU-15","EU-15","Sources",2010,"Year","Vint_2010","GHG emissions - (MTCO2eq)","sum","HFCs","comm cooling","pal_all","pal_all","Baseline_NDC","nonCO2 emissions by sector","Gg",2010,96.36023025,27.10555,"sector","ghg","emissGHGBySectorBuildingsGWPAR5"
"Baseline_NDC","EU-15","EU-15","Sources",2010,"Year","Vint_2010","GHG emissions - (MTCO2eq)","sum","HFCs","resid cooling","pal_all","pal_all","Baseline_NDC","nonCO2 emissions by sector","Gg",2010,102.01957695,28.69749,"sector","ghg","emissGHGBySectorBuildingsGWPAR5"
"Baseline_NDC","EU-15","EU-15","Sources",2010,"Year","Vint_2010","GHG emissions - (MTCO2eq)","sum","N2O","comm heating","pal_all","pal_all","Baseline_NDC","nonCO2 emissions by sector","Tg",2010,0.230341763,0.0008692142,"sector","ghg","emissGHGBySectorBuildingsGWPAR5"
"Baseline_NDC","EU-15","EU-15","Sources",2010,"Year","Vint_2010","GHG emissions - (MTCO2eq)","sum","N2O","comm others","pal_all","pal_all","Baseline_NDC","nonCO2 emissions by sector","Tg",2010,0.1985627987,0.00074929358,"sector","ghg","emissGHGBySectorBuildingsGWPAR5"
"Baseline_NDC","EU-15","EU-15","Sources",2010,"Year","Vint_2010","GHG emissions - (MTCO2eq)","sum","N2O","resid heating","pal_all","pal_all","Baseline_NDC","nonCO2 emissions by sector","Tg",2010,2.86534695,0.01081263,"sector","ghg","emissGHGBySectorBuildingsGWPAR5"
"Baseline_NDC","EU-15","EU-15","Sources",2010,"Year","Vint_2010","GHG emissions - (MTCO2eq)","sum","N2O","resid others","pal_all","pal_all","Baseline_NDC","nonCO2 emissions by sector","Tg",2010,0.72727925,0.00274445,"sector","ghg","emissGHGBySectorBuildingsGWPAR5"
"Baseline_NDC","EU-15","EU-15","Sources",2015,"Year","Vint_2015","GHG emissions - (MTCO2eq)","sum","CH4","comm cooling","pal_all","pal_all","Baseline_NDC","nonCO2 emissions by sector","Tg",2015,2.3492168e-06,8.39006e-08,"sector","ghg","emissGHGBySectorBuildingsGWPAR5"
"Baseline_NDC","EU-15","EU-15","Sources",2015,"Year","Vint_2015","GHG emissions - (MTCO2eq)","sum","CH4","comm heating","pal_all","pal_all","Baseline_NDC","nonCO2 emissions by sector","Tg",2015,2.0832581224,0.0744020758,"sector","ghg","emissGHGBySectorBuildingsGWPAR5"
"Baseline_NDC","EU-15","EU-15","Sources",2015,"Year","Vint_2015","GHG emissions - (MTCO2eq)","sum","CH4","comm others","pal_all","pal_all","Baseline_NDC","nonCO2 emissions by sector","Tg",2015,2.29576710944,0.08199168248,"sector","ghg","emissGHGBySectorBuildingsGWPAR5"
"Baseline_NDC","EU-15","EU-15","Sources",2015,"Year","Vint_2015","GHG emissions - (MTCO2eq)","sum","CH4","resid heating","pal_all","pal_all","Baseline_NDC","nonCO2 emissions by sector","Tg",2015,20.37480872,0.72767174,"sector","ghg","emissGHGBySectorBuildingsGWPAR5"
"Baseline_NDC","EU-15","EU-15","Sources",2015,"Year","Vint_2015","GHG emissions - (MTCO2eq)","sum","CH4","resid others","pal_all","pal_all","Baseline_NDC","nonCO2 emissions by sector","Tg",2015,6.31569344,0.22556048,"sector","ghg","emissGHGBySectorBuildingsGWPAR5"
"Baseline_NDC","EU-15","EU-15","Sources",2015,"Year","Vint_2015","GHG emissions - (MTCO2eq)","sum","HFCs","comm cooling","pal_all","pal_all","Baseline_NDC","nonCO2 emissions by sector","Gg",2015,93.22711632,26.224224,"sector","ghg","emissGHGBySectorBuildingsGWPAR5"
"Baseline_NDC","EU-15","EU-15","Sources",2015,"Year","Vint_2015","GHG emissions - (MTCO2eq)","sum","HFCs","resid cooling","pal_all","pal_all","Baseline_NDC","nonCO2 emissions by sector","Gg",2015,98.70240645,27.76439,"sector","ghg","emissGHGBySectorBuildingsGWPAR5"
"Baseline_NDC","EU-15","EU-15","Sources",2015,"Year","Vint_2015","GHG emissions - (MTCO2eq)","sum","N2O","comm heating","pal_all","pal_all","Baseline_NDC","nonCO2 emissions by sector","Tg",2015,0.3052545335,0.0011519039,"sector","ghg","emissGHGBySectorBuildingsGWPAR5"
"Baseline_NDC","EU-15","EU-15","Sources",2015,"Year","Vint_2015","GHG emissions - (MTCO2eq)","sum","N2O","comm others","pal_all","pal_all","Baseline_NDC","nonCO2 emissions by sector","Tg",2015,0.1964252557,0.00074122738,"sector","ghg","emissGHGBySectorBuildingsGWPAR5"
"Baseline_NDC","EU-15","EU-15","Sources",2015,"Year","Vint_2015","GHG emissions - (MTCO2eq)","sum","N2O","resid heating","pal_all","pal_all","Baseline_NDC","nonCO2 emissions by sector","Tg",2015,2.65560263,0.010021142,"sector","ghg","emissGHGBySectorBuildingsGWPAR5"
"Baseline_NDC","EU-15","EU-15","Sources",2015,"Year","Vint_2015","GHG emissions - (MTCO2eq)","sum","N2O","resid others","pal_all","pal_all","Baseline_NDC","nonCO2 emissions by sector","Tg",2015,0.633436072,0.0023903248,"sector","ghg","emissGHGBySectorBuildingsGWPAR5"
"Baseline_NDC","EU-15","EU-15","Sources",2020,"Year","Vint_2020","GHG emissions - (MTCO2eq)","sum","CH4","comm cooling","pal_all","pal_all","Baseline_NDC","nonCO2 emissions by sector","Tg",2020,2.023532e-06,7.2269e-08,"sector","ghg","emissGHGBySectorBuildingsGWPAR5"
"Baseline_NDC","EU-15","EU-15","Sources",2020,"Year","Vint_2020","GHG emissions - (MTCO2eq)","sum","CH4","comm heating","pal_all","pal_all","Baseline_NDC","nonCO2 emissions by sector","Tg",2020,2.2431780784,0.0801135028,"sector","ghg","emissGHGBySectorBuildingsGWPAR5"
"Baseline_NDC","EU-15","EU-15","Sources",2020,"Year","Vint_2020","GHG emissions - (MTCO2eq)","sum","CH4","comm others","pal_all","pal_all","Baseline_NDC","nonCO2 emissions by sector","Tg",2020,2.48912185648,0.08889720916,"sector","ghg","emissGHGBySectorBuildingsGWPAR5"
"Baseline_NDC","EU-15","EU-15","Sources",2020,"Year","Vint_2020","GHG emissions - (MTCO2eq)","sum","CH4","resid heating","pal_all","pal_all","Baseline_NDC","nonCO2 emissions by sector","Tg",2020,19.85739728,0.70919276,"sector","ghg","emissGHGBySectorBuildingsGWPAR5"
"Baseline_NDC","EU-15","EU-15","Sources",2020,"Year","Vint_2020","GHG emissions - (MTCO2eq)","sum","CH4","resid others","pal_all","pal_all","Baseline_NDC","nonCO2 emissions by sector","Tg",2020,6.39468032,0.22838144,"sector","ghg","emissGHGBySectorBuildingsGWPAR5"
"Baseline_NDC","EU-15","EU-15","Sources",2020,"Year","Vint_2020","GHG emissions - (MTCO2eq)","sum","HFCs","comm cooling","pal_all","pal_all","Baseline_NDC","nonCO2 emissions by sector","Gg",2020,94.4849597157,26.57804774,"sector","ghg","emissGHGBySectorBuildingsGWPAR5"
"Baseline_NDC","EU-15","EU-15","Sources",2020,"Year","Vint_2020","GHG emissions - (MTCO2eq)","sum","HFCs","resid cooling","pal_all","pal_all","Baseline_NDC","nonCO2 emissions by sector","Gg",2020,98.6304455712,27.74414784,"sector","ghg","emissGHGBySectorBuildingsGWPAR5"
"Baseline_NDC","EU-15","EU-15","Sources",2020,"Year","Vint_2020","GHG emissions - (MTCO2eq)","sum","N2O","comm heating","pal_all","pal_all","Baseline_NDC","nonCO2 emissions by sector","Tg",2020,0.2965941003,0.00111922302,"sector","ghg","emissGHGBySectorBuildingsGWPAR5"
"Baseline_NDC","EU-15","EU-15","Sources",2020,"Year","Vint_2020","GHG emissions - (MTCO2eq)","sum","N2O","comm others","pal_all","pal_all","Baseline_NDC","nonCO2 emissions by sector","Tg",2020,0.1881870364,0.00071013976,"sector","ghg","emissGHGBySectorBuildingsGWPAR5"
"Baseline_NDC","EU-15","EU-15","Sources",2020,"Year","Vint_2020","GHG emissions - (MTCO2eq)","sum","N2O","resid heating","pal_all","pal_all","Baseline_NDC","nonCO2 emissions by sector","Tg",2020,2.43784948,0.009199432,"sector","ghg","emissGHGBySectorBuildingsGWPAR5"
"Baseline_NDC","EU-15","EU-15","Sources",2020,"Year","Vint_2020","GHG emissions - (MTCO2eq)","sum","N2O","resid others","pal_all","pal_all","Baseline_NDC","nonCO2 emissions by sector","Tg",2020,0.58456774,0.002205916,"sector","ghg","emissGHGBySectorBuildingsGWPAR5"
"Baseline_NDC","EU-15","EU-15","Sources",2025,"Year","Vint_2025","GHG emissions - (MTCO2eq)","sum","CH4","comm cooling","pal_all","pal_all","Baseline_NDC","nonCO2 emissions by sector","Tg",2025,1.1744712e-06,4.19454e-08,"sector","ghg","emissGHGBySectorBuildingsGWPAR5"
"Baseline_NDC","EU-15","EU-15","Sources",2025,"Year","Vint_2025","GHG emissions - (MTCO2eq)","sum","CH4","comm heating","pal_all","pal_all","Baseline_NDC","nonCO2 emissions by sector","Tg",2025,1.023031054752,0.036536823384,"sector","ghg","emissGHGBySectorBuildingsGWPAR5"
"Baseline_NDC","EU-15","EU-15","Sources",2025,"Year","Vint_2025","GHG emissions - (MTCO2eq)","sum","CH4","comm others","pal_all","pal_all","Baseline_NDC","nonCO2 emissions by sector","Tg",2025,0.876257050424,0.031294894658,"sector","ghg","emissGHGBySectorBuildingsGWPAR5"
"Baseline_NDC","EU-15","EU-15","Sources",2025,"Year","Vint_2025","GHG emissions - (MTCO2eq)","sum","CH4","resid heating","pal_all","pal_all","Baseline_NDC","nonCO2 emissions by sector","Tg",2025,26.90191616,0.96078272,"sector","ghg","emissGHGBySectorBuildingsGWPAR5"
"Baseline_NDC","EU-15","EU-15","Sources",2025,"Year","Vint_2025","GHG emissions - (MTCO2eq)","sum","CH4","resid others","pal_all","pal_all","Baseline_NDC","nonCO2 emissions by sector","Tg",2025,3.8272666656,0.1366880952,"sector","ghg","emissGHGBySectorBuildingsGWPAR5"
"Baseline_NDC","EU-15","EU-15","Sources",2025,"Year","Vint_2025","GHG emissions - (MTCO2eq)","sum","HFCs","comm cooling","pal_all","pal_all","Baseline_NDC","nonCO2 emissions by sector","Gg",2025,65.7241407315,18.4878033,"sector","ghg","emissGHGBySectorBuildingsGWPAR5"
"Baseline_NDC","EU-15","EU-15","Sources",2025,"Year","Vint_2025","GHG emissions - (MTCO2eq)","sum","HFCs","resid cooling","pal_all","pal_all","Baseline_NDC","nonCO2 emissions by sector","Gg",2025,68.1364884366,19.16638212,"sector","ghg","emissGHGBySectorBuildingsGWPAR5"
"Baseline_NDC","EU-15","EU-15","Sources",2025,"Year","Vint_2025","GHG emissions - (MTCO2eq)","sum","N2O","comm heating","pal_all","pal_all","Baseline_NDC","nonCO2 emissions by sector","Tg",2025,0.41102785727,0.001551048518,"sector","ghg","emissGHGBySectorBuildingsGWPAR5"
"Baseline_NDC","EU-15","EU-15","Sources",2025,"Year","Vint_2025","GHG emissions - (MTCO2eq)","sum","N2O","comm others","pal_all","pal_all","Baseline_NDC","nonCO2 emissions by sector","Tg",2025,0.129034749654,0.0004869235836,"sector","ghg","emissGHGBySectorBuildingsGWPAR5"
"Baseline_NDC","EU-15","EU-15","Sources",2025,"Year","Vint_2025","GHG emissions - (MTCO2eq)","sum","N2O","resid heating","pal_all","pal_all","Baseline_NDC","nonCO2 emissions by sector","Tg",2025,5.13171387,0.019364958,"sector","ghg","emissGHGBySectorBuildingsGWPAR5"
"Baseline_NDC","EU-15","EU-15","Sources",2025,"Year","Vint_2025","GHG emissions - (MTCO2eq)","sum","N2O","resid others","pal_all","pal_all","Baseline_NDC","nonCO2 emissions by sector","Tg",2025,0.5892978734,0.00222376556,"sector","ghg","emissGHGBySectorBuildingsGWPAR5"
"Baseline_NDC","EU-15","EU-15","Sources",2030,"Year","Vint_2030","GHG emissions - (MTCO2eq)","sum","CH4","comm cooling","pal_all","pal_all","Baseline_NDC","nonCO2 emissions by sector","Tg",2030,1.2219424e-06,4.36408e-08,"sector","ghg","emissGHGBySectorBuildingsGWPAR5"
"Baseline_NDC","EU-15","EU-15","Sources",2030,"Year","Vint_2030","GHG emissions - (MTCO2eq)","sum","CH4","comm heating","pal_all","pal_all","Baseline_NDC","nonCO2 emissions by sector","Tg",2030,1.20839762792,0.04315705814,"sector","ghg","emissGHGBySectorBuildingsGWPAR5"
"Baseline_NDC","EU-15","EU-15","Sources",2030,"Year","Vint_2030","GHG emissions - (MTCO2eq)","sum","CH4","comm others","pal_all","pal_all","Baseline_NDC","nonCO2 emissions by sector","Tg",2030,1.0795636166,0.03855584345,"sector","ghg","emissGHGBySectorBuildingsGWPAR5"
"Baseline_NDC","EU-15","EU-15","Sources",2030,"Year","Vint_2030","GHG emissions - (MTCO2eq)","sum","CH4","resid heating","pal_all","pal_all","Baseline_NDC","nonCO2 emissions by sector","Tg",2030,27.02370552,0.96513234,"sector","ghg","emissGHGBySectorBuildingsGWPAR5"
"Baseline_NDC","EU-15","EU-15","Sources",2030,"Year","Vint_2030","GHG emissions - (MTCO2eq)","sum","CH4","resid others","pal_all","pal_all","Baseline_NDC","nonCO2 emissions by sector","Tg",2030,4.3754069632,0.1562645344,"sector","ghg","emissGHGBySectorBuildingsGWPAR5"
"Baseline_NDC","EU-15","EU-15","Sources",2030,"Year","Vint_2030","GHG emissions - (MTCO2eq)","sum","HFCs","comm cooling","pal_all","pal_all","Baseline_NDC","nonCO2 emissions by sector","Gg",2030,65.4406897032,18.40807024,"sector","ghg","emissGHGBySectorBuildingsGWPAR5"
"Baseline_NDC","EU-15","EU-15","Sources",2030,"Year","Vint_2030","GHG emissions - (MTCO2eq)","sum","HFCs","resid cooling","pal_all","pal_all","Baseline_NDC","nonCO2 emissions by sector","Gg",2030,67.2176155707,18.90790874,"sector","ghg","emissGHGBySectorBuildingsGWPAR5"
"Baseline_NDC","EU-15","EU-15","Sources",2030,"Year","Vint_2030","GHG emissions - (MTCO2eq)","sum","N2O","comm heating","pal_all","pal_all","Baseline_NDC","nonCO2 emissions by sector","Tg",2030,0.44104072165,0.00166430461,"sector","ghg","emissGHGBySectorBuildingsGWPAR5"
"Baseline_NDC","EU-15","EU-15","Sources",2030,"Year","Vint_2030","GHG emissions - (MTCO2eq)","sum","N2O","comm others","pal_all","pal_all","Baseline_NDC","nonCO2 emissions by sector","Tg",2030,0.13840520647,0.000522283798,"sector","ghg","emissGHGBySectorBuildingsGWPAR5"
"Baseline_NDC","EU-15","EU-15","Sources",2030,"Year","Vint_2030","GHG emissions - (MTCO2eq)","sum","N2O","resid heating","pal_all","pal_all","Baseline_NDC","nonCO2 emissions by sector","Tg",2030,5.02591209,0.018965706,"sector","ghg","emissGHGBySectorBuildingsGWPAR5"
"Baseline_NDC","EU-15","EU-15","Sources",2030,"Year","Vint_2030","GHG emissions - (MTCO2eq)","sum","N2O","resid others","pal_all","pal_all","Baseline_NDC","nonCO2 emissions by sector","Tg",2030,0.6373138594,0.00240495796,"sector","ghg","emissGHGBySectorBuildingsGWPAR5"
"NoRusGas_ModelOptimal","EU-12","EU-12","Sources",1990,"Year","Vint_1990","GHG emissions - (MTCO2eq)","sum","CH4","comm heating","pal_all","pal_all","NoRusGas_ModelOptimal","nonCO2 emissions by sector","Tg",1990,0.59534706,0.021262395,"sector","ghg","emissGHGBySectorBuildingsGWPAR5"
"NoRusGas_ModelOptimal","EU-12","EU-12","Sources",1990,"Year","Vint_1990","GHG emissions - (MTCO2eq)","sum","CH4","comm others","pal_all","pal_all","NoRusGas_ModelOptimal","nonCO2 emissions by sector","Tg",1990,0.4567129644,0.0163111773,"sector","ghg","emissGHGBySectorBuildingsGWPAR5"
"NoRusGas_ModelOptimal","EU-12","EU-12","Sources",1990,"Year","Vint_1990","GHG emissions - (MTCO2eq)","sum","CH4","resid heating","pal_all","pal_all","NoRusGas_ModelOptimal","nonCO2 emissions by sector","Tg",1990,4.775567202,0.1705559715,"sector","ghg","emissGHGBySectorBuildingsGWPAR5"
"NoRusGas_ModelOptimal","EU-12","EU-12","Sources",1990,"Year","Vint_1990","GHG emissions - (MTCO2eq)","sum","CH4","resid others","pal_all","pal_all","NoRusGas_ModelOptimal","nonCO2 emissions by sector","Tg",1990,2.8297369716,0.1010620347,"sector","ghg","emissGHGBySectorBuildingsGWPAR5"
"NoRusGas_ModelOptimal","EU-12","EU-12","Sources",1990,"Year","Vint_1990","GHG emissions - (MTCO2eq)","sum","HFCs","comm cooling","pal_all","pal_all","NoRusGas_ModelOptimal","nonCO2 emissions by sector","Gg",1990,0.0001413315135,3.97557e-05,"sector","ghg","emissGHGBySectorBuildingsGWPAR5"
"NoRusGas_ModelOptimal","EU-12","EU-12","Sources",1990,"Year","Vint_1990","GHG emissions - (MTCO2eq)","sum","HFCs","resid cooling","pal_all","pal_all","NoRusGas_ModelOptimal","nonCO2 emissions by sector","Gg",1990,0.000248276934,6.98388e-05,"sector","ghg","emissGHGBySectorBuildingsGWPAR5"
"NoRusGas_ModelOptimal","EU-12","EU-12","Sources",1990,"Year","Vint_1990","GHG emissions - (MTCO2eq)","sum","N2O","comm heating","pal_all","pal_all","NoRusGas_ModelOptimal","nonCO2 emissions by sector","Tg",1990,0.1062699502,0.00040101868,"sector","ghg","emissGHGBySectorBuildingsGWPAR5"
"NoRusGas_ModelOptimal","EU-12","EU-12","Sources",1990,"Year","Vint_1990","GHG emissions - (MTCO2eq)","sum","N2O","comm others","pal_all","pal_all","NoRusGas_ModelOptimal","nonCO2 emissions by sector","Tg",1990,0.0264304799,9.973766e-05,"sector","ghg","emissGHGBySectorBuildingsGWPAR5"
"NoRusGas_ModelOptimal","EU-12","EU-12","Sources",1990,"Year","Vint_1990","GHG emissions - (MTCO2eq)","sum","N2O","resid heating","pal_all","pal_all","NoRusGas_ModelOptimal","nonCO2 emissions by sector","Tg",1990,0.573271585,0.002163289,"sector","ghg","emissGHGBySectorBuildingsGWPAR5"
"NoRusGas_ModelOptimal","EU-12","EU-12","Sources",1990,"Year","Vint_1990","GHG emissions - (MTCO2eq)","sum","N2O","resid others","pal_all","pal_all","NoRusGas_ModelOptimal","nonCO2 emissions by sector","Tg",1990,0.081083057,0.0003059738,"sector","ghg","emissGHGBySectorBuildingsGWPAR5"
"NoRusGas_ModelOptimal","EU-12","EU-12","Sources",2005,"Year","Vint_2005","GHG emissions - (MTCO2eq)","sum","CH4","comm heating","pal_all","pal_all","NoRusGas_ModelOptimal","nonCO2 emissions by sector","Tg",2005,0.874789328,0.031242476,"sector","ghg","emissGHGBySectorBuildingsGWPAR5"
"NoRusGas_ModelOptimal","EU-12","EU-12","Sources",2005,"Year","Vint_2005","GHG emissions - (MTCO2eq)","sum","CH4","comm others","pal_all","pal_all","NoRusGas_ModelOptimal","nonCO2 emissions by sector","Tg",2005,0.725835362,0.0259226915,"sector","ghg","emissGHGBySectorBuildingsGWPAR5"
"NoRusGas_ModelOptimal","EU-12","EU-12","Sources",2005,"Year","Vint_2005","GHG emissions - (MTCO2eq)","sum","CH4","resid heating","pal_all","pal_all","NoRusGas_ModelOptimal","nonCO2 emissions by sector","Tg",2005,5.3198373928,0.1899941926,"sector","ghg","emissGHGBySectorBuildingsGWPAR5"
"NoRusGas_ModelOptimal","EU-12","EU-12","Sources",2005,"Year","Vint_2005","GHG emissions - (MTCO2eq)","sum","CH4","resid others","pal_all","pal_all","NoRusGas_ModelOptimal","nonCO2 emissions by sector","Tg",2005,3.393394088,0.121192646,"sector","ghg","emissGHGBySectorBuildingsGWPAR5"
"NoRusGas_ModelOptimal","EU-12","EU-12","Sources",2005,"Year","Vint_2005","GHG emissions - (MTCO2eq)","sum","HFCs","comm cooling","pal_all","pal_all","NoRusGas_ModelOptimal","nonCO2 emissions by sector","Gg",2005,3.71036061,1.043702,"sector","ghg","emissGHGBySectorBuildingsGWPAR5"
"NoRusGas_ModelOptimal","EU-12","EU-12","Sources",2005,"Year","Vint_2005","GHG emissions - (MTCO2eq)","sum","HFCs","resid cooling","pal_all","pal_all","NoRusGas_ModelOptimal","nonCO2 emissions by sector","Gg",2005,4.3980870915,1.2371553,"sector","ghg","emissGHGBySectorBuildingsGWPAR5"
"NoRusGas_ModelOptimal","EU-12","EU-12","Sources",2005,"Year","Vint_2005","GHG emissions - (MTCO2eq)","sum","N2O","comm heating","pal_all","pal_all","NoRusGas_ModelOptimal","nonCO2 emissions by sector","Tg",2005,0.0323336835,0.0001220139,"sector","ghg","emissGHGBySectorBuildingsGWPAR5"
"NoRusGas_ModelOptimal","EU-12","EU-12","Sources",2005,"Year","Vint_2005","GHG emissions - (MTCO2eq)","sum","N2O","comm others","pal_all","pal_all","NoRusGas_ModelOptimal","nonCO2 emissions by sector","Tg",2005,0.01186565855,4.477607e-05,"sector","ghg","emissGHGBySectorBuildingsGWPAR5"
"NoRusGas_ModelOptimal","EU-12","EU-12","Sources",2005,"Year","Vint_2005","GHG emissions - (MTCO2eq)","sum","N2O","resid heating","pal_all","pal_all","NoRusGas_ModelOptimal","nonCO2 emissions by sector","Tg",2005,0.5124757355,0.0019338707,"sector","ghg","emissGHGBySectorBuildingsGWPAR5"
"NoRusGas_ModelOptimal","EU-12","EU-12","Sources",2005,"Year","Vint_2005","GHG emissions - (MTCO2eq)","sum","N2O","resid others","pal_all","pal_all","NoRusGas_ModelOptimal","nonCO2 emissions by sector","Tg",2005,0.0760116195,0.0002868363,"sector","ghg","emissGHGBySectorBuildingsGWPAR5"
"NoRusGas_ModelOptimal","EU-12","EU-12","Sources",2010,"Year","Vint_2010","GHG emissions - (MTCO2eq)","sum","CH4","comm heating","pal_all","pal_all","NoRusGas_ModelOptimal","nonCO2 emissions by sector","Tg",2010,0.9045967308,0.0323070261,"sector","ghg","emissGHGBySectorBuildingsGWPAR5"
"NoRusGas_ModelOptimal","EU-12","EU-12","Sources",2010,"Year","Vint_2010","GHG emissions - (MTCO2eq)","sum","CH4","comm others","pal_all","pal_all","NoRusGas_ModelOptimal","nonCO2 emissions by sector","Tg",2010,0.7500652516,0.0267880447,"sector","ghg","emissGHGBySectorBuildingsGWPAR5"
"NoRusGas_ModelOptimal","EU-12","EU-12","Sources",2010,"Year","Vint_2010","GHG emissions - (MTCO2eq)","sum","CH4","resid heating","pal_all","pal_all","NoRusGas_ModelOptimal","nonCO2 emissions by sector","Tg",2010,5.8252315576,0.2080439842,"sector","ghg","emissGHGBySectorBuildingsGWPAR5"
"NoRusGas_ModelOptimal","EU-12","EU-12","Sources",2010,"Year","Vint_2010","GHG emissions - (MTCO2eq)","sum","CH4","resid others","pal_all","pal_all","NoRusGas_ModelOptimal","nonCO2 emissions by sector","Tg",2010,3.5144716544,0.1255168448,"sector","ghg","emissGHGBySectorBuildingsGWPAR5"
"NoRusGas_ModelOptimal","EU-12","EU-12","Sources",2010,"Year","Vint_2010","GHG emissions - (MTCO2eq)","sum","HFCs","comm cooling","pal_all","pal_all","NoRusGas_ModelOptimal","nonCO2 emissions by sector","Gg",2010,6.985374409125,1.964943575,"sector","ghg","emissGHGBySectorBuildingsGWPAR5"
"NoRusGas_ModelOptimal","EU-12","EU-12","Sources",2010,"Year","Vint_2010","GHG emissions - (MTCO2eq)","sum","HFCs","resid cooling","pal_all","pal_all","NoRusGas_ModelOptimal","nonCO2 emissions by sector","Gg",2010,7.27715258055,2.04701901,"sector","ghg","emissGHGBySectorBuildingsGWPAR5"
"NoRusGas_ModelOptimal","EU-12","EU-12","Sources",2010,"Year","Vint_2010","GHG emissions - (MTCO2eq)","sum","N2O","comm heating","pal_all","pal_all","NoRusGas_ModelOptimal","nonCO2 emissions by sector","Tg",2010,0.038696625,0.000146025,"sector","ghg","emissGHGBySectorBuildingsGWPAR5"
"NoRusGas_ModelOptimal","EU-12","EU-12","Sources",2010,"Year","Vint_2010","GHG emissions - (MTCO2eq)","sum","N2O","comm others","pal_all","pal_all","NoRusGas_ModelOptimal","nonCO2 emissions by sector","Tg",2010,0.0133352346,5.032164e-05,"sector","ghg","emissGHGBySectorBuildingsGWPAR5"
"NoRusGas_ModelOptimal","EU-12","EU-12","Sources",2010,"Year","Vint_2010","GHG emissions - (MTCO2eq)","sum","N2O","resid heating","pal_all","pal_all","NoRusGas_ModelOptimal","nonCO2 emissions by sector","Tg",2010,0.619130259,0.0023363406,"sector","ghg","emissGHGBySectorBuildingsGWPAR5"
"NoRusGas_ModelOptimal","EU-12","EU-12","Sources",2010,"Year","Vint_2010","GHG emissions - (MTCO2eq)","sum","N2O","resid others","pal_all","pal_all","NoRusGas_ModelOptimal","nonCO2 emissions by sector","Tg",2010,0.084393596,0.0003184664,"sector","ghg","emissGHGBySectorBuildingsGWPAR5"
"NoRusGas_ModelOptimal","EU-12","EU-12","Sources",2015,"Year","Vint_2015","GHG emissions - (MTCO2eq)","sum","CH4","comm heating","pal_all","pal_all","NoRusGas_ModelOptimal","nonCO2 emissions by sector","Tg",2015,0.7475560708,0.0266984311,"sector","ghg","emissGHGBySectorBuildingsGWPAR5"
"NoRusGas_ModelOptimal","EU-12","EU-12","Sources",2015,"Year","Vint_2015","GHG emissions - (MTCO2eq)","sum","CH4","comm others","pal_all","pal_all","NoRusGas_ModelOptimal","nonCO2 emissions by sector","Tg",2015,0.6197077488,0.0221324196,"sector","ghg","emissGHGBySectorBuildingsGWPAR5"
"NoRusGas_ModelOptimal","EU-12","EU-12","Sources",2015,"Year","Vint_2015","GHG emissions - (MTCO2eq)","sum","CH4","resid heating","pal_all","pal_all","NoRusGas_ModelOptimal","nonCO2 emissions by sector","Tg",2015,5.001185266,0.1786137595,"sector","ghg","emissGHGBySectorBuildingsGWPAR5"
"NoRusGas_ModelOptimal","EU-12","EU-12","Sources",2015,"Year","Vint_2015","GHG emissions - (MTCO2eq)","sum","CH4","resid others","pal_all","pal_all","NoRusGas_ModelOptimal","nonCO2 emissions by sector","Tg",2015,3.0403032156,0.1085822577,"sector","ghg","emissGHGBySectorBuildingsGWPAR5"
"NoRusGas_ModelOptimal","EU-12","EU-12","Sources",2015,"Year","Vint_2015","GHG emissions - (MTCO2eq)","sum","HFCs","comm cooling","pal_all","pal_all","NoRusGas_ModelOptimal","nonCO2 emissions by sector","Gg",2015,9.44097869655,2.65569021,"sector","ghg","emissGHGBySectorBuildingsGWPAR5"
"NoRusGas_ModelOptimal","EU-12","EU-12","Sources",2015,"Year","Vint_2015","GHG emissions - (MTCO2eq)","sum","HFCs","resid cooling","pal_all","pal_all","NoRusGas_ModelOptimal","nonCO2 emissions by sector","Gg",2015,9.8353477512,2.76662384,"sector","ghg","emissGHGBySectorBuildingsGWPAR5"
"NoRusGas_ModelOptimal","EU-12","EU-12","Sources",2015,"Year","Vint_2015","GHG emissions - (MTCO2eq)","sum","N2O","comm heating","pal_all","pal_all","NoRusGas_ModelOptimal","nonCO2 emissions by sector","Tg",2015,0.0320358712,0.00012089008,"sector","ghg","emissGHGBySectorBuildingsGWPAR5"
"NoRusGas_ModelOptimal","EU-12","EU-12","Sources",2015,"Year","Vint_2015","GHG emissions - (MTCO2eq)","sum","N2O","comm others","pal_all","pal_all","NoRusGas_ModelOptimal","nonCO2 emissions by sector","Tg",2015,0.01014688975,3.829015e-05,"sector","ghg","emissGHGBySectorBuildingsGWPAR5"
"NoRusGas_ModelOptimal","EU-12","EU-12","Sources",2015,"Year","Vint_2015","GHG emissions - (MTCO2eq)","sum","N2O","resid heating","pal_all","pal_all","NoRusGas_ModelOptimal","nonCO2 emissions by sector","Tg",2015,0.577266195,0.002178363,"sector","ghg","emissGHGBySectorBuildingsGWPAR5"
"NoRusGas_ModelOptimal","EU-12","EU-12","Sources",2015,"Year","Vint_2015","GHG emissions - (MTCO2eq)","sum","N2O","resid others","pal_all","pal_all","NoRusGas_ModelOptimal","nonCO2 emissions by sector","Tg",2015,0.0772517665,0.0002915161,"sector","ghg","emissGHGBySectorBuildingsGWPAR5"
"NoRusGas_ModelOptimal","EU-12","EU-12","Sources",2020,"Year","Vint_2020","GHG emissions - (MTCO2eq)","sum","CH4","comm heating","pal_all","pal_all","NoRusGas_ModelOptimal","nonCO2 emissions by sector","Tg",2020,0.9787420636,0.0349550737,"sector","ghg","emissGHGBySectorBuildingsGWPAR5"
"NoRusGas_ModelOptimal","EU-12","EU-12","Sources",2020,"Year","Vint_2020","GHG emissions - (MTCO2eq)","sum","CH4","comm others","pal_all","pal_all","NoRusGas_ModelOptimal","nonCO2 emissions by sector","Tg",2020,0.7988075956,0.0285288427,"sector","ghg","emissGHGBySectorBuildingsGWPAR5"
"NoRusGas_ModelOptimal","EU-12","EU-12","Sources",2020,"Year","Vint_2020","GHG emissions - (MTCO2eq)","sum","CH4","resid heating","pal_all","pal_all","NoRusGas_ModelOptimal","nonCO2 emissions by sector","Tg",2020,5.0568091336,0.1806003262,"sector","ghg","emissGHGBySectorBuildingsGWPAR5"
"NoRusGas_ModelOptimal","EU-12","EU-12","Sources",2020,"Year","Vint_2020","GHG emissions - (MTCO2eq)","sum","CH4","resid others","pal_all","pal_all","NoRusGas_ModelOptimal","nonCO2 emissions by sector","Tg",2020,3.3596391696,0.1199871132,"sector","ghg","emissGHGBySectorBuildingsGWPAR5"
"NoRusGas_ModelOptimal","EU-12","EU-12","Sources",2020,"Year","Vint_2020","GHG emissions - (MTCO2eq)","sum","HFCs","comm cooling","pal_all","pal_all","NoRusGas_ModelOptimal","nonCO2 emissions by sector","Gg",2020,10.91739543705,3.07099731,"sector","ghg","emissGHGBySectorBuildingsGWPAR5"
"NoRusGas_ModelOptimal","EU-12","EU-12","Sources",2020,"Year","Vint_2020","GHG emissions - (MTCO2eq)","sum","HFCs","resid cooling","pal_all","pal_all","NoRusGas_ModelOptimal","nonCO2 emissions by sector","Gg",2020,10.5982722945,2.9812299,"sector","ghg","emissGHGBySectorBuildingsGWPAR5"
"NoRusGas_ModelOptimal","EU-12","EU-12","Sources",2020,"Year","Vint_2020","GHG emissions - (MTCO2eq)","sum","N2O","comm heating","pal_all","pal_all","NoRusGas_ModelOptimal","nonCO2 emissions by sector","Tg",2020,0.0345982145,0.0001305593,"sector","ghg","emissGHGBySectorBuildingsGWPAR5"
"NoRusGas_ModelOptimal","EU-12","EU-12","Sources",2020,"Year","Vint_2020","GHG emissions - (MTCO2eq)","sum","N2O","comm others","pal_all","pal_all","NoRusGas_ModelOptimal","nonCO2 emissions by sector","Tg",2020,0.01121975285,4.233869e-05,"sector","ghg","emissGHGBySectorBuildingsGWPAR5"
"NoRusGas_ModelOptimal","EU-12","EU-12","Sources",2020,"Year","Vint_2020","GHG emissions - (MTCO2eq)","sum","N2O","resid heating","pal_all","pal_all","NoRusGas_ModelOptimal","nonCO2 emissions by sector","Tg",2020,0.5357190445,0.0020215813,"sector","ghg","emissGHGBySectorBuildingsGWPAR5"
"NoRusGas_ModelOptimal","EU-12","EU-12","Sources",2020,"Year","Vint_2020","GHG emissions - (MTCO2eq)","sum","N2O","resid others","pal_all","pal_all","NoRusGas_ModelOptimal","nonCO2 emissions by sector","Tg",2020,0.0706777525,0.0002667085,"sector","ghg","emissGHGBySectorBuildingsGWPAR5"
"NoRusGas_ModelOptimal","EU-12","EU-12","Sources",2025,"Year","Vint_2025","GHG emissions - (MTCO2eq)","sum","CH4","comm heating","pal_all","pal_all","NoRusGas_ModelOptimal","nonCO2 emissions by sector","Tg",2025,0.80124759848,0.02861598566,"sector","ghg","emissGHGBySectorBuildingsGWPAR5"
"NoRusGas_ModelOptimal","EU-12","EU-12","Sources",2025,"Year","Vint_2025","GHG emissions - (MTCO2eq)","sum","CH4","comm others","pal_all","pal_all","NoRusGas_ModelOptimal","nonCO2 emissions by sector","Tg",2025,0.343731360588,0.012276120021,"sector","ghg","emissGHGBySectorBuildingsGWPAR5"
"NoRusGas_ModelOptimal","EU-12","EU-12","Sources",2025,"Year","Vint_2025","GHG emissions - (MTCO2eq)","sum","CH4","resid heating","pal_all","pal_all","NoRusGas_ModelOptimal","nonCO2 emissions by sector","Tg",2025,6.830037186,0.2439298995,"sector","ghg","emissGHGBySectorBuildingsGWPAR5"
"NoRusGas_ModelOptimal","EU-12","EU-12","Sources",2025,"Year","Vint_2025","GHG emissions - (MTCO2eq)","sum","CH4","resid others","pal_all","pal_all","NoRusGas_ModelOptimal","nonCO2 emissions by sector","Tg",2025,1.690551478,0.0603768385,"sector","ghg","emissGHGBySectorBuildingsGWPAR5"
"NoRusGas_ModelOptimal","EU-12","EU-12","Sources",2025,"Year","Vint_2025","GHG emissions - (MTCO2eq)","sum","HFCs","comm cooling","pal_all","pal_all","NoRusGas_ModelOptimal","nonCO2 emissions by sector","Gg",2025,8.156553168735,2.294389077,"sector","ghg","emissGHGBySectorBuildingsGWPAR5"
"NoRusGas_ModelOptimal","EU-12","EU-12","Sources",2025,"Year","Vint_2025","GHG emissions - (MTCO2eq)","sum","HFCs","resid cooling","pal_all","pal_all","NoRusGas_ModelOptimal","nonCO2 emissions by sector","Gg",2025,7.175215724895,2.018344789,"sector","ghg","emissGHGBySectorBuildingsGWPAR5"
"NoRusGas_ModelOptimal","EU-12","EU-12","Sources",2025,"Year","Vint_2025","GHG emissions - (MTCO2eq)","sum","N2O","comm heating","pal_all","pal_all","NoRusGas_ModelOptimal","nonCO2 emissions by sector","Tg",2025,0.05113985105,0.00019298057,"sector","ghg","emissGHGBySectorBuildingsGWPAR5"
"NoRusGas_ModelOptimal","EU-12","EU-12","Sources",2025,"Year","Vint_2025","GHG emissions - (MTCO2eq)","sum","N2O","comm others","pal_all","pal_all","NoRusGas_ModelOptimal","nonCO2 emissions by sector","Tg",2025,0.00669509992,2.5264528e-05,"sector","ghg","emissGHGBySectorBuildingsGWPAR5"
"NoRusGas_ModelOptimal","EU-12","EU-12","Sources",2025,"Year","Vint_2025","GHG emissions - (MTCO2eq)","sum","N2O","resid heating","pal_all","pal_all","NoRusGas_ModelOptimal","nonCO2 emissions by sector","Tg",2025,0.84586256565,0.00319193421,"sector","ghg","emissGHGBySectorBuildingsGWPAR5"
"NoRusGas_ModelOptimal","EU-12","EU-12","Sources",2025,"Year","Vint_2025","GHG emissions - (MTCO2eq)","sum","N2O","resid others","pal_all","pal_all","NoRusGas_ModelOptimal","nonCO2 emissions by sector","Tg",2025,0.062340974665,0.000235248961,"sector","ghg","emissGHGBySectorBuildingsGWPAR5"
"NoRusGas_ModelOptimal","EU-12","EU-12","Sources",2030,"Year","Vint_2030","GHG emissions - (MTCO2eq)","sum","CH4","comm heating","pal_all","pal_all","NoRusGas_ModelOptimal","nonCO2 emissions by sector","Tg",2030,0.94450291292,0.03373224689,"sector","ghg","emissGHGBySectorBuildingsGWPAR5"
"NoRusGas_ModelOptimal","EU-12","EU-12","Sources",2030,"Year","Vint_2030","GHG emissions - (MTCO2eq)","sum","CH4","comm others","pal_all","pal_all","NoRusGas_ModelOptimal","nonCO2 emissions by sector","Tg",2030,0.44469501328,0.01588196476,"sector","ghg","emissGHGBySectorBuildingsGWPAR5"
"NoRusGas_ModelOptimal","EU-12","EU-12","Sources",2030,"Year","Vint_2030","GHG emissions - (MTCO2eq)","sum","CH4","resid heating","pal_all","pal_all","NoRusGas_ModelOptimal","nonCO2 emissions by sector","Tg",2030,6.9093302152,0.2467617934,"sector","ghg","emissGHGBySectorBuildingsGWPAR5"
"NoRusGas_ModelOptimal","EU-12","EU-12","Sources",2030,"Year","Vint_2030","GHG emissions - (MTCO2eq)","sum","CH4","resid others","pal_all","pal_all","NoRusGas_ModelOptimal","nonCO2 emissions by sector","Tg",2030,1.9543393856,0.0697978352,"sector","ghg","emissGHGBySectorBuildingsGWPAR5"
"NoRusGas_ModelOptimal","EU-12","EU-12","Sources",2030,"Year","Vint_2030","GHG emissions - (MTCO2eq)","sum","HFCs","comm cooling","pal_all","pal_all","NoRusGas_ModelOptimal","nonCO2 emissions by sector","Gg",2030,8.58876124167,2.415966594,"sector","ghg","emissGHGBySectorBuildingsGWPAR5"
"NoRusGas_ModelOptimal","EU-12","EU-12","Sources",2030,"Year","Vint_2030","GHG emissions - (MTCO2eq)","sum","HFCs","resid cooling","pal_all","pal_all","NoRusGas_ModelOptimal","nonCO2 emissions by sector","Gg",2030,7.324643132325,2.060377815,"sector","ghg","emissGHGBySectorBuildingsGWPAR5"
"NoRusGas_ModelOptimal","EU-12","EU-12","Sources",2030,"Year","Vint_2030","GHG emissions - (MTCO2eq)","sum","N2O","comm heating","pal_all","pal_all","NoRusGas_ModelOptimal","nonCO2 emissions by sector","Tg",2030,0.0541247872,0.00020424448,"sector","ghg","emissGHGBySectorBuildingsGWPAR5"
"NoRusGas_ModelOptimal","EU-12","EU-12","Sources",2030,"Year","Vint_2030","GHG emissions - (MTCO2eq)","sum","N2O","comm others","pal_all","pal_all","NoRusGas_ModelOptimal","nonCO2 emissions by sector","Tg",2030,0.0075722796,2.857464e-05,"sector","ghg","emissGHGBySectorBuildingsGWPAR5"
"NoRusGas_ModelOptimal","EU-12","EU-12","Sources",2030,"Year","Vint_2030","GHG emissions - (MTCO2eq)","sum","N2O","resid heating","pal_all","pal_all","NoRusGas_ModelOptimal","nonCO2 emissions by sector","Tg",2030,0.8369924035,0.0031584619,"sector","ghg","emissGHGBySectorBuildingsGWPAR5"
"NoRusGas_ModelOptimal","EU-12","EU-12","Sources",2030,"Year","Vint_2030","GHG emissions - (MTCO2eq)","sum","N2O","resid others","pal_all","pal_all","NoRusGas_ModelOptimal","nonCO2 emissions by sector","Tg",2030,0.06548662245,0.00024711933,"sector","ghg","emissGHGBySectorBuildingsGWPAR5"
"NoRusGas_ModelOptimal","EU-15","EU-15","Sources",1990,"Year","Vint_1990","GHG emissions - (MTCO2eq)","sum","CH4","comm cooling","pal_all","pal_all","NoRusGas_ModelOptimal","nonCO2 emissions by sector","Tg",1990,9.358272e-07,3.34224e-08,"sector","ghg","emissGHGBySectorBuildingsGWPAR5"
"NoRusGas_ModelOptimal","EU-15","EU-15","Sources",1990,"Year","Vint_1990","GHG emissions - (MTCO2eq)","sum","CH4","comm heating","pal_all","pal_all","NoRusGas_ModelOptimal","nonCO2 emissions by sector","Tg",1990,0.90539974,0.032335705,"sector","ghg","emissGHGBySectorBuildingsGWPAR5"
"NoRusGas_ModelOptimal","EU-15","EU-15","Sources",1990,"Year","Vint_1990","GHG emissions - (MTCO2eq)","sum","CH4","comm others","pal_all","pal_all","NoRusGas_ModelOptimal","nonCO2 emissions by sector","Tg",1990,0.9543154852,0.0340826959,"sector","ghg","emissGHGBySectorBuildingsGWPAR5"
"NoRusGas_ModelOptimal","EU-15","EU-15","Sources",1990,"Year","Vint_1990","GHG emissions - (MTCO2eq)","sum","CH4","resid heating","pal_all","pal_all","NoRusGas_ModelOptimal","nonCO2 emissions by sector","Tg",1990,13.2211212,0.4721829,"sector","ghg","emissGHGBySectorBuildingsGWPAR5"
"NoRusGas_ModelOptimal","EU-15","EU-15","Sources",1990,"Year","Vint_1990","GHG emissions - (MTCO2eq)","sum","CH4","resid others","pal_all","pal_all","NoRusGas_ModelOptimal","nonCO2 emissions by sector","Tg",1990,4.29458792,0.15337814,"sector","ghg","emissGHGBySectorBuildingsGWPAR5"
"NoRusGas_ModelOptimal","EU-15","EU-15","Sources",1990,"Year","Vint_1990","GHG emissions - (MTCO2eq)","sum","HFCs","comm cooling","pal_all","pal_all","NoRusGas_ModelOptimal","nonCO2 emissions by sector","Gg",1990,0.00634613715,0.00178513,"sector","ghg","emissGHGBySectorBuildingsGWPAR5"
"NoRusGas_ModelOptimal","EU-15","EU-15","Sources",1990,"Year","Vint_1990","GHG emissions - (MTCO2eq)","sum","HFCs","resid cooling","pal_all","pal_all","NoRusGas_ModelOptimal","nonCO2 emissions by sector","Gg",1990,0.00925803765,0.00260423,"sector","ghg","emissGHGBySectorBuildingsGWPAR5"
"NoRusGas_ModelOptimal","EU-15","EU-15","Sources",1990,"Year","Vint_1990","GHG emissions - (MTCO2eq)","sum","N2O","comm heating","pal_all","pal_all","NoRusGas_ModelOptimal","nonCO2 emissions by sector","Tg",1990,0.2139506915,0.0008073611,"sector","ghg","emissGHGBySectorBuildingsGWPAR5"
"NoRusGas_ModelOptimal","EU-15","EU-15","Sources",1990,"Year","Vint_1990","GHG emissions - (MTCO2eq)","sum","N2O","comm others","pal_all","pal_all","NoRusGas_ModelOptimal","nonCO2 emissions by sector","Tg",1990,0.12139092705,0.00045807897,"sector","ghg","emissGHGBySectorBuildingsGWPAR5"
"NoRusGas_ModelOptimal","EU-15","EU-15","Sources",1990,"Year","Vint_1990","GHG emissions - (MTCO2eq)","sum","N2O","resid heating","pal_all","pal_all","NoRusGas_ModelOptimal","nonCO2 emissions by sector","Tg",1990,1.026906535,0.003875119,"sector","ghg","emissGHGBySectorBuildingsGWPAR5"
"NoRusGas_ModelOptimal","EU-15","EU-15","Sources",1990,"Year","Vint_1990","GHG emissions - (MTCO2eq)","sum","N2O","resid others","pal_all","pal_all","NoRusGas_ModelOptimal","nonCO2 emissions by sector","Tg",1990,0.5108872725,0.0019278765,"sector","ghg","emissGHGBySectorBuildingsGWPAR5"
"NoRusGas_ModelOptimal","EU-15","EU-15","Sources",2005,"Year","Vint_2005","GHG emissions - (MTCO2eq)","sum","CH4","comm cooling","pal_all","pal_all","NoRusGas_ModelOptimal","nonCO2 emissions by sector","Tg",2005,1.4845796e-06,5.30207e-08,"sector","ghg","emissGHGBySectorBuildingsGWPAR5"
"NoRusGas_ModelOptimal","EU-15","EU-15","Sources",2005,"Year","Vint_2005","GHG emissions - (MTCO2eq)","sum","CH4","comm heating","pal_all","pal_all","NoRusGas_ModelOptimal","nonCO2 emissions by sector","Tg",2005,1.3069149044,0.0466755323,"sector","ghg","emissGHGBySectorBuildingsGWPAR5"
"NoRusGas_ModelOptimal","EU-15","EU-15","Sources",2005,"Year","Vint_2005","GHG emissions - (MTCO2eq)","sum","CH4","comm others","pal_all","pal_all","NoRusGas_ModelOptimal","nonCO2 emissions by sector","Tg",2005,1.45719570388,0.05204270371,"sector","ghg","emissGHGBySectorBuildingsGWPAR5"
"NoRusGas_ModelOptimal","EU-15","EU-15","Sources",2005,"Year","Vint_2005","GHG emissions - (MTCO2eq)","sum","CH4","resid heating","pal_all","pal_all","NoRusGas_ModelOptimal","nonCO2 emissions by sector","Tg",2005,14.02299864,0.50082138,"sector","ghg","emissGHGBySectorBuildingsGWPAR5"
"NoRusGas_ModelOptimal","EU-15","EU-15","Sources",2005,"Year","Vint_2005","GHG emissions - (MTCO2eq)","sum","CH4","resid others","pal_all","pal_all","NoRusGas_ModelOptimal","nonCO2 emissions by sector","Tg",2005,4.77278816,0.17045672,"sector","ghg","emissGHGBySectorBuildingsGWPAR5"
"NoRusGas_ModelOptimal","EU-15","EU-15","Sources",2005,"Year","Vint_2005","GHG emissions - (MTCO2eq)","sum","HFCs","comm cooling","pal_all","pal_all","NoRusGas_ModelOptimal","nonCO2 emissions by sector","Gg",2005,35.2164460815,9.9061733,"sector","ghg","emissGHGBySectorBuildingsGWPAR5"
"NoRusGas_ModelOptimal","EU-15","EU-15","Sources",2005,"Year","Vint_2005","GHG emissions - (MTCO2eq)","sum","HFCs","resid cooling","pal_all","pal_all","NoRusGas_ModelOptimal","nonCO2 emissions by sector","Gg",2005,40.2945751665,11.3346203,"sector","ghg","emissGHGBySectorBuildingsGWPAR5"
"NoRusGas_ModelOptimal","EU-15","EU-15","Sources",2005,"Year","Vint_2005","GHG emissions - (MTCO2eq)","sum","N2O","comm heating","pal_all","pal_all","NoRusGas_ModelOptimal","nonCO2 emissions by sector","Tg",2005,0.121062918,0.0004568412,"sector","ghg","emissGHGBySectorBuildingsGWPAR5"
"NoRusGas_ModelOptimal","EU-15","EU-15","Sources",2005,"Year","Vint_2005","GHG emissions - (MTCO2eq)","sum","N2O","comm others","pal_all","pal_all","NoRusGas_ModelOptimal","nonCO2 emissions by sector","Tg",2005,0.11144471385,0.00042054609,"sector","ghg","emissGHGBySectorBuildingsGWPAR5"
"NoRusGas_ModelOptimal","EU-15","EU-15","Sources",2005,"Year","Vint_2005","GHG emissions - (MTCO2eq)","sum","N2O","resid heating","pal_all","pal_all","NoRusGas_ModelOptimal","nonCO2 emissions by sector","Tg",2005,1.20924005,0.00456317,"sector","ghg","emissGHGBySectorBuildingsGWPAR5"
"NoRusGas_ModelOptimal","EU-15","EU-15","Sources",2005,"Year","Vint_2005","GHG emissions - (MTCO2eq)","sum","N2O","resid others","pal_all","pal_all","NoRusGas_ModelOptimal","nonCO2 emissions by sector","Tg",2005,0.33190773,0.001252482,"sector","ghg","emissGHGBySectorBuildingsGWPAR5"
"NoRusGas_ModelOptimal","EU-15","EU-15","Sources",2010,"Year","Vint_2010","GHG emissions - (MTCO2eq)","sum","CH4","comm cooling","pal_all","pal_all","NoRusGas_ModelOptimal","nonCO2 emissions by sector","Tg",2010,1.4337344e-06,5.12048e-08,"sector","ghg","emissGHGBySectorBuildingsGWPAR5"
"NoRusGas_ModelOptimal","EU-15","EU-15","Sources",2010,"Year","Vint_2010","GHG emissions - (MTCO2eq)","sum","CH4","comm heating","pal_all","pal_all","NoRusGas_ModelOptimal","nonCO2 emissions by sector","Tg",2010,1.2519667076,0.0447130967,"sector","ghg","emissGHGBySectorBuildingsGWPAR5"
"NoRusGas_ModelOptimal","EU-15","EU-15","Sources",2010,"Year","Vint_2010","GHG emissions - (MTCO2eq)","sum","CH4","comm others","pal_all","pal_all","NoRusGas_ModelOptimal","nonCO2 emissions by sector","Tg",2010,1.39614863668,0.04986245131,"sector","ghg","emissGHGBySectorBuildingsGWPAR5"
"NoRusGas_ModelOptimal","EU-15","EU-15","Sources",2010,"Year","Vint_2010","GHG emissions - (MTCO2eq)","sum","CH4","resid heating","pal_all","pal_all","NoRusGas_ModelOptimal","nonCO2 emissions by sector","Tg",2010,13.399876,0.478567,"sector","ghg","emissGHGBySectorBuildingsGWPAR5"
"NoRusGas_ModelOptimal","EU-15","EU-15","Sources",2010,"Year","Vint_2010","GHG emissions - (MTCO2eq)","sum","CH4","resid others","pal_all","pal_all","NoRusGas_ModelOptimal","nonCO2 emissions by sector","Tg",2010,4.391607332,0.156843119,"sector","ghg","emissGHGBySectorBuildingsGWPAR5"
"NoRusGas_ModelOptimal","EU-15","EU-15","Sources",2010,"Year","Vint_2010","GHG emissions - (MTCO2eq)","sum","HFCs","comm cooling","pal_all","pal_all","NoRusGas_ModelOptimal","nonCO2 emissions by sector","Gg",2010,48.180115125,13.552775,"sector","ghg","emissGHGBySectorBuildingsGWPAR5"
"NoRusGas_ModelOptimal","EU-15","EU-15","Sources",2010,"Year","Vint_2010","GHG emissions - (MTCO2eq)","sum","HFCs","resid cooling","pal_all","pal_all","NoRusGas_ModelOptimal","nonCO2 emissions by sector","Gg",2010,51.009788475,14.348745,"sector","ghg","emissGHGBySectorBuildingsGWPAR5"
"NoRusGas_ModelOptimal","EU-15","EU-15","Sources",2010,"Year","Vint_2010","GHG emissions - (MTCO2eq)","sum","N2O","comm heating","pal_all","pal_all","NoRusGas_ModelOptimal","nonCO2 emissions by sector","Tg",2010,0.1151708815,0.0004346071,"sector","ghg","emissGHGBySectorBuildingsGWPAR5"
"NoRusGas_ModelOptimal","EU-15","EU-15","Sources",2010,"Year","Vint_2010","GHG emissions - (MTCO2eq)","sum","N2O","comm others","pal_all","pal_all","NoRusGas_ModelOptimal","nonCO2 emissions by sector","Tg",2010,0.09928139935,0.00037464679,"sector","ghg","emissGHGBySectorBuildingsGWPAR5"
"NoRusGas_ModelOptimal","EU-15","EU-15","Sources",2010,"Year","Vint_2010","GHG emissions - (MTCO2eq)","sum","N2O","resid heating","pal_all","pal_all","NoRusGas_ModelOptimal","nonCO2 emissions by sector","Tg",2010,1.432673475,0.005406315,"sector","ghg","emissGHGBySectorBuildingsGWPAR5"
"NoRusGas_ModelOptimal","EU-15","EU-15","Sources",2010,"Year","Vint_2010","GHG emissions - (MTCO2eq)","sum","N2O","resid others","pal_all","pal_all","NoRusGas_ModelOptimal","nonCO2 emissions by sector","Tg",2010,0.363639625,0.001372225,"sector","ghg","emissGHGBySectorBuildingsGWPAR5"
"NoRusGas_ModelOptimal","EU-15","EU-15","Sources",2015,"Year","Vint_2015","GHG emissions - (MTCO2eq)","sum","CH4","comm cooling","pal_all","pal_all","NoRusGas_ModelOptimal","nonCO2 emissions by sector","Tg",2015,1.1746084e-06,4.19503e-08,"sector","ghg","emissGHGBySectorBuildingsGWPAR5"
"NoRusGas_ModelOptimal","EU-15","EU-15","Sources",2015,"Year","Vint_2015","GHG emissions - (MTCO2eq)","sum","CH4","comm heating","pal_all","pal_all","NoRusGas_ModelOptimal","nonCO2 emissions by sector","Tg",2015,1.0416290612,0.0372010379,"sector","ghg","emissGHGBySectorBuildingsGWPAR5"
"NoRusGas_ModelOptimal","EU-15","EU-15","Sources",2015,"Year","Vint_2015","GHG emissions - (MTCO2eq)","sum","CH4","comm others","pal_all","pal_all","NoRusGas_ModelOptimal","nonCO2 emissions by sector","Tg",2015,1.14788355472,0.04099584124,"sector","ghg","emissGHGBySectorBuildingsGWPAR5"
"NoRusGas_ModelOptimal","EU-15","EU-15","Sources",2015,"Year","Vint_2015","GHG emissions - (MTCO2eq)","sum","CH4","resid heating","pal_all","pal_all","NoRusGas_ModelOptimal","nonCO2 emissions by sector","Tg",2015,10.18740436,0.36383587,"sector","ghg","emissGHGBySectorBuildingsGWPAR5"
"NoRusGas_ModelOptimal","EU-15","EU-15","Sources",2015,"Year","Vint_2015","GHG emissions - (MTCO2eq)","sum","CH4","resid others","pal_all","pal_all","NoRusGas_ModelOptimal","nonCO2 emissions by sector","Tg",2015,3.15784672,0.11278024,"sector","ghg","emissGHGBySectorBuildingsGWPAR5"
"NoRusGas_ModelOptimal","EU-15","EU-15","Sources",2015,"Year","Vint_2015","GHG emissions - (MTCO2eq)","sum","HFCs","comm cooling","pal_all","pal_all","NoRusGas_ModelOptimal","nonCO2 emissions by sector","Gg",2015,46.61355816,13.112112,"sector","ghg","emissGHGBySectorBuildingsGWPAR5"
"NoRusGas_ModelOptimal","EU-15","EU-15","Sources",2015,"Year","Vint_2015","GHG emissions - (MTCO2eq)","sum","HFCs","resid cooling","pal_all","pal_all","NoRusGas_ModelOptimal","nonCO2 emissions by sector","Gg",2015,49.351203225,13.882195,"sector","ghg","emissGHGBySectorBuildingsGWPAR5"
"NoRusGas_ModelOptimal","EU-15","EU-15","Sources",2015,"Year","Vint_2015","GHG emissions - (MTCO2eq)","sum","N2O","comm heating","pal_all","pal_all","NoRusGas_ModelOptimal","nonCO2 emissions by sector","Tg",2015,0.15262726675,0.00057595195,"sector","ghg","emissGHGBySectorBuildingsGWPAR5"
"NoRusGas_ModelOptimal","EU-15","EU-15","Sources",2015,"Year","Vint_2015","GHG emissions - (MTCO2eq)","sum","N2O","comm others","pal_all","pal_all","NoRusGas_ModelOptimal","nonCO2 emissions by sector","Tg",2015,0.09821262785,0.00037061369,"sector","ghg","emissGHGBySectorBuildingsGWPAR5"
"NoRusGas_ModelOptimal","EU-15","EU-15","Sources",2015,"Year","Vint_2015","GHG emissions - (MTCO2eq)","sum","N2O","resid heating","pal_all","pal_all","NoRusGas_ModelOptimal","nonCO2 emissions by sector","Tg",2015,1.327801315,0.005010571,"sector","ghg","emissGHGBySectorBuildingsGWPAR5"
"NoRusGas_ModelOptimal","EU-15","EU-15","Sources",2015,"Year","Vint_2015","GHG emissions - (MTCO2eq)","sum","N2O","resid others","pal_all","pal_all","NoRusGas_ModelOptimal","nonCO2 emissions by sector","Tg",2015,0.316718036,0.0011951624,"sector","ghg","emissGHGBySectorBuildingsGWPAR5"
"NoRusGas_ModelOptimal","EU-15","EU-15","Sources",2020,"Year","Vint_2020","GHG emissions - (MTCO2eq)","sum","CH4","comm cooling","pal_all","pal_all","NoRusGas_ModelOptimal","nonCO2 emissions by sector","Tg",2020,1.011766e-06,3.61345e-08,"sector","ghg","emissGHGBySectorBuildingsGWPAR5"
"NoRusGas_ModelOptimal","EU-15","EU-15","Sources",2020,"Year","Vint_2020","GHG emissions - (MTCO2eq)","sum","CH4","comm heating","pal_all","pal_all","NoRusGas_ModelOptimal","nonCO2 emissions by sector","Tg",2020,1.1215890392,0.0400567514,"sector","ghg","emissGHGBySectorBuildingsGWPAR5"
"NoRusGas_ModelOptimal","EU-15","EU-15","Sources",2020,"Year","Vint_2020","GHG emissions - (MTCO2eq)","sum","CH4","comm others","pal_all","pal_all","NoRusGas_ModelOptimal","nonCO2 emissions by sector","Tg",2020,1.24456092824,0.04444860458,"sector","ghg","emissGHGBySectorBuildingsGWPAR5"
"NoRusGas_ModelOptimal","EU-15","EU-15","Sources",2020,"Year","Vint_2020","GHG emissions - (MTCO2eq)","sum","CH4","resid heating","pal_all","pal_all","NoRusGas_ModelOptimal","nonCO2 emissions by sector","Tg",2020,9.92869864,0.35459638,"sector","ghg","emissGHGBySectorBuildingsGWPAR5"
"NoRusGas_ModelOptimal","EU-15","EU-15","Sources",2020,"Year","Vint_2020","GHG emissions - (MTCO2eq)","sum","CH4","resid others","pal_all","pal_all","NoRusGas_ModelOptimal","nonCO2 emissions by sector","Tg",2020,3.19734016,0.11419072,"sector","ghg","emissGHGBySectorBuildingsGWPAR5"
"NoRusGas_ModelOptimal","EU-15","EU-15","Sources",2020,"Year","Vint_2020","GHG emissions - (MTCO2eq)","sum","HFCs","comm cooling","pal_all","pal_all","NoRusGas_ModelOptimal","nonCO2 emissions by sector","Gg",2020,47.24247985785,13.28902387,"sector","ghg","emissGHGBySectorBuildingsGWPAR5"
"NoRusGas_ModelOptimal","EU-15","EU-15","Sources",2020,"Year","Vint_2020","GHG emissions - (MTCO2eq)","sum","HFCs","resid cooling","pal_all","pal_all","NoRusGas_ModelOptimal","nonCO2 emissions by sector","Gg",2020,49.3152227856,13.87207392,"sector","ghg","emissGHGBySectorBuildingsGWPAR5"
"NoRusGas_ModelOptimal","EU-15","EU-15","Sources",2020,"Year","Vint_2020","GHG emissions - (MTCO2eq)","sum","N2O","comm heating","pal_all","pal_all","NoRusGas_ModelOptimal","nonCO2 emissions by sector","Tg",2020,0.14829705015,0.00055961151,"sector","ghg","emissGHGBySectorBuildingsGWPAR5"
"NoRusGas_ModelOptimal","EU-15","EU-15","Sources",2020,"Year","Vint_2020","GHG emissions - (MTCO2eq)","sum","N2O","comm others","pal_all","pal_all","NoRusGas_ModelOptimal","nonCO2 emissions by sector","Tg",2020,0.0940935182,0.00035506988,"sector","ghg","emissGHGBySectorBuildingsGWPAR5"
"NoRusGas_ModelOptimal","EU-15","EU-15","Sources",2020,"Year","Vint_2020","GHG emissions - (MTCO2eq)","sum","N2O","resid heating","pal_all","pal_all","NoRusGas_ModelOptimal","nonCO2 emissions by sector","Tg",2020,1.21892474,0.004599716,"sector","ghg","emissGHGBySectorBuildingsGWPAR5"
"NoRusGas_ModelOptimal","EU-15","EU-15","Sources",2020,"Year","Vint_2020","GHG emissions - (MTCO2eq)","sum","N2O","resid others","pal_all","pal_all","NoRusGas_ModelOptimal","nonCO2 emissions by sector","Tg",2020,0.29228387,0.001102958,"sector","ghg","emissGHGBySectorBuildingsGWPAR5"
"NoRusGas_ModelOptimal","EU-15","EU-15","Sources",2025,"Year","Vint_2025","GHG emissions - (MTCO2eq)","sum","CH4","comm cooling","pal_all","pal_all","NoRusGas_ModelOptimal","nonCO2 emissions by sector","Tg",2025,5.872356e-07,2.09727e-08,"sector","ghg","emissGHGBySectorBuildingsGWPAR5"
"NoRusGas_ModelOptimal","EU-15","EU-15","Sources",2025,"Year","Vint_2025","GHG emissions - (MTCO2eq)","sum","CH4","comm heating","pal_all","pal_all","NoRusGas_ModelOptimal","nonCO2 emissions by sector","Tg",2025,0.511515527376,0.018268411692,"sector","ghg","emissGHGBySectorBuildingsGWPAR5"
"NoRusGas_ModelOptimal","EU-15","EU-15","Sources",2025,"Year","Vint_2025","GHG emissions - (MTCO2eq)","sum","CH4","comm others","pal_all","pal_all","NoRusGas_ModelOptimal","nonCO2 emissions by sector","Tg",2025,0.438128525212,0.015647447329,"sector","ghg","emissGHGBySectorBuildingsGWPAR5"
"NoRusGas_ModelOptimal","EU-15","EU-15","Sources",2025,"Year","Vint_2025","GHG emissions - (MTCO2eq)","sum","CH4","resid heating","pal_all","pal_all","NoRusGas_ModelOptimal","nonCO2 emissions by sector","Tg",2025,13.45095808,0.48039136,"sector","ghg","emissGHGBySectorBuildingsGWPAR5"
"NoRusGas_ModelOptimal","EU-15","EU-15","Sources",2025,"Year","Vint_2025","GHG emissions - (MTCO2eq)","sum","CH4","resid others","pal_all","pal_all","NoRusGas_ModelOptimal","nonCO2 emissions by sector","Tg",2025,1.9136333328,0.0683440476,"sector","ghg","emissGHGBySectorBuildingsGWPAR5"
"NoRusGas_ModelOptimal","EU-15","EU-15","Sources",2025,"Year","Vint_2025","GHG emissions - (MTCO2eq)","sum","HFCs","comm cooling","pal_all","pal_all","NoRusGas_ModelOptimal","nonCO2 emissions by sector","Gg",2025,32.86207036575,9.24390165,"sector","ghg","emissGHGBySectorBuildingsGWPAR5"
"NoRusGas_ModelOptimal","EU-15","EU-15","Sources",2025,"Year","Vint_2025","GHG emissions - (MTCO2eq)","sum","HFCs","resid cooling","pal_all","pal_all","NoRusGas_ModelOptimal","nonCO2 emissions by sector","Gg",2025,34.0682442183,9.58319106,"sector","ghg","emissGHGBySectorBuildingsGWPAR5"
"NoRusGas_ModelOptimal","EU-15","EU-15","Sources",2025,"Year","Vint_2025","GHG emissions - (MTCO2eq)","sum","N2O","comm heating","pal_all","pal_all","NoRusGas_ModelOptimal","nonCO2 emissions by sector","Tg",2025,0.205513928635,0.000775524259,"sector","ghg","emissGHGBySectorBuildingsGWPAR5"
"NoRusGas_ModelOptimal","EU-15","EU-15","Sources",2025,"Year","Vint_2025","GHG emissions - (MTCO2eq)","sum","N2O","comm others","pal_all","pal_all","NoRusGas_ModelOptimal","nonCO2 emissions by sector","Tg",2025,0.064517374827,0.0002434617918,"sector","ghg","emissGHGBySectorBuildingsGWPAR5"
"NoRusGas_ModelOptimal","EU-15","EU-15","Sources",2025,"Year","Vint_2025","GHG emissions - (MTCO2eq)","sum","N2O","resid heating","pal_all","pal_all","NoRusGas_ModelOptimal","nonCO2 emissions by sector","Tg",2025,2.565856935,0.009682479,"sector","ghg","emissGHGBySectorBuildingsGWPAR5"
"NoRusGas_ModelOptimal","EU-15","EU-15","Sources",2025,"Year","Vint_2025","GHG emissions - (MTCO2eq)","sum","N2O","resid others","pal_all","pal_all","NoRusGas_ModelOptimal","nonCO2 emissions by sector","Tg",2025,0.2946489367,0.00111188278,"sector","ghg","emissGHGBySectorBuildingsGWPAR5"
"NoRusGas_ModelOptimal","EU-15","EU-15","Sources",2030,"Year","Vint_2030","GHG emissions - (MTCO2eq)","sum","CH4","comm cooling","pal_all","pal_all","NoRusGas_ModelOptimal","nonCO2 emissions by sector","Tg",2030,6.109712e-07,2.18204e-08,"sector","ghg","emissGHGBySectorBuildingsGWPAR5"
"NoRusGas_ModelOptimal","EU-15","EU-15","Sources",2030,"Year","Vint_2030","GHG emissions - (MTCO2eq)","sum","CH4","comm heating","pal_all","pal_all","NoRusGas_ModelOptimal","nonCO2 emissions by sector","Tg",2030,0.60419881396,0.02157852907,"sector","ghg","emissGHGBySectorBuildingsGWPAR5"
"NoRusGas_ModelOptimal","EU-15","EU-15","Sources",2030,"Year","Vint_2030","GHG emissions - (MTCO2eq)","sum","CH4","comm others","pal_all","pal_all","NoRusGas_ModelOptimal","nonCO2 emissions by sector","Tg",2030,0.5397818083,0.019277921725,"sector","ghg","emissGHGBySectorBuildingsGWPAR5"
"NoRusGas_ModelOptimal","EU-15","EU-15","Sources",2030,"Year","Vint_2030","GHG emissions - (MTCO2eq)","sum","CH4","resid heating","pal_all","pal_all","NoRusGas_ModelOptimal","nonCO2 emissions by sector","Tg",2030,13.51185276,0.48256617,"sector","ghg","emissGHGBySectorBuildingsGWPAR5"
"NoRusGas_ModelOptimal","EU-15","EU-15","Sources",2030,"Year","Vint_2030","GHG emissions - (MTCO2eq)","sum","CH4","resid others","pal_all","pal_all","NoRusGas_ModelOptimal","nonCO2 emissions by sector","Tg",2030,2.1877034816,0.0781322672,"sector","ghg","emissGHGBySectorBuildingsGWPAR5"
"NoRusGas_ModelOptimal","EU-15","EU-15","Sources",2030,"Year","Vint_2030","GHG emissions - (MTCO2eq)","sum","HFCs","comm cooling","pal_all","pal_all","NoRusGas_ModelOptimal","nonCO2 emissions by sector","Gg",2030,32.7203448516,9.20403512,"sector","ghg","emissGHGBySectorBuildingsGWPAR5"
"NoRusGas_ModelOptimal","EU-15","EU-15","Sources",2030,"Year","Vint_2030","GHG emissions - (MTCO2eq)","sum","HFCs","resid cooling","pal_all","pal_all","NoRusGas_ModelOptimal","nonCO2 emissions by sector","Gg",2030,33.60880778535,9.45395437,"sector","ghg","emissGHGBySectorBuildingsGWPAR5"
"NoRusGas_ModelOptimal","EU-15","EU-15","Sources",2030,"Year","Vint_2030","GHG emissions - (MTCO2eq)","sum","N2O","comm heating","pal_all","pal_all","NoRusGas_ModelOptimal","nonCO2 emissions by sector","Tg",2030,0.220520360825,0.000832152305,"sector","ghg","emissGHGBySectorBuildingsGWPAR5"
"NoRusGas_ModelOptimal","EU-15","EU-15","Sources",2030,"Year","Vint_2030","GHG emissions - (MTCO2eq)","sum","N2O","comm others","pal_all","pal_all","NoRusGas_ModelOptimal","nonCO2 emissions by sector","Tg",2030,0.069202603235,0.000261141899,"sector","ghg","emissGHGBySectorBuildingsGWPAR5"
"NoRusGas_ModelOptimal","EU-15","EU-15","Sources",2030,"Year","Vint_2030","GHG emissions - (MTCO2eq)","sum","N2O","resid heating","pal_all","pal_all","NoRusGas_ModelOptimal","nonCO2 emissions by sector","Tg",2030,2.512956045,0.009482853,"sector","ghg","emissGHGBySectorBuildingsGWPAR5"
"NoRusGas_ModelOptimal","EU-15","EU-15","Sources",2030,"Year","Vint_2030","GHG emissions - (MTCO2eq)","sum","N2O","resid others","pal_all","pal_all","NoRusGas_ModelOptimal","nonCO2 emissions by sector","Tg",2030,0.3186569297,0.00120247898,"sector","ghg","emissGHGBySectorBuildingsGWPAR5"
"NoRusGas_ModelOptimal2","EU-12","EU-12","Sources",1990,"Year","Vint_1990","GHG emissions - (MTCO2eq)","sum","CH4","comm heating","pal_all","pal_all","NoRusGas_ModelOptimal2","nonCO2 emissions by sector","Tg",1990,0.59534706,0.021262395,"sector","ghg","emissGHGBySectorBuildingsGWPAR5"
"NoRusGas_ModelOptimal2","EU-12","EU-12","Sources",1990,"Year","Vint_1990","GHG emissions - (MTCO2eq)","sum","CH4","comm others","pal_all","pal_all","NoRusGas_ModelOptimal2","nonCO2 emissions by sector","Tg",1990,0.4567129644,0.0163111773,"sector","ghg","emissGHGBySectorBuildingsGWPAR5"
"NoRusGas_ModelOptimal2","EU-12","EU-12","Sources",1990,"Year","Vint_1990","GHG emissions - (MTCO2eq)","sum","CH4","resid heating","pal_all","pal_all","NoRusGas_ModelOptimal2","nonCO2 emissions by sector","Tg",1990,4.775567202,0.1705559715,"sector","ghg","emissGHGBySectorBuildingsGWPAR5"
"NoRusGas_ModelOptimal2","EU-12","EU-12","Sources",1990,"Year","Vint_1990","GHG emissions - (MTCO2eq)","sum","CH4","resid others","pal_all","pal_all","NoRusGas_ModelOptimal2","nonCO2 emissions by sector","Tg",1990,2.8297369716,0.1010620347,"sector","ghg","emissGHGBySectorBuildingsGWPAR5"
"NoRusGas_ModelOptimal2","EU-12","EU-12","Sources",1990,"Year","Vint_1990","GHG emissions - (MTCO2eq)","sum","HFCs","comm cooling","pal_all","pal_all","NoRusGas_ModelOptimal2","nonCO2 emissions by sector","Gg",1990,0.0001413315135,3.97557e-05,"sector","ghg","emissGHGBySectorBuildingsGWPAR5"
"NoRusGas_ModelOptimal2","EU-12","EU-12","Sources",1990,"Year","Vint_1990","GHG emissions - (MTCO2eq)","sum","HFCs","resid cooling","pal_all","pal_all","NoRusGas_ModelOptimal2","nonCO2 emissions by sector","Gg",1990,0.000248276934,6.98388e-05,"sector","ghg","emissGHGBySectorBuildingsGWPAR5"
"NoRusGas_ModelOptimal2","EU-12","EU-12","Sources",1990,"Year","Vint_1990","GHG emissions - (MTCO2eq)","sum","N2O","comm heating","pal_all","pal_all","NoRusGas_ModelOptimal2","nonCO2 emissions by sector","Tg",1990,0.1062699502,0.00040101868,"sector","ghg","emissGHGBySectorBuildingsGWPAR5"
"NoRusGas_ModelOptimal2","EU-12","EU-12","Sources",1990,"Year","Vint_1990","GHG emissions - (MTCO2eq)","sum","N2O","comm others","pal_all","pal_all","NoRusGas_ModelOptimal2","nonCO2 emissions by sector","Tg",1990,0.0264304799,9.973766e-05,"sector","ghg","emissGHGBySectorBuildingsGWPAR5"
"NoRusGas_ModelOptimal2","EU-12","EU-12","Sources",1990,"Year","Vint_1990","GHG emissions - (MTCO2eq)","sum","N2O","resid heating","pal_all","pal_all","NoRusGas_ModelOptimal2","nonCO2 emissions by sector","Tg",1990,0.573271585,0.002163289,"sector","ghg","emissGHGBySectorBuildingsGWPAR5"
"NoRusGas_ModelOptimal2","EU-12","EU-12","Sources",1990,"Year","Vint_1990","GHG emissions - (MTCO2eq)","sum","N2O","resid others","pal_all","pal_all","NoRusGas_ModelOptimal2","nonCO2 emissions by sector","Tg",1990,0.081083057,0.0003059738,"sector","ghg","emissGHGBySectorBuildingsGWPAR5"
"NoRusGas_ModelOptimal2","EU-12","EU-12","Sources",2005,"Year","Vint_2005","GHG emissions - (MTCO2eq)","sum","CH4","comm heating","pal_all","pal_all","NoRusGas_ModelOptimal2","nonCO2 emissions by sector","Tg",2005,0.874789328,0.031242476,"sector","ghg","emissGHGBySectorBuildingsGWPAR5"
"NoRusGas_ModelOptimal2","EU-12","EU-12","Sources",2005,"Year","Vint_2005","GHG emissions - (MTCO2eq)","sum","CH4","comm others","pal_all","pal_all","NoRusGas_ModelOptimal2","nonCO2 emissions by sector","Tg",2005,0.725835362,0.0259226915,"sector","ghg","emissGHGBySectorBuildingsGWPAR5"
"NoRusGas_ModelOptimal2","EU-12","EU-12","Sources",2005,"Year","Vint_2005","GHG emissions - (MTCO2eq)","sum","CH4","resid heating","pal_all","pal_all","NoRusGas_ModelOptimal2","nonCO2 emissions by sector","Tg",2005,5.3198373928,0.1899941926,"sector","ghg","emissGHGBySectorBuildingsGWPAR5"
"NoRusGas_ModelOptimal2","EU-12","EU-12","Sources",2005,"Year","Vint_2005","GHG emissions - (MTCO2eq)","sum","CH4","resid others","pal_all","pal_all","NoRusGas_ModelOptimal2","nonCO2 emissions by sector","Tg",2005,3.393394088,0.121192646,"sector","ghg","emissGHGBySectorBuildingsGWPAR5"
"NoRusGas_ModelOptimal2","EU-12","EU-12","Sources",2005,"Year","Vint_2005","GHG emissions - (MTCO2eq)","sum","HFCs","comm cooling","pal_all","pal_all","NoRusGas_ModelOptimal2","nonCO2 emissions by sector","Gg",2005,3.71036061,1.043702,"sector","ghg","emissGHGBySectorBuildingsGWPAR5"
"NoRusGas_ModelOptimal2","EU-12","EU-12","Sources",2005,"Year","Vint_2005","GHG emissions - (MTCO2eq)","sum","HFCs","resid cooling","pal_all","pal_all","NoRusGas_ModelOptimal2","nonCO2 emissions by sector","Gg",2005,4.3980870915,1.2371553,"sector","ghg","emissGHGBySectorBuildingsGWPAR5"
"NoRusGas_ModelOptimal2","EU-12","EU-12","Sources",2005,"Year","Vint_2005","GHG emissions - (MTCO2eq)","sum","N2O","comm heating","pal_all","pal_all","NoRusGas_ModelOptimal2","nonCO2 emissions by sector","Tg",2005,0.0323336835,0.0001220139,"sector","ghg","emissGHGBySectorBuildingsGWPAR5"
"NoRusGas_ModelOptimal2","EU-12","EU-12","Sources",2005,"Year","Vint_2005","GHG emissions - (MTCO2eq)","sum","N2O","comm others","pal_all","pal_all","NoRusGas_ModelOptimal2","nonCO2 emissions by sector","Tg",2005,0.01186565855,4.477607e-05,"sector","ghg","emissGHGBySectorBuildingsGWPAR5"
"NoRusGas_ModelOptimal2","EU-12","EU-12","Sources",2005,"Year","Vint_2005","GHG emissions - (MTCO2eq)","sum","N2O","resid heating","pal_all","pal_all","NoRusGas_ModelOptimal2","nonCO2 emissions by sector","Tg",2005,0.5124757355,0.0019338707,"sector","ghg","emissGHGBySectorBuildingsGWPAR5"
"NoRusGas_ModelOptimal2","EU-12","EU-12","Sources",2005,"Year","Vint_2005","GHG emissions - (MTCO2eq)","sum","N2O","resid others","pal_all","pal_all","NoRusGas_ModelOptimal2","nonCO2 emissions by sector","Tg",2005,0.0760116195,0.0002868363,"sector","ghg","emissGHGBySectorBuildingsGWPAR5"
"NoRusGas_ModelOptimal2","EU-12","EU-12","Sources",2010,"Year","Vint_2010","GHG emissions - (MTCO2eq)","sum","CH4","comm heating","pal_all","pal_all","NoRusGas_ModelOptimal2","nonCO2 emissions by sector","Tg",2010,0.9045967308,0.0323070261,"sector","ghg","emissGHGBySectorBuildingsGWPAR5"
"NoRusGas_ModelOptimal2","EU-12","EU-12","Sources",2010,"Year","Vint_2010","GHG emissions - (MTCO2eq)","sum","CH4","comm others","pal_all","pal_all","NoRusGas_ModelOptimal2","nonCO2 emissions by sector","Tg",2010,0.7500652516,0.0267880447,"sector","ghg","emissGHGBySectorBuildingsGWPAR5"
"NoRusGas_ModelOptimal2","EU-12","EU-12","Sources",2010,"Year","Vint_2010","GHG emissions - (MTCO2eq)","sum","CH4","resid heating","pal_all","pal_all","NoRusGas_ModelOptimal2","nonCO2 emissions by sector","Tg",2010,5.8252315576,0.2080439842,"sector","ghg","emissGHGBySectorBuildingsGWPAR5"
"NoRusGas_ModelOptimal2","EU-12","EU-12","Sources",2010,"Year","Vint_2010","GHG emissions - (MTCO2eq)","sum","CH4","resid others","pal_all","pal_all","NoRusGas_ModelOptimal2","nonCO2 emissions by sector","Tg",2010,3.5144716544,0.1255168448,"sector","ghg","emissGHGBySectorBuildingsGWPAR5"
"NoRusGas_ModelOptimal2","EU-12","EU-12","Sources",2010,"Year","Vint_2010","GHG emissions - (MTCO2eq)","sum","HFCs","comm cooling","pal_all","pal_all","NoRusGas_ModelOptimal2","nonCO2 emissions by sector","Gg",2010,6.985374409125,1.964943575,"sector","ghg","emissGHGBySectorBuildingsGWPAR5"
"NoRusGas_ModelOptimal2","EU-12","EU-12","Sources",2010,"Year","Vint_2010","GHG emissions - (MTCO2eq)","sum","HFCs","resid cooling","pal_all","pal_all","NoRusGas_ModelOptimal2","nonCO2 emissions by sector","Gg",2010,7.27715258055,2.04701901,"sector","ghg","emissGHGBySectorBuildingsGWPAR5"
"NoRusGas_ModelOptimal2","EU-12","EU-12","Sources",2010,"Year","Vint_2010","GHG emissions - (MTCO2eq)","sum","N2O","comm heating","pal_all","pal_all","NoRusGas_ModelOptimal2","nonCO2 emissions by sector","Tg",2010,0.038696625,0.000146025,"sector","ghg","emissGHGBySectorBuildingsGWPAR5"
"NoRusGas_ModelOptimal2","EU-12","EU-12","Sources",2010,"Year","Vint_2010","GHG emissions - (MTCO2eq)","sum","N2O","comm others","pal_all","pal_all","NoRusGas_ModelOptimal2","nonCO2 emissions by sector","Tg",2010,0.0133352346,5.032164e-05,"sector","ghg","emissGHGBySectorBuildingsGWPAR5"
"NoRusGas_ModelOptimal2","EU-12","EU-12","Sources",2010,"Year","Vint_2010","GHG emissions - (MTCO2eq)","sum","N2O","resid heating","pal_all","pal_all","NoRusGas_ModelOptimal2","nonCO2 emissions by sector","Tg",2010,0.619130259,0.0023363406,"sector","ghg","emissGHGBySectorBuildingsGWPAR5"
"NoRusGas_ModelOptimal2","EU-12","EU-12","Sources",2010,"Year","Vint_2010","GHG emissions - (MTCO2eq)","sum","N2O","resid others","pal_all","pal_all","NoRusGas_ModelOptimal2","nonCO2 emissions by sector","Tg",2010,0.084393596,0.0003184664,"sector","ghg","emissGHGBySectorBuildingsGWPAR5"
"NoRusGas_ModelOptimal2","EU-12","EU-12","Sources",2015,"Year","Vint_2015","GHG emissions - (MTCO2eq)","sum","CH4","comm heating","pal_all","pal_all","NoRusGas_ModelOptimal2","nonCO2 emissions by sector","Tg",2015,0.7475560708,0.0266984311,"sector","ghg","emissGHGBySectorBuildingsGWPAR5"
"NoRusGas_ModelOptimal2","EU-12","EU-12","Sources",2015,"Year","Vint_2015","GHG emissions - (MTCO2eq)","sum","CH4","comm others","pal_all","pal_all","NoRusGas_ModelOptimal2","nonCO2 emissions by sector","Tg",2015,0.6197077488,0.0221324196,"sector","ghg","emissGHGBySectorBuildingsGWPAR5"
"NoRusGas_ModelOptimal2","EU-12","EU-12","Sources",2015,"Year","Vint_2015","GHG emissions - (MTCO2eq)","sum","CH4","resid heating","pal_all","pal_all","NoRusGas_ModelOptimal2","nonCO2 emissions by sector","Tg",2015,5.001185266,0.1786137595,"sector","ghg","emissGHGBySectorBuildingsGWPAR5"
"NoRusGas_ModelOptimal2","EU-12","EU-12","Sources",2015,"Year","Vint_2015","GHG emissions - (MTCO2eq)","sum","CH4","resid others","pal_all","pal_all","NoRusGas_ModelOptimal2","nonCO2 emissions by sector","Tg",2015,3.0403032156,0.1085822577,"sector","ghg","emissGHGBySectorBuildingsGWPAR5"
"NoRusGas_ModelOptimal2","EU-12","EU-12","Sources",2015,"Year","Vint_2015","GHG emissions - (MTCO2eq)","sum","HFCs","comm cooling","pal_all","pal_all","NoRusGas_ModelOptimal2","nonCO2 emissions by sector","Gg",2015,9.44097869655,2.65569021,"sector","ghg","emissGHGBySectorBuildingsGWPAR5"
"NoRusGas_ModelOptimal2","EU-12","EU-12","Sources",2015,"Year","Vint_2015","GHG emissions - (MTCO2eq)","sum","HFCs","resid cooling","pal_all","pal_all","NoRusGas_ModelOptimal2","nonCO2 emissions by sector","Gg",2015,9.8353477512,2.76662384,"sector","ghg","emissGHGBySectorBuildingsGWPAR5"
"NoRusGas_ModelOptimal2","EU-12","EU-12","Sources",2015,"Year","Vint_2015","GHG emissions - (MTCO2eq)","sum","N2O","comm heating","pal_all","pal_all","NoRusGas_ModelOptimal2","nonCO2 emissions by sector","Tg",2015,0.0320358712,0.00012089008,"sector","ghg","emissGHGBySectorBuildingsGWPAR5"
"NoRusGas_ModelOptimal2","EU-12","EU-12","Sources",2015,"Year","Vint_2015","GHG emissions - (MTCO2eq)","sum","N2O","comm others","pal_all","pal_all","NoRusGas_ModelOptimal2","nonCO2 emissions by sector","Tg",2015,0.01014688975,3.829015e-05,"sector","ghg","emissGHGBySectorBuildingsGWPAR5"
"NoRusGas_ModelOptimal2","EU-12","EU-12","Sources",2015,"Year","Vint_2015","GHG emissions - (MTCO2eq)","sum","N2O","resid heating","pal_all","pal_all","NoRusGas_ModelOptimal2","nonCO2 emissions by sector","Tg",2015,0.577266195,0.002178363,"sector","ghg","emissGHGBySectorBuildingsGWPAR5"
"NoRusGas_ModelOptimal2","EU-12","EU-12","Sources",2015,"Year","Vint_2015","GHG emissions - (MTCO2eq)","sum","N2O","resid others","pal_all","pal_all","NoRusGas_ModelOptimal2","nonCO2 emissions by sector","Tg",2015,0.0772517665,0.0002915161,"sector","ghg","emissGHGBySectorBuildingsGWPAR5"
"NoRusGas_ModelOptimal2","EU-12","EU-12","Sources",2020,"Year","Vint_2020","GHG emissions - (MTCO2eq)","sum","CH4","comm heating","pal_all","pal_all","NoRusGas_ModelOptimal2","nonCO2 emissions by sector","Tg",2020,0.9787420636,0.0349550737,"sector","ghg","emissGHGBySectorBuildingsGWPAR5"
"NoRusGas_ModelOptimal2","EU-12","EU-12","Sources",2020,"Year","Vint_2020","GHG emissions - (MTCO2eq)","sum","CH4","comm others","pal_all","pal_all","NoRusGas_ModelOptimal2","nonCO2 emissions by sector","Tg",2020,0.7988075956,0.0285288427,"sector","ghg","emissGHGBySectorBuildingsGWPAR5"
"NoRusGas_ModelOptimal2","EU-12","EU-12","Sources",2020,"Year","Vint_2020","GHG emissions - (MTCO2eq)","sum","CH4","resid heating","pal_all","pal_all","NoRusGas_ModelOptimal2","nonCO2 emissions by sector","Tg",2020,5.0568091336,0.1806003262,"sector","ghg","emissGHGBySectorBuildingsGWPAR5"
"NoRusGas_ModelOptimal2","EU-12","EU-12","Sources",2020,"Year","Vint_2020","GHG emissions - (MTCO2eq)","sum","CH4","resid others","pal_all","pal_all","NoRusGas_ModelOptimal2","nonCO2 emissions by sector","Tg",2020,3.3596391696,0.1199871132,"sector","ghg","emissGHGBySectorBuildingsGWPAR5"
"NoRusGas_ModelOptimal2","EU-12","EU-12","Sources",2020,"Year","Vint_2020","GHG emissions - (MTCO2eq)","sum","HFCs","comm cooling","pal_all","pal_all","NoRusGas_ModelOptimal2","nonCO2 emissions by sector","Gg",2020,10.91739543705,3.07099731,"sector","ghg","emissGHGBySectorBuildingsGWPAR5"
"NoRusGas_ModelOptimal2","EU-12","EU-12","Sources",2020,"Year","Vint_2020","GHG emissions - (MTCO2eq)","sum","HFCs","resid cooling","pal_all","pal_all","NoRusGas_ModelOptimal2","nonCO2 emissions by sector","Gg",2020,10.5982722945,2.9812299,"sector","ghg","emissGHGBySectorBuildingsGWPAR5"
"NoRusGas_ModelOptimal2","EU-12","EU-12","Sources",2020,"Year","Vint_2020","GHG emissions - (MTCO2eq)","sum","N2O","comm heating","pal_all","pal_all","NoRusGas_ModelOptimal2","nonCO2 emissions by sector","Tg",2020,0.0345982145,0.0001305593,"sector","ghg","emissGHGBySectorBuildingsGWPAR5"
"NoRusGas_ModelOptimal2","EU-12","EU-12","Sources",2020,"Year","Vint_2020","GHG emissions - (MTCO2eq)","sum","N2O","comm others","pal_all","pal_all","NoRusGas_ModelOptimal2","nonCO2 emissions by sector","Tg",2020,0.01121975285,4.233869e-05,"sector","ghg","emissGHGBySectorBuildingsGWPAR5"
"NoRusGas_ModelOptimal2","EU-12","EU-12","Sources",2020,"Year","Vint_2020","GHG emissions - (MTCO2eq)","sum","N2O","resid heating","pal_all","pal_all","NoRusGas_ModelOptimal2","nonCO2 emissions by sector","Tg",2020,0.5357190445,0.0020215813,"sector","ghg","emissGHGBySectorBuildingsGWPAR5"
"NoRusGas_ModelOptimal2","EU-12","EU-12","Sources",2020,"Year","Vint_2020","GHG emissions - (MTCO2eq)","sum","N2O","resid others","pal_all","pal_all","NoRusGas_ModelOptimal2","nonCO2 emissions by sector","Tg",2020,0.0706777525,0.0002667085,"sector","ghg","emissGHGBySectorBuildingsGWPAR5"
"NoRusGas_ModelOptimal2","EU-12","EU-12","Sources",2025,"Year","Vint_2025","GHG emissions - (MTCO2eq)","sum","CH4","comm heating","pal_all","pal_all","NoRusGas_ModelOptimal2","nonCO2 emissions by sector","Tg",2025,0.80124759848,0.02861598566,"sector","ghg","emissGHGBySectorBuildingsGWPAR5"
"NoRusGas_ModelOptimal2","EU-12","EU-12","Sources",2025,"Year","Vint_2025","GHG emissions - (MTCO2eq)","sum","CH4","comm others","pal_all","pal_all","NoRusGas_ModelOptimal2","nonCO2 emissions by sector","Tg",2025,0.343731360588,0.012276120021,"sector","ghg","emissGHGBySectorBuildingsGWPAR5"
"NoRusGas_ModelOptimal2","EU-12","EU-12","Sources",2025,"Year","Vint_2025","GHG emissions - (MTCO2eq)","sum","CH4","resid heating","pal_all","pal_all","NoRusGas_ModelOptimal2","nonCO2 emissions by sector","Tg",2025,6.830037186,0.2439298995,"sector","ghg","emissGHGBySectorBuildingsGWPAR5"
"NoRusGas_ModelOptimal2","EU-12","EU-12","Sources",2025,"Year","Vint_2025","GHG emissions - (MTCO2eq)","sum","CH4","resid others","pal_all","pal_all","NoRusGas_ModelOptimal2","nonCO2 emissions by sector","Tg",2025,1.690551478,0.0603768385,"sector","ghg","emissGHGBySectorBuildingsGWPAR5"
"NoRusGas_ModelOptimal2","EU-12","EU-12","Sources",2025,"Year","Vint_2025","GHG emissions - (MTCO2eq)","sum","HFCs","comm cooling","pal_all","pal_all","NoRusGas_ModelOptimal2","nonCO2 emissions by sector","Gg",2025,8.156553168735,2.294389077,"sector","ghg","emissGHGBySectorBuildingsGWPAR5"
"NoRusGas_ModelOptimal2","EU-12","EU-12","Sources",2025,"Year","Vint_2025","GHG emissions - (MTCO2eq)","sum","HFCs","resid cooling","pal_all","pal_all","NoRusGas_ModelOptimal2","nonCO2 emissions by sector","Gg",2025,7.175215724895,2.018344789,"sector","ghg","emissGHGBySectorBuildingsGWPAR5"
"NoRusGas_ModelOptimal2","EU-12","EU-12","Sources",2025,"Year","Vint_2025","GHG emissions - (MTCO2eq)","sum","N2O","comm heating","pal_all","pal_all","NoRusGas_ModelOptimal2","nonCO2 emissions by sector","Tg",2025,0.05113985105,0.00019298057,"sector","ghg","emissGHGBySectorBuildingsGWPAR5"
"NoRusGas_ModelOptimal2","EU-12","EU-12","Sources",2025,"Year","Vint_2025","GHG emissions - (MTCO2eq)","sum","N2O","comm others","pal_all","pal_all","NoRusGas_ModelOptimal2","nonCO2 emissions by sector","Tg",2025,0.00669509992,2.5264528e-05,"sector","ghg","emissGHGBySectorBuildingsGWPAR5"
"NoRusGas_ModelOptimal2","EU-12","EU-12","Sources",2025,"Year","Vint_2025","GHG emissions - (MTCO2eq)","sum","N2O","resid heating","pal_all","pal_all","NoRusGas_ModelOptimal2","nonCO2 emissions by sector","Tg",2025,0.84586256565,0.00319193421,"sector","ghg","emissGHGBySectorBuildingsGWPAR5"
"NoRusGas_ModelOptimal2","EU-12","EU-12","Sources",2025,"Year","Vint_2025","GHG emissions - (MTCO2eq)","sum","N2O","resid others","pal_all","pal_all","NoRusGas_ModelOptimal2","nonCO2 emissions by sector","Tg",2025,0.062340974665,0.000235248961,"sector","ghg","emissGHGBySectorBuildingsGWPAR5"
"NoRusGas_ModelOptimal2","EU-12","EU-12","Sources",2030,"Year","Vint_2030","GHG emissions - (MTCO2eq)","sum","CH4","comm heating","pal_all","pal_all","NoRusGas_ModelOptimal2","nonCO2 emissions by sector","Tg",2030,0.94450291292,0.03373224689,"sector","ghg","emissGHGBySectorBuildingsGWPAR5"
"NoRusGas_ModelOptimal2","EU-12","EU-12","Sources",2030,"Year","Vint_2030","GHG emissions - (MTCO2eq)","sum","CH4","comm others","pal_all","pal_all","NoRusGas_ModelOptimal2","nonCO2 emissions by sector","Tg",2030,0.44469501328,0.01588196476,"sector","ghg","emissGHGBySectorBuildingsGWPAR5"
"NoRusGas_ModelOptimal2","EU-12","EU-12","Sources",2030,"Year","Vint_2030","GHG emissions - (MTCO2eq)","sum","CH4","resid heating","pal_all","pal_all","NoRusGas_ModelOptimal2","nonCO2 emissions by sector","Tg",2030,6.9093302152,0.2467617934,"sector","ghg","emissGHGBySectorBuildingsGWPAR5"
"NoRusGas_ModelOptimal2","EU-12","EU-12","Sources",2030,"Year","Vint_2030","GHG emissions - (MTCO2eq)","sum","CH4","resid others","pal_all","pal_all","NoRusGas_ModelOptimal2","nonCO2 emissions by sector","Tg",2030,1.9543393856,0.0697978352,"sector","ghg","emissGHGBySectorBuildingsGWPAR5"
"NoRusGas_ModelOptimal2","EU-12","EU-12","Sources",2030,"Year","Vint_2030","GHG emissions - (MTCO2eq)","sum","HFCs","comm cooling","pal_all","pal_all","NoRusGas_ModelOptimal2","nonCO2 emissions by sector","Gg",2030,8.58876124167,2.415966594,"sector","ghg","emissGHGBySectorBuildingsGWPAR5"
"NoRusGas_ModelOptimal2","EU-12","EU-12","Sources",2030,"Year","Vint_2030","GHG emissions - (MTCO2eq)","sum","HFCs","resid cooling","pal_all","pal_all","NoRusGas_ModelOptimal2","nonCO2 emissions by sector","Gg",2030,7.324643132325,2.060377815,"sector","ghg","emissGHGBySectorBuildingsGWPAR5"
"NoRusGas_ModelOptimal2","EU-12","EU-12","Sources",2030,"Year","Vint_2030","GHG emissions - (MTCO2eq)","sum","N2O","comm heating","pal_all","pal_all","NoRusGas_ModelOptimal2","nonCO2 emissions by sector","Tg",2030,0.0541247872,0.00020424448,"sector","ghg","emissGHGBySectorBuildingsGWPAR5"
"NoRusGas_ModelOptimal2","EU-12","EU-12","Sources",2030,"Year","Vint_2030","GHG emissions - (MTCO2eq)","sum","N2O","comm others","pal_all","pal_all","NoRusGas_ModelOptimal2","nonCO2 emissions by sector","Tg",2030,0.0075722796,2.857464e-05,"sector","ghg","emissGHGBySectorBuildingsGWPAR5"
"NoRusGas_ModelOptimal2","EU-12","EU-12","Sources",2030,"Year","Vint_2030","GHG emissions - (MTCO2eq)","sum","N2O","resid heating","pal_all","pal_all","NoRusGas_ModelOptimal2","nonCO2 emissions by sector","Tg",2030,0.8369924035,0.0031584619,"sector","ghg","emissGHGBySectorBuildingsGWPAR5"
"NoRusGas_ModelOptimal2","EU-12","EU-12","Sources",2030,"Year","Vint_2030","GHG emissions - (MTCO2eq)","sum","N2O","resid others","pal_all","pal_all","NoRusGas_ModelOptimal2","nonCO2 emissions by sector","Tg",2030,0.06548662245,0.00024711933,"sector","ghg","emissGHGBySectorBuildingsGWPAR5"
"NoRusGas_ModelOptimal2","EU-15","EU-15","Sources",1990,"Year","Vint_1990","GHG emissions - (MTCO2eq)","sum","CH4","comm cooling","pal_all","pal_all","NoRusGas_ModelOptimal2","nonCO2 emissions by sector","Tg",1990,9.358272e-07,3.34224e-08,"sector","ghg","emissGHGBySectorBuildingsGWPAR5"
"NoRusGas_ModelOptimal2","EU-15","EU-15","Sources",1990,"Year","Vint_1990","GHG emissions - (MTCO2eq)","sum","CH4","comm heating","pal_all","pal_all","NoRusGas_ModelOptimal2","nonCO2 emissions by sector","Tg",1990,0.90539974,0.032335705,"sector","ghg","emissGHGBySectorBuildingsGWPAR5"
"NoRusGas_ModelOptimal2","EU-15","EU-15","Sources",1990,"Year","Vint_1990","GHG emissions - (MTCO2eq)","sum","CH4","comm others","pal_all","pal_all","NoRusGas_ModelOptimal2","nonCO2 emissions by sector","Tg",1990,0.9543154852,0.0340826959,"sector","ghg","emissGHGBySectorBuildingsGWPAR5"
"NoRusGas_ModelOptimal2","EU-15","EU-15","Sources",1990,"Year","Vint_1990","GHG emissions - (MTCO2eq)","sum","CH4","resid heating","pal_all","pal_all","NoRusGas_ModelOptimal2","nonCO2 emissions by sector","Tg",1990,13.2211212,0.4721829,"sector","ghg","emissGHGBySectorBuildingsGWPAR5"
"NoRusGas_ModelOptimal2","EU-15","EU-15","Sources",1990,"Year","Vint_1990","GHG emissions - (MTCO2eq)","sum","CH4","resid others","pal_all","pal_all","NoRusGas_ModelOptimal2","nonCO2 emissions by sector","Tg",1990,4.29458792,0.15337814,"sector","ghg","emissGHGBySectorBuildingsGWPAR5"
"NoRusGas_ModelOptimal2","EU-15","EU-15","Sources",1990,"Year","Vint_1990","GHG emissions - (MTCO2eq)","sum","HFCs","comm cooling","pal_all","pal_all","NoRusGas_ModelOptimal2","nonCO2 emissions by sector","Gg",1990,0.00634613715,0.00178513,"sector","ghg","emissGHGBySectorBuildingsGWPAR5"
"NoRusGas_ModelOptimal2","EU-15","EU-15","Sources",1990,"Year","Vint_1990","GHG emissions - (MTCO2eq)","sum","HFCs","resid cooling","pal_all","pal_all","NoRusGas_ModelOptimal2","nonCO2 emissions by sector","Gg",1990,0.00925803765,0.00260423,"sector","ghg","emissGHGBySectorBuildingsGWPAR5"
"NoRusGas_ModelOptimal2","EU-15","EU-15","Sources",1990,"Year","Vint_1990","GHG emissions - (MTCO2eq)","sum","N2O","comm heating","pal_all","pal_all","NoRusGas_ModelOptimal2","nonCO2 emissions by sector","Tg",1990,0.2139506915,0.0008073611,"sector","ghg","emissGHGBySectorBuildingsGWPAR5"
"NoRusGas_ModelOptimal2","EU-15","EU-15","Sources",1990,"Year","Vint_1990","GHG emissions - (MTCO2eq)","sum","N2O","comm others","pal_all","pal_all","NoRusGas_ModelOptimal2","nonCO2 emissions by sector","Tg",1990,0.12139092705,0.00045807897,"sector","ghg","emissGHGBySectorBuildingsGWPAR5"
"NoRusGas_ModelOptimal2","EU-15","EU-15","Sources",1990,"Year","Vint_1990","GHG emissions - (MTCO2eq)","sum","N2O","resid heating","pal_all","pal_all","NoRusGas_ModelOptimal2","nonCO2 emissions by sector","Tg",1990,1.026906535,0.003875119,"sector","ghg","emissGHGBySectorBuildingsGWPAR5"
"NoRusGas_ModelOptimal2","EU-15","EU-15","Sources",1990,"Year","Vint_1990","GHG emissions - (MTCO2eq)","sum","N2O","resid others","pal_all","pal_all","NoRusGas_ModelOptimal2","nonCO2 emissions by sector","Tg",1990,0.5108872725,0.0019278765,"sector","ghg","emissGHGBySectorBuildingsGWPAR5"
"NoRusGas_ModelOptimal2","EU-15","EU-15","Sources",2005,"Year","Vint_2005","GHG emissions - (MTCO2eq)","sum","CH4","comm cooling","pal_all","pal_all","NoRusGas_ModelOptimal2","nonCO2 emissions by sector","Tg",2005,1.4845796e-06,5.30207e-08,"sector","ghg","emissGHGBySectorBuildingsGWPAR5"
"NoRusGas_ModelOptimal2","EU-15","EU-15","Sources",2005,"Year","Vint_2005","GHG emissions - (MTCO2eq)","sum","CH4","comm heating","pal_all","pal_all","NoRusGas_ModelOptimal2","nonCO2 emissions by sector","Tg",2005,1.3069149044,0.0466755323,"sector","ghg","emissGHGBySectorBuildingsGWPAR5"
"NoRusGas_ModelOptimal2","EU-15","EU-15","Sources",2005,"Year","Vint_2005","GHG emissions - (MTCO2eq)","sum","CH4","comm others","pal_all","pal_all","NoRusGas_ModelOptimal2","nonCO2 emissions by sector","Tg",2005,1.45719570388,0.05204270371,"sector","ghg","emissGHGBySectorBuildingsGWPAR5"
"NoRusGas_ModelOptimal2","EU-15","EU-15","Sources",2005,"Year","Vint_2005","GHG emissions - (MTCO2eq)","sum","CH4","resid heating","pal_all","pal_all","NoRusGas_ModelOptimal2","nonCO2 emissions by sector","Tg",2005,14.02299864,0.50082138,"sector","ghg","emissGHGBySectorBuildingsGWPAR5"
"NoRusGas_ModelOptimal2","EU-15","EU-15","Sources",2005,"Year","Vint_2005","GHG emissions - (MTCO2eq)","sum","CH4","resid others","pal_all","pal_all","NoRusGas_ModelOptimal2","nonCO2 emissions by sector","Tg",2005,4.77278816,0.17045672,"sector","ghg","emissGHGBySectorBuildingsGWPAR5"
"NoRusGas_ModelOptimal2","EU-15","EU-15","Sources",2005,"Year","Vint_2005","GHG emissions - (MTCO2eq)","sum","HFCs","comm cooling","pal_all","pal_all","NoRusGas_ModelOptimal2","nonCO2 emissions by sector","Gg",2005,35.2164460815,9.9061733,"sector","ghg","emissGHGBySectorBuildingsGWPAR5"
"NoRusGas_ModelOptimal2","EU-15","EU-15","Sources",2005,"Year","Vint_2005","GHG emissions - (MTCO2eq)","sum","HFCs","resid cooling","pal_all","pal_all","NoRusGas_ModelOptimal2","nonCO2 emissions by sector","Gg",2005,40.2945751665,11.3346203,"sector","ghg","emissGHGBySectorBuildingsGWPAR5"
"NoRusGas_ModelOptimal2","EU-15","EU-15","Sources",2005,"Year","Vint_2005","GHG emissions - (MTCO2eq)","sum","N2O","comm heating","pal_all","pal_all","NoRusGas_ModelOptimal2","nonCO2 emissions by sector","Tg",2005,0.121062918,0.0004568412,"sector","ghg","emissGHGBySectorBuildingsGWPAR5"
"NoRusGas_ModelOptimal2","EU-15","EU-15","Sources",2005,"Year","Vint_2005","GHG emissions - (MTCO2eq)","sum","N2O","comm others","pal_all","pal_all","NoRusGas_ModelOptimal2","nonCO2 emissions by sector","Tg",2005,0.11144471385,0.00042054609,"sector","ghg","emissGHGBySectorBuildingsGWPAR5"
"NoRusGas_ModelOptimal2","EU-15","EU-15","Sources",2005,"Year","Vint_2005","GHG emissions - (MTCO2eq)","sum","N2O","resid heating","pal_all","pal_all","NoRusGas_ModelOptimal2","nonCO2 emissions by sector","Tg",2005,1.20924005,0.00456317,"sector","ghg","emissGHGBySectorBuildingsGWPAR5"
"NoRusGas_ModelOptimal2","EU-15","EU-15","Sources",2005,"Year","Vint_2005","GHG emissions - (MTCO2eq)","sum","N2O","resid others","pal_all","pal_all","NoRusGas_ModelOptimal2","nonCO2 emissions by sector","Tg",2005,0.33190773,0.001252482,"sector","ghg","emissGHGBySectorBuildingsGWPAR5"
"NoRusGas_ModelOptimal2","EU-15","EU-15","Sources",2010,"Year","Vint_2010","GHG emissions - (MTCO2eq)","sum","CH4","comm cooling","pal_all","pal_all","NoRusGas_ModelOptimal2","nonCO2 emissions by sector","Tg",2010,1.4337344e-06,5.12048e-08,"sector","ghg","emissGHGBySectorBuildingsGWPAR5"
"NoRusGas_ModelOptimal2","EU-15","EU-15","Sources",2010,"Year","Vint_2010","GHG emissions - (MTCO2eq)","sum","CH4","comm heating","pal_all","pal_all","NoRusGas_ModelOptimal2","nonCO2 emissions by sector","Tg",2010,1.2519667076,0.0447130967,"sector","ghg","emissGHGBySectorBuildingsGWPAR5"
"NoRusGas_ModelOptimal2","EU-15","EU-15","Sources",2010,"Year","Vint_2010","GHG emissions - (MTCO2eq)","sum","CH4","comm others","pal_all","pal_all","NoRusGas_ModelOptimal2","nonCO2 emissions by sector","Tg",2010,1.39614863668,0.04986245131,"sector","ghg","emissGHGBySectorBuildingsGWPAR5"
"NoRusGas_ModelOptimal2","EU-15","EU-15","Sources",2010,"Year","Vint_2010","GHG emissions - (MTCO2eq)","sum","CH4","resid heating","pal_all","pal_all","NoRusGas_ModelOptimal2","nonCO2 emissions by sector","Tg",2010,13.399876,0.478567,"sector","ghg","emissGHGBySectorBuildingsGWPAR5"
"NoRusGas_ModelOptimal2","EU-15","EU-15","Sources",2010,"Year","Vint_2010","GHG emissions - (MTCO2eq)","sum","CH4","resid others","pal_all","pal_all","NoRusGas_ModelOptimal2","nonCO2 emissions by sector","Tg",2010,4.391607332,0.156843119,"sector","ghg","emissGHGBySectorBuildingsGWPAR5"
"NoRusGas_ModelOptimal2","EU-15","EU-15","Sources",2010,"Year","Vint_2010","GHG emissions - (MTCO2eq)","sum","HFCs","comm cooling","pal_all","pal_all","NoRusGas_ModelOptimal2","nonCO2 emissions by sector","Gg",2010,48.180115125,13.552775,"sector","ghg","emissGHGBySectorBuildingsGWPAR5"
"NoRusGas_ModelOptimal2","EU-15","EU-15","Sources",2010,"Year","Vint_2010","GHG emissions - (MTCO2eq)","sum","HFCs","resid cooling","pal_all","pal_all","NoRusGas_ModelOptimal2","nonCO2 emissions by sector","Gg",2010,51.009788475,14.348745,"sector","ghg","emissGHGBySectorBuildingsGWPAR5"
"NoRusGas_ModelOptimal2","EU-15","EU-15","Sources",2010,"Year","Vint_2010","GHG emissions - (MTCO2eq)","sum","N2O","comm heating","pal_all","pal_all","NoRusGas_ModelOptimal2","nonCO2 emissions by sector","Tg",2010,0.1151708815,0.0004346071,"sector","ghg","emissGHGBySectorBuildingsGWPAR5"
"NoRusGas_ModelOptimal2","EU-15","EU-15","Sources",2010,"Year","Vint_2010","GHG emissions - (MTCO2eq)","sum","N2O","comm others","pal_all","pal_all","NoRusGas_ModelOptimal2","nonCO2 emissions by sector","Tg",2010,0.09928139935,0.00037464679,"sector","ghg","emissGHGBySectorBuildingsGWPAR5"
"NoRusGas_ModelOptimal2","EU-15","EU-15","Sources",2010,"Year","Vint_2010","GHG emissions - (MTCO2eq)","sum","N2O","resid heating","pal_all","pal_all","NoRusGas_ModelOptimal2","nonCO2 emissions by sector","Tg",2010,1.432673475,0.005406315,"sector","ghg","emissGHGBySectorBuildingsGWPAR5"
"NoRusGas_ModelOptimal2","EU-15","EU-15","Sources",2010,"Year","Vint_2010","GHG emissions - (MTCO2eq)","sum","N2O","resid others","pal_all","pal_all","NoRusGas_ModelOptimal2","nonCO2 emissions by sector","Tg",2010,0.363639625,0.001372225,"sector","ghg","emissGHGBySectorBuildingsGWPAR5"
"NoRusGas_ModelOptimal2","EU-15","EU-15","Sources",2015,"Year","Vint_2015","GHG emissions - (MTCO2eq)","sum","CH4","comm cooling","pal_all","pal_all","NoRusGas_ModelOptimal2","nonCO2 emissions by sector","Tg",2015,1.1746084e-06,4.19503e-08,"sector","ghg","emissGHGBySectorBuildingsGWPAR5"
"NoRusGas_ModelOptimal2","EU-15","EU-15","Sources",2015,"Year","Vint_2015","GHG emissions - (MTCO2eq)","sum","CH4","comm heating","pal_all","pal_all","NoRusGas_ModelOptimal2","nonCO2 emissions by sector","Tg",2015,1.0416290612,0.0372010379,"sector","ghg","emissGHGBySectorBuildingsGWPAR5"
"NoRusGas_ModelOptimal2","EU-15","EU-15","Sources",2015,"Year","Vint_2015","GHG emissions - (MTCO2eq)","sum","CH4","comm others","pal_all","pal_all","NoRusGas_ModelOptimal2","nonCO2 emissions by sector","Tg",2015,1.14788355472,0.04099584124,"sector","ghg","emissGHGBySectorBuildingsGWPAR5"
"NoRusGas_ModelOptimal2","EU-15","EU-15","Sources",2015,"Year","Vint_2015","GHG emissions - (MTCO2eq)","sum","CH4","resid heating","pal_all","pal_all","NoRusGas_ModelOptimal2","nonCO2 emissions by sector","Tg",2015,10.18740436,0.36383587,"sector","ghg","emissGHGBySectorBuildingsGWPAR5"
"NoRusGas_ModelOptimal2","EU-15","EU-15","Sources",2015,"Year","Vint_2015","GHG emissions - (MTCO2eq)","sum","CH4","resid others","pal_all","pal_all","NoRusGas_ModelOptimal2","nonCO2 emissions by sector","Tg",2015,3.15784672,0.11278024,"sector","ghg","emissGHGBySectorBuildingsGWPAR5"
"NoRusGas_ModelOptimal2","EU-15","EU-15","Sources",2015,"Year","Vint_2015","GHG emissions - (MTCO2eq)","sum","HFCs","comm cooling","pal_all","pal_all","NoRusGas_ModelOptimal2","nonCO2 emissions by sector","Gg",2015,46.61355816,13.112112,"sector","ghg","emissGHGBySectorBuildingsGWPAR5"
"NoRusGas_ModelOptimal2","EU-15","EU-15","Sources",2015,"Year","Vint_2015","GHG emissions - (MTCO2eq)","sum","HFCs","resid cooling","pal_all","pal_all","NoRusGas_ModelOptimal2","nonCO2 emissions by sector","Gg",2015,49.351203225,13.882195,"sector","ghg","emissGHGBySectorBuildingsGWPAR5"
"NoRusGas_ModelOptimal2","EU-15","EU-15","Sources",2015,"Year","Vint_2015","GHG emissions - (MTCO2eq)","sum","N2O","comm heating","pal_all","pal_all","NoRusGas_ModelOptimal2","nonCO2 emissions by sector","Tg",2015,0.15262726675,0.00057595195,"sector","ghg","emissGHGBySectorBuildingsGWPAR5"
"NoRusGas_ModelOptimal2","EU-15","EU-15","Sources",2015,"Year","Vint_2015","GHG emissions - (MTCO2eq)","sum","N2O","comm others","pal_all","pal_all","NoRusGas_ModelOptimal2","nonCO2 emissions by sector","Tg",2015,0.09821262785,0.00037061369,"sector","ghg","emissGHGBySectorBuildingsGWPAR5"
"NoRusGas_ModelOptimal2","EU-15","EU-15","Sources",2015,"Year","Vint_2015","GHG emissions - (MTCO2eq)","sum","N2O","resid heating","pal_all","pal_all","NoRusGas_ModelOptimal2","nonCO2 emissions by sector","Tg",2015,1.327801315,0.005010571,"sector","ghg","emissGHGBySectorBuildingsGWPAR5"
"NoRusGas_ModelOptimal2","EU-15","EU-15","Sources",2015,"Year","Vint_2015","GHG emissions - (MTCO2eq)","sum","N2O","resid others","pal_all","pal_all","NoRusGas_ModelOptimal2","nonCO2 emissions by sector","Tg",2015,0.316718036,0.0011951624,"sector","ghg","emissGHGBySectorBuildingsGWPAR5"
"NoRusGas_ModelOptimal2","EU-15","EU-15","Sources",2020,"Year","Vint_2020","GHG emissions - (MTCO2eq)","sum","CH4","comm cooling","pal_all","pal_all","NoRusGas_ModelOptimal2","nonCO2 emissions by sector","Tg",2020,1.011766e-06,3.61345e-08,"sector","ghg","emissGHGBySectorBuildingsGWPAR5"
"NoRusGas_ModelOptimal2","EU-15","EU-15","Sources",2020,"Year","Vint_2020","GHG emissions - (MTCO2eq)","sum","CH4","comm heating","pal_all","pal_all","NoRusGas_ModelOptimal2","nonCO2 emissions by sector","Tg",2020,1.1215890392,0.0400567514,"sector","ghg","emissGHGBySectorBuildingsGWPAR5"
"NoRusGas_ModelOptimal2","EU-15","EU-15","Sources",2020,"Year","Vint_2020","GHG emissions - (MTCO2eq)","sum","CH4","comm others","pal_all","pal_all","NoRusGas_ModelOptimal2","nonCO2 emissions by sector","Tg",2020,1.24456092824,0.04444860458,"sector","ghg","emissGHGBySectorBuildingsGWPAR5"
"NoRusGas_ModelOptimal2","EU-15","EU-15","Sources",2020,"Year","Vint_2020","GHG emissions - (MTCO2eq)","sum","CH4","resid heating","pal_all","pal_all","NoRusGas_ModelOptimal2","nonCO2 emissions by sector","Tg",2020,9.92869864,0.35459638,"sector","ghg","emissGHGBySectorBuildingsGWPAR5"
"NoRusGas_ModelOptimal2","EU-15","EU-15","Sources",2020,"Year","Vint_2020","GHG emissions - (MTCO2eq)","sum","CH4","resid others","pal_all","pal_all","NoRusGas_ModelOptimal2","nonCO2 emissions by sector","Tg",2020,3.19734016,0.11419072,"sector","ghg","emissGHGBySectorBuildingsGWPAR5"
"NoRusGas_ModelOptimal2","EU-15","EU-15","Sources",2020,"Year","Vint_2020","GHG emissions - (MTCO2eq)","sum","HFCs","comm cooling","pal_all","pal_all","NoRusGas_ModelOptimal2","nonCO2 emissions by sector","Gg",2020,47.24247985785,13.28902387,"sector","ghg","emissGHGBySectorBuildingsGWPAR5"
"NoRusGas_ModelOptimal2","EU-15","EU-15","Sources",2020,"Year","Vint_2020","GHG emissions - (MTCO2eq)","sum","HFCs","resid cooling","pal_all","pal_all","NoRusGas_ModelOptimal2","nonCO2 emissions by sector","Gg",2020,49.3152227856,13.87207392,"sector","ghg","emissGHGBySectorBuildingsGWPAR5"
"NoRusGas_ModelOptimal2","EU-15","EU-15","Sources",2020,"Year","Vint_2020","GHG emissions - (MTCO2eq)","sum","N2O","comm heating","pal_all","pal_all","NoRusGas_ModelOptimal2","nonCO2 emissions by sector","Tg",2020,0.14829705015,0.00055961151,"sector","ghg","emissGHGBySectorBuildingsGWPAR5"
"NoRusGas_ModelOptimal2","EU-15","EU-15","Sources",2020,"Year","Vint_2020","GHG emissions - (MTCO2eq)","sum","N2O","comm others","pal_all","pal_all","NoRusGas_ModelOptimal2","nonCO2 emissions by sector","Tg",2020,0.0940935182,0.00035506988,"sector","ghg","emissGHGBySectorBuildingsGWPAR5"
"NoRusGas_ModelOptimal2","EU-15","EU-15","Sources",2020,"Year","Vint_2020","GHG emissions - (MTCO2eq)","sum","N2O","resid heating","pal_all","pal_all","NoRusGas_ModelOptimal2","nonCO2 emissions by sector","Tg",2020,1.21892474,0.004599716,"sector","ghg","emissGHGBySectorBuildingsGWPAR5"
"NoRusGas_ModelOptimal2","EU-15","EU-15","Sources",2020,"Year","Vint_2020","GHG emissions - (MTCO2eq)","sum","N2O","resid others","pal_all","pal_all","NoRusGas_ModelOptimal2","nonCO2 emissions by sector","Tg",2020,0.29228387,0.001102958,"sector","ghg","emissGHGBySectorBuildingsGWPAR5"
"NoRusGas_ModelOptimal2","EU-15","EU-15","Sources",2025,"Year","Vint_2025","GHG emissions - (MTCO2eq)","sum","CH4","comm cooling","pal_all","pal_all","NoRusGas_ModelOptimal2","nonCO2 emissions by sector","Tg",2025,5.872356e-07,2.09727e-08,"sector","ghg","emissGHGBySectorBuildingsGWPAR5"
"NoRusGas_ModelOptimal2","EU-15","EU-15","Sources",2025,"Year","Vint_2025","GHG emissions - (MTCO2eq)","sum","CH4","comm heating","pal_all","pal_all","NoRusGas_ModelOptimal2","nonCO2 emissions by sector","Tg",2025,0.511515527376,0.018268411692,"sector","ghg","emissGHGBySectorBuildingsGWPAR5"
"NoRusGas_ModelOptimal2","EU-15","EU-15","Sources",2025,"Year","Vint_2025","GHG emissions - (MTCO2eq)","sum","CH4","comm others","pal_all","pal_all","NoRusGas_ModelOptimal2","nonCO2 emissions by sector","Tg",2025,0.438128525212,0.015647447329,"sector","ghg","emissGHGBySectorBuildingsGWPAR5"
"NoRusGas_ModelOptimal2","EU-15","EU-15","Sources",2025,"Year","Vint_2025","GHG emissions - (MTCO2eq)","sum","CH4","resid heating","pal_all","pal_all","NoRusGas_ModelOptimal2","nonCO2 emissions by sector","Tg",2025,13.45095808,0.48039136,"sector","ghg","emissGHGBySectorBuildingsGWPAR5"
"NoRusGas_ModelOptimal2","EU-15","EU-15","Sources",2025,"Year","Vint_2025","GHG emissions - (MTCO2eq)","sum","CH4","resid others","pal_all","pal_all","NoRusGas_ModelOptimal2","nonCO2 emissions by sector","Tg",2025,1.9136333328,0.0683440476,"sector","ghg","emissGHGBySectorBuildingsGWPAR5"
"NoRusGas_ModelOptimal2","EU-15","EU-15","Sources",2025,"Year","Vint_2025","GHG emissions - (MTCO2eq)","sum","HFCs","comm cooling","pal_all","pal_all","NoRusGas_ModelOptimal2","nonCO2 emissions by sector","Gg",2025,32.86207036575,9.24390165,"sector","ghg","emissGHGBySectorBuildingsGWPAR5"
"NoRusGas_ModelOptimal2","EU-15","EU-15","Sources",2025,"Year","Vint_2025","GHG emissions - (MTCO2eq)","sum","HFCs","resid cooling","pal_all","pal_all","NoRusGas_ModelOptimal2","nonCO2 emissions by sector","Gg",2025,34.0682442183,9.58319106,"sector","ghg","emissGHGBySectorBuildingsGWPAR5"
"NoRusGas_ModelOptimal2","EU-15","EU-15","Sources",2025,"Year","Vint_2025","GHG emissions - (MTCO2eq)","sum","N2O","comm heating","pal_all","pal_all","NoRusGas_ModelOptimal2","nonCO2 emissions by sector","Tg",2025,0.205513928635,0.000775524259,"sector","ghg","emissGHGBySectorBuildingsGWPAR5"
"NoRusGas_ModelOptimal2","EU-15","EU-15","Sources",2025,"Year","Vint_2025","GHG emissions - (MTCO2eq)","sum","N2O","comm others","pal_all","pal_all","NoRusGas_ModelOptimal2","nonCO2 emissions by sector","Tg",2025,0.064517374827,0.0002434617918,"sector","ghg","emissGHGBySectorBuildingsGWPAR5"
"NoRusGas_ModelOptimal2","EU-15","EU-15","Sources",2025,"Year","Vint_2025","GHG emissions - (MTCO2eq)","sum","N2O","resid heating","pal_all","pal_all","NoRusGas_ModelOptimal2","nonCO2 emissions by sector","Tg",2025,2.565856935,0.009682479,"sector","ghg","emissGHGBySectorBuildingsGWPAR5"
"NoRusGas_ModelOptimal2","EU-15","EU-15","Sources",2025,"Year","Vint_2025","GHG emissions - (MTCO2eq)","sum","N2O","resid others","pal_all","pal_all","NoRusGas_ModelOptimal2","nonCO2 emissions by sector","Tg",2025,0.2946489367,0.00111188278,"sector","ghg","emissGHGBySectorBuildingsGWPAR5"
"NoRusGas_ModelOptimal2","EU-15","EU-15","Sources",2030,"Year","Vint_2030","GHG emissions - (MTCO2eq)","sum","CH4","comm cooling","pal_all","pal_all","NoRusGas_ModelOptimal2","nonCO2 emissions by sector","Tg",2030,6.109712e-07,2.18204e-08,"sector","ghg","emissGHGBySectorBuildingsGWPAR5"
"NoRusGas_ModelOptimal2","EU-15","EU-15","Sources",2030,"Year","Vint_2030","GHG emissions - (MTCO2eq)","sum","CH4","comm heating","pal_all","pal_all","NoRusGas_ModelOptimal2","nonCO2 emissions by sector","Tg",2030,0.60419881396,0.02157852907,"sector","ghg","emissGHGBySectorBuildingsGWPAR5"
"NoRusGas_ModelOptimal2","EU-15","EU-15","Sources",2030,"Year","Vint_2030","GHG emissions - (MTCO2eq)","sum","CH4","comm others","pal_all","pal_all","NoRusGas_ModelOptimal2","nonCO2 emissions by sector","Tg",2030,0.5397818083,0.019277921725,"sector","ghg","emissGHGBySectorBuildingsGWPAR5"
"NoRusGas_ModelOptimal2","EU-15","EU-15","Sources",2030,"Year","Vint_2030","GHG emissions - (MTCO2eq)","sum","CH4","resid heating","pal_all","pal_all","NoRusGas_ModelOptimal2","nonCO2 emissions by sector","Tg",2030,13.51185276,0.48256617,"sector","ghg","emissGHGBySectorBuildingsGWPAR5"
"NoRusGas_ModelOptimal2","EU-15","EU-15","Sources",2030,"Year","Vint_2030","GHG emissions - (MTCO2eq)","sum","CH4","resid others","pal_all","pal_all","NoRusGas_ModelOptimal2","nonCO2 emissions by sector","Tg",2030,2.1877034816,0.0781322672,"sector","ghg","emissGHGBySectorBuildingsGWPAR5"
"NoRusGas_ModelOptimal2","EU-15","EU-15","Sources",2030,"Year","Vint_2030","GHG emissions - (MTCO2eq)","sum","HFCs","comm cooling","pal_all","pal_all","NoRusGas_ModelOptimal2","nonCO2 emissions by sector","Gg",2030,32.7203448516,9.20403512,"sector","ghg","emissGHGBySectorBuildingsGWPAR5"
"NoRusGas_ModelOptimal2","EU-15","EU-15","Sources",2030,"Year","Vint_2030","GHG emissions - (MTCO2eq)","sum","HFCs","resid cooling","pal_all","pal_all","NoRusGas_ModelOptimal2","nonCO2 emissions by sector","Gg",2030,33.60880778535,9.45395437,"sector","ghg","emissGHGBySectorBuildingsGWPAR5"
"NoRusGas_ModelOptimal2","EU-15","EU-15","Sources",2030,"Year","Vint_2030","GHG emissions - (MTCO2eq)","sum","N2O","comm heating","pal_all","pal_all","NoRusGas_ModelOptimal2","nonCO2 emissions by sector","Tg",2030,0.220520360825,0.000832152305,"sector","ghg","emissGHGBySectorBuildingsGWPAR5"
"NoRusGas_ModelOptimal2","EU-15","EU-15","Sources",2030,"Year","Vint_2030","GHG emissions - (MTCO2eq)","sum","N2O","comm others","pal_all","pal_all","NoRusGas_ModelOptimal2","nonCO2 emissions by sector","Tg",2030,0.069202603235,0.000261141899,"sector","ghg","emissGHGBySectorBuildingsGWPAR5"
"NoRusGas_ModelOptimal2","EU-15","EU-15","Sources",2030,"Year","Vint_2030","GHG emissions - (MTCO2eq)","sum","N2O","resid heating","pal_all","pal_all","NoRusGas_ModelOptimal2","nonCO2 emissions by sector","Tg",2030,2.512956045,0.009482853,"sector","ghg","emissGHGBySectorBuildingsGWPAR5"
"NoRusGas_ModelOptimal2","EU-15","EU-15","Sources",2030,"Year","Vint_2030","GHG emissions - (MTCO2eq)","sum","N2O","resid others","pal_all","pal_all","NoRusGas_ModelOptimal2","nonCO2 emissions by sector","Tg",2030,0.3186569297,0.00120247898,"sector","ghg","emissGHGBySectorBuildingsGWPAR5"
"NoRusGas_constrained_ModelOptimal","EU-12","EU-12","Sources",1990,"Year","Vint_1990","GHG emissions - (MTCO2eq)","sum","CH4","comm heating","pal_all","pal_all","NoRusGas_constrained_ModelOptimal","nonCO2 emissions by sector","Tg",1990,0.59534706,0.021262395,"sector","ghg","emissGHGBySectorBuildingsGWPAR5"
"NoRusGas_constrained_ModelOptimal","EU-12","EU-12","Sources",1990,"Year","Vint_1990","GHG emissions - (MTCO2eq)","sum","CH4","comm others","pal_all","pal_all","NoRusGas_constrained_ModelOptimal","nonCO2 emissions by sector","Tg",1990,0.4567129644,0.0163111773,"sector","ghg","emissGHGBySectorBuildingsGWPAR5"
"NoRusGas_constrained_ModelOptimal","EU-12","EU-12","Sources",1990,"Year","Vint_1990","GHG emissions - (MTCO2eq)","sum","CH4","resid heating","pal_all","pal_all","NoRusGas_constrained_ModelOptimal","nonCO2 emissions by sector","Tg",1990,4.775567202,0.1705559715,"sector","ghg","emissGHGBySectorBuildingsGWPAR5"
"NoRusGas_constrained_ModelOptimal","EU-12","EU-12","Sources",1990,"Year","Vint_1990","GHG emissions - (MTCO2eq)","sum","CH4","resid others","pal_all","pal_all","NoRusGas_constrained_ModelOptimal","nonCO2 emissions by sector","Tg",1990,2.8297369716,0.1010620347,"sector","ghg","emissGHGBySectorBuildingsGWPAR5"
"NoRusGas_constrained_ModelOptimal","EU-12","EU-12","Sources",1990,"Year","Vint_1990","GHG emissions - (MTCO2eq)","sum","HFCs","comm cooling","pal_all","pal_all","NoRusGas_constrained_ModelOptimal","nonCO2 emissions by sector","Gg",1990,0.0001413315135,3.97557e-05,"sector","ghg","emissGHGBySectorBuildingsGWPAR5"
"NoRusGas_constrained_ModelOptimal","EU-12","EU-12","Sources",1990,"Year","Vint_1990","GHG emissions - (MTCO2eq)","sum","HFCs","resid cooling","pal_all","pal_all","NoRusGas_constrained_ModelOptimal","nonCO2 emissions by sector","Gg",1990,0.000248276934,6.98388e-05,"sector","ghg","emissGHGBySectorBuildingsGWPAR5"
"NoRusGas_constrained_ModelOptimal","EU-12","EU-12","Sources",1990,"Year","Vint_1990","GHG emissions - (MTCO2eq)","sum","N2O","comm heating","pal_all","pal_all","NoRusGas_constrained_ModelOptimal","nonCO2 emissions by sector","Tg",1990,0.1062699502,0.00040101868,"sector","ghg","emissGHGBySectorBuildingsGWPAR5"
"NoRusGas_constrained_ModelOptimal","EU-12","EU-12","Sources",1990,"Year","Vint_1990","GHG emissions - (MTCO2eq)","sum","N2O","comm others","pal_all","pal_all","NoRusGas_constrained_ModelOptimal","nonCO2 emissions by sector","Tg",1990,0.0264304799,9.973766e-05,"sector","ghg","emissGHGBySectorBuildingsGWPAR5"
"NoRusGas_constrained_ModelOptimal","EU-12","EU-12","Sources",1990,"Year","Vint_1990","GHG emissions - (MTCO2eq)","sum","N2O","resid heating","pal_all","pal_all","NoRusGas_constrained_ModelOptimal","nonCO2 emissions by sector","Tg",1990,0.573271585,0.002163289,"sector","ghg","emissGHGBySectorBuildingsGWPAR5"
"NoRusGas_constrained_ModelOptimal","EU-12","EU-12","Sources",1990,"Year","Vint_1990","GHG emissions - (MTCO2eq)","sum","N2O","resid others","pal_all","pal_all","NoRusGas_constrained_ModelOptimal","nonCO2 emissions by sector","Tg",1990,0.081083057,0.0003059738,"sector","ghg","emissGHGBySectorBuildingsGWPAR5"
"NoRusGas_constrained_ModelOptimal","EU-12","EU-12","Sources",2005,"Year","Vint_2005","GHG emissions - (MTCO2eq)","sum","CH4","comm heating","pal_all","pal_all","NoRusGas_constrained_ModelOptimal","nonCO2 emissions by sector","Tg",2005,0.874789328,0.031242476,"sector","ghg","emissGHGBySectorBuildingsGWPAR5"
"NoRusGas_constrained_ModelOptimal","EU-12","EU-12","Sources",2005,"Year","Vint_2005","GHG emissions - (MTCO2eq)","sum","CH4","comm others","pal_all","pal_all","NoRusGas_constrained_ModelOptimal","nonCO2 emissions by sector","Tg",2005,0.725835362,0.0259226915,"sector","ghg","emissGHGBySectorBuildingsGWPAR5"
"NoRusGas_constrained_ModelOptimal","EU-12","EU-12","Sources",2005,"Year","Vint_2005","GHG emissions - (MTCO2eq)","sum","CH4","resid heating","pal_all","pal_all","NoRusGas_constrained_ModelOptimal","nonCO2 emissions by sector","Tg",2005,5.3198373928,0.1899941926,"sector","ghg","emissGHGBySectorBuildingsGWPAR5"
"NoRusGas_constrained_ModelOptimal","EU-12","EU-12","Sources",2005,"Year","Vint_2005","GHG emissions - (MTCO2eq)","sum","CH4","resid others","pal_all","pal_all","NoRusGas_constrained_ModelOptimal","nonCO2 emissions by sector","Tg",2005,3.393394088,0.121192646,"sector","ghg","emissGHGBySectorBuildingsGWPAR5"
"NoRusGas_constrained_ModelOptimal","EU-12","EU-12","Sources",2005,"Year","Vint_2005","GHG emissions - (MTCO2eq)","sum","HFCs","comm cooling","pal_all","pal_all","NoRusGas_constrained_ModelOptimal","nonCO2 emissions by sector","Gg",2005,3.71036061,1.043702,"sector","ghg","emissGHGBySectorBuildingsGWPAR5"
"NoRusGas_constrained_ModelOptimal","EU-12","EU-12","Sources",2005,"Year","Vint_2005","GHG emissions - (MTCO2eq)","sum","HFCs","resid cooling","pal_all","pal_all","NoRusGas_constrained_ModelOptimal","nonCO2 emissions by sector","Gg",2005,4.3980870915,1.2371553,"sector","ghg","emissGHGBySectorBuildingsGWPAR5"
"NoRusGas_constrained_ModelOptimal","EU-12","EU-12","Sources",2005,"Year","Vint_2005","GHG emissions - (MTCO2eq)","sum","N2O","comm heating","pal_all","pal_all","NoRusGas_constrained_ModelOptimal","nonCO2 emissions by sector","Tg",2005,0.0323336835,0.0001220139,"sector","ghg","emissGHGBySectorBuildingsGWPAR5"
"NoRusGas_constrained_ModelOptimal","EU-12","EU-12","Sources",2005,"Year","Vint_2005","GHG emissions - (MTCO2eq)","sum","N2O","comm others","pal_all","pal_all","NoRusGas_constrained_ModelOptimal","nonCO2 emissions by sector","Tg",2005,0.01186565855,4.477607e-05,"sector","ghg","emissGHGBySectorBuildingsGWPAR5"
"NoRusGas_constrained_ModelOptimal","EU-12","EU-12","Sources",2005,"Year","Vint_2005","GHG emissions - (MTCO2eq)","sum","N2O","resid heating","pal_all","pal_all","NoRusGas_constrained_ModelOptimal","nonCO2 emissions by sector","Tg",2005,0.5124757355,0.0019338707,"sector","ghg","emissGHGBySectorBuildingsGWPAR5"
"NoRusGas_constrained_ModelOptimal","EU-12","EU-12","Sources",2005,"Year","Vint_2005","GHG emissions - (MTCO2eq)","sum","N2O","resid others","pal_all","pal_all","NoRusGas_constrained_ModelOptimal","nonCO2 emissions by sector","Tg",2005,0.0760116195,0.0002868363,"sector","ghg","emissGHGBySectorBuildingsGWPAR5"
"NoRusGas_constrained_ModelOptimal","EU-12","EU-12","Sources",2010,"Year","Vint_2010","GHG emissions - (MTCO2eq)","sum","CH4","comm heating","pal_all","pal_all","NoRusGas_constrained_ModelOptimal","nonCO2 emissions by sector","Tg",2010,0.9045967308,0.0323070261,"sector","ghg","emissGHGBySectorBuildingsGWPAR5"
"NoRusGas_constrained_ModelOptimal","EU-12","EU-12","Sources",2010,"Year","Vint_2010","GHG emissions - (MTCO2eq)","sum","CH4","comm others","pal_all","pal_all","NoRusGas_constrained_ModelOptimal","nonCO2 emissions by sector","Tg",2010,0.7500652516,0.0267880447,"sector","ghg","emissGHGBySectorBuildingsGWPAR5"
"NoRusGas_constrained_ModelOptimal","EU-12","EU-12","Sources",2010,"Year","Vint_2010","GHG emissions - (MTCO2eq)","sum","CH4","resid heating","pal_all","pal_all","NoRusGas_constrained_ModelOptimal","nonCO2 emissions by sector","Tg",2010,5.8252315576,0.2080439842,"sector","ghg","emissGHGBySectorBuildingsGWPAR5"
"NoRusGas_constrained_ModelOptimal","EU-12","EU-12","Sources",2010,"Year","Vint_2010","GHG emissions - (MTCO2eq)","sum","CH4","resid others","pal_all","pal_all","NoRusGas_constrained_ModelOptimal","nonCO2 emissions by sector","Tg",2010,3.5144716544,0.1255168448,"sector","ghg","emissGHGBySectorBuildingsGWPAR5"
"NoRusGas_constrained_ModelOptimal","EU-12","EU-12","Sources",2010,"Year","Vint_2010","GHG emissions - (MTCO2eq)","sum","HFCs","comm cooling","pal_all","pal_all","NoRusGas_constrained_ModelOptimal","nonCO2 emissions by sector","Gg",2010,6.985374409125,1.964943575,"sector","ghg","emissGHGBySectorBuildingsGWPAR5"
"NoRusGas_constrained_ModelOptimal","EU-12","EU-12","Sources",2010,"Year","Vint_2010","GHG emissions - (MTCO2eq)","sum","HFCs","resid cooling","pal_all","pal_all","NoRusGas_constrained_ModelOptimal","nonCO2 emissions by sector","Gg",2010,7.27715258055,2.04701901,"sector","ghg","emissGHGBySectorBuildingsGWPAR5"
"NoRusGas_constrained_ModelOptimal","EU-12","EU-12","Sources",2010,"Year","Vint_2010","GHG emissions - (MTCO2eq)","sum","N2O","comm heating","pal_all","pal_all","NoRusGas_constrained_ModelOptimal","nonCO2 emissions by sector","Tg",2010,0.038696625,0.000146025,"sector","ghg","emissGHGBySectorBuildingsGWPAR5"
"NoRusGas_constrained_ModelOptimal","EU-12","EU-12","Sources",2010,"Year","Vint_2010","GHG emissions - (MTCO2eq)","sum","N2O","comm others","pal_all","pal_all","NoRusGas_constrained_ModelOptimal","nonCO2 emissions by sector","Tg",2010,0.0133352346,5.032164e-05,"sector","ghg","emissGHGBySectorBuildingsGWPAR5"
"NoRusGas_constrained_ModelOptimal","EU-12","EU-12","Sources",2010,"Year","Vint_2010","GHG emissions - (MTCO2eq)","sum","N2O","resid heating","pal_all","pal_all","NoRusGas_constrained_ModelOptimal","nonCO2 emissions by sector","Tg",2010,0.619130259,0.0023363406,"sector","ghg","emissGHGBySectorBuildingsGWPAR5"
"NoRusGas_constrained_ModelOptimal","EU-12","EU-12","Sources",2010,"Year","Vint_2010","GHG emissions - (MTCO2eq)","sum","N2O","resid others","pal_all","pal_all","NoRusGas_constrained_ModelOptimal","nonCO2 emissions by sector","Tg",2010,0.084393596,0.0003184664,"sector","ghg","emissGHGBySectorBuildingsGWPAR5"
"NoRusGas_constrained_ModelOptimal","EU-12","EU-12","Sources",2015,"Year","Vint_2015","GHG emissions - (MTCO2eq)","sum","CH4","comm heating","pal_all","pal_all","NoRusGas_constrained_ModelOptimal","nonCO2 emissions by sector","Tg",2015,0.7475560708,0.0266984311,"sector","ghg","emissGHGBySectorBuildingsGWPAR5"
"NoRusGas_constrained_ModelOptimal","EU-12","EU-12","Sources",2015,"Year","Vint_2015","GHG emissions - (MTCO2eq)","sum","CH4","comm others","pal_all","pal_all","NoRusGas_constrained_ModelOptimal","nonCO2 emissions by sector","Tg",2015,0.6197077488,0.0221324196,"sector","ghg","emissGHGBySectorBuildingsGWPAR5"
"NoRusGas_constrained_ModelOptimal","EU-12","EU-12","Sources",2015,"Year","Vint_2015","GHG emissions - (MTCO2eq)","sum","CH4","resid heating","pal_all","pal_all","NoRusGas_constrained_ModelOptimal","nonCO2 emissions by sector","Tg",2015,5.001185266,0.1786137595,"sector","ghg","emissGHGBySectorBuildingsGWPAR5"
"NoRusGas_constrained_ModelOptimal","EU-12","EU-12","Sources",2015,"Year","Vint_2015","GHG emissions - (MTCO2eq)","sum","CH4","resid others","pal_all","pal_all","NoRusGas_constrained_ModelOptimal","nonCO2 emissions by sector","Tg",2015,3.0403032156,0.1085822577,"sector","ghg","emissGHGBySectorBuildingsGWPAR5"
"NoRusGas_constrained_ModelOptimal","EU-12","EU-12","Sources",2015,"Year","Vint_2015","GHG emissions - (MTCO2eq)","sum","HFCs","comm cooling","pal_all","pal_all","NoRusGas_constrained_ModelOptimal","nonCO2 emissions by sector","Gg",2015,9.44097869655,2.65569021,"sector","ghg","emissGHGBySectorBuildingsGWPAR5"
"NoRusGas_constrained_ModelOptimal","EU-12","EU-12","Sources",2015,"Year","Vint_2015","GHG emissions - (MTCO2eq)","sum","HFCs","resid cooling","pal_all","pal_all","NoRusGas_constrained_ModelOptimal","nonCO2 emissions by sector","Gg",2015,9.8353477512,2.76662384,"sector","ghg","emissGHGBySectorBuildingsGWPAR5"
"NoRusGas_constrained_ModelOptimal","EU-12","EU-12","Sources",2015,"Year","Vint_2015","GHG emissions - (MTCO2eq)","sum","N2O","comm heating","pal_all","pal_all","NoRusGas_constrained_ModelOptimal","nonCO2 emissions by sector","Tg",2015,0.0320358712,0.00012089008,"sector","ghg","emissGHGBySectorBuildingsGWPAR5"
"NoRusGas_constrained_ModelOptimal","EU-12","EU-12","Sources",2015,"Year","Vint_2015","GHG emissions - (MTCO2eq)","sum","N2O","comm others","pal_all","pal_all","NoRusGas_constrained_ModelOptimal","nonCO2 emissions by sector","Tg",2015,0.01014688975,3.829015e-05,"sector","ghg","emissGHGBySectorBuildingsGWPAR5"
"NoRusGas_constrained_ModelOptimal","EU-12","EU-12","Sources",2015,"Year","Vint_2015","GHG emissions - (MTCO2eq)","sum","N2O","resid heating","pal_all","pal_all","NoRusGas_constrained_ModelOptimal","nonCO2 emissions by sector","Tg",2015,0.577266195,0.002178363,"sector","ghg","emissGHGBySectorBuildingsGWPAR5"
"NoRusGas_constrained_ModelOptimal","EU-12","EU-12","Sources",2015,"Year","Vint_2015","GHG emissions - (MTCO2eq)","sum","N2O","resid others","pal_all","pal_all","NoRusGas_constrained_ModelOptimal","nonCO2 emissions by sector","Tg",2015,0.0772517665,0.0002915161,"sector","ghg","emissGHGBySectorBuildingsGWPAR5"
"NoRusGas_constrained_ModelOptimal","EU-12","EU-12","Sources",2020,"Year","Vint_2020","GHG emissions - (MTCO2eq)","sum","CH4","comm heating","pal_all","pal_all","NoRusGas_constrained_ModelOptimal","nonCO2 emissions by sector","Tg",2020,0.9787420636,0.0349550737,"sector","ghg","emissGHGBySectorBuildingsGWPAR5"
"NoRusGas_constrained_ModelOptimal","EU-12","EU-12","Sources",2020,"Year","Vint_2020","GHG emissions - (MTCO2eq)","sum","CH4","comm others","pal_all","pal_all","NoRusGas_constrained_ModelOptimal","nonCO2 emissions by sector","Tg",2020,0.7988075956,0.0285288427,"sector","ghg","emissGHGBySectorBuildingsGWPAR5"
"NoRusGas_constrained_ModelOptimal","EU-12","EU-12","Sources",2020,"Year","Vint_2020","GHG emissions - (MTCO2eq)","sum","CH4","resid heating","pal_all","pal_all","NoRusGas_constrained_ModelOptimal","nonCO2 emissions by sector","Tg",2020,5.0568091336,0.1806003262,"sector","ghg","emissGHGBySectorBuildingsGWPAR5"
"NoRusGas_constrained_ModelOptimal","EU-12","EU-12","Sources",2020,"Year","Vint_2020","GHG emissions - (MTCO2eq)","sum","CH4","resid others","pal_all","pal_all","NoRusGas_constrained_ModelOptimal","nonCO2 emissions by sector","Tg",2020,3.3596391696,0.1199871132,"sector","ghg","emissGHGBySectorBuildingsGWPAR5"
"NoRusGas_constrained_ModelOptimal","EU-12","EU-12","Sources",2020,"Year","Vint_2020","GHG emissions - (MTCO2eq)","sum","HFCs","comm cooling","pal_all","pal_all","NoRusGas_constrained_ModelOptimal","nonCO2 emissions by sector","Gg",2020,10.91739543705,3.07099731,"sector","ghg","emissGHGBySectorBuildingsGWPAR5"
"NoRusGas_constrained_ModelOptimal","EU-12","EU-12","Sources",2020,"Year","Vint_2020","GHG emissions - (MTCO2eq)","sum","HFCs","resid cooling","pal_all","pal_all","NoRusGas_constrained_ModelOptimal","nonCO2 emissions by sector","Gg",2020,10.5982722945,2.9812299,"sector","ghg","emissGHGBySectorBuildingsGWPAR5"
"NoRusGas_constrained_ModelOptimal","EU-12","EU-12","Sources",2020,"Year","Vint_2020","GHG emissions - (MTCO2eq)","sum","N2O","comm heating","pal_all","pal_all","NoRusGas_constrained_ModelOptimal","nonCO2 emissions by sector","Tg",2020,0.0345982145,0.0001305593,"sector","ghg","emissGHGBySectorBuildingsGWPAR5"
"NoRusGas_constrained_ModelOptimal","EU-12","EU-12","Sources",2020,"Year","Vint_2020","GHG emissions - (MTCO2eq)","sum","N2O","comm others","pal_all","pal_all","NoRusGas_constrained_ModelOptimal","nonCO2 emissions by sector","Tg",2020,0.01121975285,4.233869e-05,"sector","ghg","emissGHGBySectorBuildingsGWPAR5"
"NoRusGas_constrained_ModelOptimal","EU-12","EU-12","Sources",2020,"Year","Vint_2020","GHG emissions - (MTCO2eq)","sum","N2O","resid heating","pal_all","pal_all","NoRusGas_constrained_ModelOptimal","nonCO2 emissions by sector","Tg",2020,0.5357190445,0.0020215813,"sector","ghg","emissGHGBySectorBuildingsGWPAR5"
"NoRusGas_constrained_ModelOptimal","EU-12","EU-12","Sources",2020,"Year","Vint_2020","GHG emissions - (MTCO2eq)","sum","N2O","resid others","pal_all","pal_all","NoRusGas_constrained_ModelOptimal","nonCO2 emissions by sector","Tg",2020,0.0706777525,0.0002667085,"sector","ghg","emissGHGBySectorBuildingsGWPAR5"
"NoRusGas_constrained_ModelOptimal","EU-12","EU-12","Sources",2025,"Year","Vint_2025","GHG emissions - (MTCO2eq)","sum","CH4","comm heating","pal_all","pal_all","NoRusGas_constrained_ModelOptimal","nonCO2 emissions by sector","Tg",2025,1.02043027436,0.03644393837,"sector","ghg","emissGHGBySectorBuildingsGWPAR5"
"NoRusGas_constrained_ModelOptimal","EU-12","EU-12","Sources",2025,"Year","Vint_2025","GHG emissions - (MTCO2eq)","sum","CH4","comm others","pal_all","pal_all","NoRusGas_constrained_ModelOptimal","nonCO2 emissions by sector","Tg",2025,0.55446714008,0.01980239786,"sector","ghg","emissGHGBySectorBuildingsGWPAR5"
"NoRusGas_constrained_ModelOptimal","EU-12","EU-12","Sources",2025,"Year","Vint_2025","GHG emissions - (MTCO2eq)","sum","CH4","resid heating","pal_all","pal_all","NoRusGas_constrained_ModelOptimal","nonCO2 emissions by sector","Tg",2025,6.7524981328,0.2411606476,"sector","ghg","emissGHGBySectorBuildingsGWPAR5"
"NoRusGas_constrained_ModelOptimal","EU-12","EU-12","Sources",2025,"Year","Vint_2025","GHG emissions - (MTCO2eq)","sum","CH4","resid others","pal_all","pal_all","NoRusGas_constrained_ModelOptimal","nonCO2 emissions by sector","Tg",2025,2.3968668192,0.0856023864,"sector","ghg","emissGHGBySectorBuildingsGWPAR5"
"NoRusGas_constrained_ModelOptimal","EU-12","EU-12","Sources",2025,"Year","Vint_2025","GHG emissions - (MTCO2eq)","sum","HFCs","comm cooling","pal_all","pal_all","NoRusGas_constrained_ModelOptimal","nonCO2 emissions by sector","Gg",2025,8.123396586705,2.285062331,"sector","ghg","emissGHGBySectorBuildingsGWPAR5"
"NoRusGas_constrained_ModelOptimal","EU-12","EU-12","Sources",2025,"Year","Vint_2025","GHG emissions - (MTCO2eq)","sum","HFCs","resid cooling","pal_all","pal_all","NoRusGas_constrained_ModelOptimal","nonCO2 emissions by sector","Gg",2025,7.10125012827,1.997538714,"sector","ghg","emissGHGBySectorBuildingsGWPAR5"
"NoRusGas_constrained_ModelOptimal","EU-12","EU-12","Sources",2025,"Year","Vint_2025","GHG emissions - (MTCO2eq)","sum","N2O","comm heating","pal_all","pal_all","NoRusGas_constrained_ModelOptimal","nonCO2 emissions by sector","Tg",2025,0.04113030974,0.000155208716,"sector","ghg","emissGHGBySectorBuildingsGWPAR5"
"NoRusGas_constrained_ModelOptimal","EU-12","EU-12","Sources",2025,"Year","Vint_2025","GHG emissions - (MTCO2eq)","sum","N2O","comm others","pal_all","pal_all","NoRusGas_constrained_ModelOptimal","nonCO2 emissions by sector","Tg",2025,0.00769446209,2.9035706e-05,"sector","ghg","emissGHGBySectorBuildingsGWPAR5"
"NoRusGas_constrained_ModelOptimal","EU-12","EU-12","Sources",2025,"Year","Vint_2025","GHG emissions - (MTCO2eq)","sum","N2O","resid heating","pal_all","pal_all","NoRusGas_constrained_ModelOptimal","nonCO2 emissions by sector","Tg",2025,0.7411337839,0.00279673126,"sector","ghg","emissGHGBySectorBuildingsGWPAR5"
"NoRusGas_constrained_ModelOptimal","EU-12","EU-12","Sources",2025,"Year","Vint_2025","GHG emissions - (MTCO2eq)","sum","N2O","resid others","pal_all","pal_all","NoRusGas_constrained_ModelOptimal","nonCO2 emissions by sector","Tg",2025,0.061935119215,0.000233717431,"sector","ghg","emissGHGBySectorBuildingsGWPAR5"
"NoRusGas_constrained_ModelOptimal","EU-12","EU-12","Sources",2030,"Year","Vint_2030","GHG emissions - (MTCO2eq)","sum","CH4","comm heating","pal_all","pal_all","NoRusGas_constrained_ModelOptimal","nonCO2 emissions by sector","Tg",2030,1.0970374688,0.0391799096,"sector","ghg","emissGHGBySectorBuildingsGWPAR5"
"NoRusGas_constrained_ModelOptimal","EU-12","EU-12","Sources",2030,"Year","Vint_2030","GHG emissions - (MTCO2eq)","sum","CH4","comm others","pal_all","pal_all","NoRusGas_constrained_ModelOptimal","nonCO2 emissions by sector","Tg",2030,0.60611891452,0.02164710409,"sector","ghg","emissGHGBySectorBuildingsGWPAR5"
"NoRusGas_constrained_ModelOptimal","EU-12","EU-12","Sources",2030,"Year","Vint_2030","GHG emissions - (MTCO2eq)","sum","CH4","resid heating","pal_all","pal_all","NoRusGas_constrained_ModelOptimal","nonCO2 emissions by sector","Tg",2030,7.5681810708,0.2702921811,"sector","ghg","emissGHGBySectorBuildingsGWPAR5"
"NoRusGas_constrained_ModelOptimal","EU-12","EU-12","Sources",2030,"Year","Vint_2030","GHG emissions - (MTCO2eq)","sum","CH4","resid others","pal_all","pal_all","NoRusGas_constrained_ModelOptimal","nonCO2 emissions by sector","Tg",2030,2.555922698,0.0912829535,"sector","ghg","emissGHGBySectorBuildingsGWPAR5"
"NoRusGas_constrained_ModelOptimal","EU-12","EU-12","Sources",2030,"Year","Vint_2030","GHG emissions - (MTCO2eq)","sum","HFCs","comm cooling","pal_all","pal_all","NoRusGas_constrained_ModelOptimal","nonCO2 emissions by sector","Gg",2030,9.08243071065,2.55483283,"sector","ghg","emissGHGBySectorBuildingsGWPAR5"
"NoRusGas_constrained_ModelOptimal","EU-12","EU-12","Sources",2030,"Year","Vint_2030","GHG emissions - (MTCO2eq)","sum","HFCs","resid cooling","pal_all","pal_all","NoRusGas_constrained_ModelOptimal","nonCO2 emissions by sector","Gg",2030,7.80006973131,2.194112442,"sector","ghg","emissGHGBySectorBuildingsGWPAR5"
"NoRusGas_constrained_ModelOptimal","EU-12","EU-12","Sources",2030,"Year","Vint_2030","GHG emissions - (MTCO2eq)","sum","N2O","comm heating","pal_all","pal_all","NoRusGas_constrained_ModelOptimal","nonCO2 emissions by sector","Tg",2030,0.05909948115,0.00022301691,"sector","ghg","emissGHGBySectorBuildingsGWPAR5"
"NoRusGas_constrained_ModelOptimal","EU-12","EU-12","Sources",2030,"Year","Vint_2030","GHG emissions - (MTCO2eq)","sum","N2O","comm others","pal_all","pal_all","NoRusGas_constrained_ModelOptimal","nonCO2 emissions by sector","Tg",2030,0.009412641265,3.5519401e-05,"sector","ghg","emissGHGBySectorBuildingsGWPAR5"
"NoRusGas_constrained_ModelOptimal","EU-12","EU-12","Sources",2030,"Year","Vint_2030","GHG emissions - (MTCO2eq)","sum","N2O","resid heating","pal_all","pal_all","NoRusGas_constrained_ModelOptimal","nonCO2 emissions by sector","Tg",2030,0.9057720405,0.0034180077,"sector","ghg","emissGHGBySectorBuildingsGWPAR5"
"NoRusGas_constrained_ModelOptimal","EU-12","EU-12","Sources",2030,"Year","Vint_2030","GHG emissions - (MTCO2eq)","sum","N2O","resid others","pal_all","pal_all","NoRusGas_constrained_ModelOptimal","nonCO2 emissions by sector","Tg",2030,0.08002046265,0.00030196401,"sector","ghg","emissGHGBySectorBuildingsGWPAR5"
"NoRusGas_constrained_ModelOptimal","EU-15","EU-15","Sources",1990,"Year","Vint_1990","GHG emissions - (MTCO2eq)","sum","CH4","comm cooling","pal_all","pal_all","NoRusGas_constrained_ModelOptimal","nonCO2 emissions by sector","Tg",1990,9.358272e-07,3.34224e-08,"sector","ghg","emissGHGBySectorBuildingsGWPAR5"
"NoRusGas_constrained_ModelOptimal","EU-15","EU-15","Sources",1990,"Year","Vint_1990","GHG emissions - (MTCO2eq)","sum","CH4","comm heating","pal_all","pal_all","NoRusGas_constrained_ModelOptimal","nonCO2 emissions by sector","Tg",1990,0.90539974,0.032335705,"sector","ghg","emissGHGBySectorBuildingsGWPAR5"
"NoRusGas_constrained_ModelOptimal","EU-15","EU-15","Sources",1990,"Year","Vint_1990","GHG emissions - (MTCO2eq)","sum","CH4","comm others","pal_all","pal_all","NoRusGas_constrained_ModelOptimal","nonCO2 emissions by sector","Tg",1990,0.9543154852,0.0340826959,"sector","ghg","emissGHGBySectorBuildingsGWPAR5"
"NoRusGas_constrained_ModelOptimal","EU-15","EU-15","Sources",1990,"Year","Vint_1990","GHG emissions - (MTCO2eq)","sum","CH4","resid heating","pal_all","pal_all","NoRusGas_constrained_ModelOptimal","nonCO2 emissions by sector","Tg",1990,13.2211212,0.4721829,"sector","ghg","emissGHGBySectorBuildingsGWPAR5"
"NoRusGas_constrained_ModelOptimal","EU-15","EU-15","Sources",1990,"Year","Vint_1990","GHG emissions - (MTCO2eq)","sum","CH4","resid others","pal_all","pal_all","NoRusGas_constrained_ModelOptimal","nonCO2 emissions by sector","Tg",1990,4.29458792,0.15337814,"sector","ghg","emissGHGBySectorBuildingsGWPAR5"
"NoRusGas_constrained_ModelOptimal","EU-15","EU-15","Sources",1990,"Year","Vint_1990","GHG emissions - (MTCO2eq)","sum","HFCs","comm cooling","pal_all","pal_all","NoRusGas_constrained_ModelOptimal","nonCO2 emissions by sector","Gg",1990,0.00634613715,0.00178513,"sector","ghg","emissGHGBySectorBuildingsGWPAR5"
"NoRusGas_constrained_ModelOptimal","EU-15","EU-15","Sources",1990,"Year","Vint_1990","GHG emissions - (MTCO2eq)","sum","HFCs","resid cooling","pal_all","pal_all","NoRusGas_constrained_ModelOptimal","nonCO2 emissions by sector","Gg",1990,0.00925803765,0.00260423,"sector","ghg","emissGHGBySectorBuildingsGWPAR5"
"NoRusGas_constrained_ModelOptimal","EU-15","EU-15","Sources",1990,"Year","Vint_1990","GHG emissions - (MTCO2eq)","sum","N2O","comm heating","pal_all","pal_all","NoRusGas_constrained_ModelOptimal","nonCO2 emissions by sector","Tg",1990,0.2139506915,0.0008073611,"sector","ghg","emissGHGBySectorBuildingsGWPAR5"
"NoRusGas_constrained_ModelOptimal","EU-15","EU-15","Sources",1990,"Year","Vint_1990","GHG emissions - (MTCO2eq)","sum","N2O","comm others","pal_all","pal_all","NoRusGas_constrained_ModelOptimal","nonCO2 emissions by sector","Tg",1990,0.12139092705,0.00045807897,"sector","ghg","emissGHGBySectorBuildingsGWPAR5"
"NoRusGas_constrained_ModelOptimal","EU-15","EU-15","Sources",1990,"Year","Vint_1990","GHG emissions - (MTCO2eq)","sum","N2O","resid heating","pal_all","pal_all","NoRusGas_constrained_ModelOptimal","nonCO2 emissions by sector","Tg",1990,1.026906535,0.003875119,"sector","ghg","emissGHGBySectorBuildingsGWPAR5"
"NoRusGas_constrained_ModelOptimal","EU-15","EU-15","Sources",1990,"Year","Vint_1990","GHG emissions - (MTCO2eq)","sum","N2O","resid others","pal_all","pal_all","NoRusGas_constrained_ModelOptimal","nonCO2 emissions by sector","Tg",1990,0.5108872725,0.0019278765,"sector","ghg","emissGHGBySectorBuildingsGWPAR5"
"NoRusGas_constrained_ModelOptimal","EU-15","EU-15","Sources",2005,"Year","Vint_2005","GHG emissions - (MTCO2eq)","sum","CH4","comm cooling","pal_all","pal_all","NoRusGas_constrained_ModelOptimal","nonCO2 emissions by sector","Tg",2005,1.4845796e-06,5.30207e-08,"sector","ghg","emissGHGBySectorBuildingsGWPAR5"
"NoRusGas_constrained_ModelOptimal","EU-15","EU-15","Sources",2005,"Year","Vint_2005","GHG emissions - (MTCO2eq)","sum","CH4","comm heating","pal_all","pal_all","NoRusGas_constrained_ModelOptimal","nonCO2 emissions by sector","Tg",2005,1.3069149044,0.0466755323,"sector","ghg","emissGHGBySectorBuildingsGWPAR5"
"NoRusGas_constrained_ModelOptimal","EU-15","EU-15","Sources",2005,"Year","Vint_2005","GHG emissions - (MTCO2eq)","sum","CH4","comm others","pal_all","pal_all","NoRusGas_constrained_ModelOptimal","nonCO2 emissions by sector","Tg",2005,1.45719570388,0.05204270371,"sector","ghg","emissGHGBySectorBuildingsGWPAR5"
"NoRusGas_constrained_ModelOptimal","EU-15","EU-15","Sources",2005,"Year","Vint_2005","GHG emissions - (MTCO2eq)","sum","CH4","resid heating","pal_all","pal_all","NoRusGas_constrained_ModelOptimal","nonCO2 emissions by sector","Tg",2005,14.02299864,0.50082138,"sector","ghg","emissGHGBySectorBuildingsGWPAR5"
"NoRusGas_constrained_ModelOptimal","EU-15","EU-15","Sources",2005,"Year","Vint_2005","GHG emissions - (MTCO2eq)","sum","CH4","resid others","pal_all","pal_all","NoRusGas_constrained_ModelOptimal","nonCO2 emissions by sector","Tg",2005,4.77278816,0.17045672,"sector","ghg","emissGHGBySectorBuildingsGWPAR5"
"NoRusGas_constrained_ModelOptimal","EU-15","EU-15","Sources",2005,"Year","Vint_2005","GHG emissions - (MTCO2eq)","sum","HFCs","comm cooling","pal_all","pal_all","NoRusGas_constrained_ModelOptimal","nonCO2 emissions by sector","Gg",2005,35.2164460815,9.9061733,"sector","ghg","emissGHGBySectorBuildingsGWPAR5"
"NoRusGas_constrained_ModelOptimal","EU-15","EU-15","Sources",2005,"Year","Vint_2005","GHG emissions - (MTCO2eq)","sum","HFCs","resid cooling","pal_all","pal_all","NoRusGas_constrained_ModelOptimal","nonCO2 emissions by sector","Gg",2005,40.2945751665,11.3346203,"sector","ghg","emissGHGBySectorBuildingsGWPAR5"
"NoRusGas_constrained_ModelOptimal","EU-15","EU-15","Sources",2005,"Year","Vint_2005","GHG emissions - (MTCO2eq)","sum","N2O","comm heating","pal_all","pal_all","NoRusGas_constrained_ModelOptimal","nonCO2 emissions by sector","Tg",2005,0.121062918,0.0004568412,"sector","ghg","emissGHGBySectorBuildingsGWPAR5"
"NoRusGas_constrained_ModelOptimal","EU-15","EU-15","Sources",2005,"Year","Vint_2005","GHG emissions - (MTCO2eq)","sum","N2O","comm others","pal_all","pal_all","NoRusGas_constrained_ModelOptimal","nonCO2 emissions by sector","Tg",2005,0.11144471385,0.00042054609,"sector","ghg","emissGHGBySectorBuildingsGWPAR5"
"NoRusGas_constrained_ModelOptimal","EU-15","EU-15","Sources",2005,"Year","Vint_2005","GHG emissions - (MTCO2eq)","sum","N2O","resid heating","pal_all","pal_all","NoRusGas_constrained_ModelOptimal","nonCO2 emissions by sector","Tg",2005,1.20924005,0.00456317,"sector","ghg","emissGHGBySectorBuildingsGWPAR5"
"NoRusGas_constrained_ModelOptimal","EU-15","EU-15","Sources",2005,"Year","Vint_2005","GHG emissions - (MTCO2eq)","sum","N2O","resid others","pal_all","pal_all","NoRusGas_constrained_ModelOptimal","nonCO2 emissions by sector","Tg",2005,0.33190773,0.001252482,"sector","ghg","emissGHGBySectorBuildingsGWPAR5"
"NoRusGas_constrained_ModelOptimal","EU-15","EU-15","Sources",2010,"Year","Vint_2010","GHG emissions - (MTCO2eq)","sum","CH4","comm cooling","pal_all","pal_all","NoRusGas_constrained_ModelOptimal","nonCO2 emissions by sector","Tg",2010,1.4337344e-06,5.12048e-08,"sector","ghg","emissGHGBySectorBuildingsGWPAR5"
"NoRusGas_constrained_ModelOptimal","EU-15","EU-15","Sources",2010,"Year","Vint_2010","GHG emissions - (MTCO2eq)","sum","CH4","comm heating","pal_all","pal_all","NoRusGas_constrained_ModelOptimal","nonCO2 emissions by sector","Tg",2010,1.2519667076,0.0447130967,"sector","ghg","emissGHGBySectorBuildingsGWPAR5"
"NoRusGas_constrained_ModelOptimal","EU-15","EU-15","Sources",2010,"Year","Vint_2010","GHG emissions - (MTCO2eq)","sum","CH4","comm others","pal_all","pal_all","NoRusGas_constrained_ModelOptimal","nonCO2 emissions by sector","Tg",2010,1.39614863668,0.04986245131,"sector","ghg","emissGHGBySectorBuildingsGWPAR5"
"NoRusGas_constrained_ModelOptimal","EU-15","EU-15","Sources",2010,"Year","Vint_2010","GHG emissions - (MTCO2eq)","sum","CH4","resid heating","pal_all","pal_all","NoRusGas_constrained_ModelOptimal","nonCO2 emissions by sector","Tg",2010,13.399876,0.478567,"sector","ghg","emissGHGBySectorBuildingsGWPAR5"
"NoRusGas_constrained_ModelOptimal","EU-15","EU-15","Sources",2010,"Year","Vint_2010","GHG emissions - (MTCO2eq)","sum","CH4","resid others","pal_all","pal_all","NoRusGas_constrained_ModelOptimal","nonCO2 emissions by sector","Tg",2010,4.391607332,0.156843119,"sector","ghg","emissGHGBySectorBuildingsGWPAR5"
"NoRusGas_constrained_ModelOptimal","EU-15","EU-15","Sources",2010,"Year","Vint_2010","GHG emissions - (MTCO2eq)","sum","HFCs","comm cooling","pal_all","pal_all","NoRusGas_constrained_ModelOptimal","nonCO2 emissions by sector","Gg",2010,48.180115125,13.552775,"sector","ghg","emissGHGBySectorBuildingsGWPAR5"
"NoRusGas_constrained_ModelOptimal","EU-15","EU-15","Sources",2010,"Year","Vint_2010","GHG emissions - (MTCO2eq)","sum","HFCs","resid cooling","pal_all","pal_all","NoRusGas_constrained_ModelOptimal","nonCO2 emissions by sector","Gg",2010,51.009788475,14.348745,"sector","ghg","emissGHGBySectorBuildingsGWPAR5"
"NoRusGas_constrained_ModelOptimal","EU-15","EU-15","Sources",2010,"Year","Vint_2010","GHG emissions - (MTCO2eq)","sum","N2O","comm heating","pal_all","pal_all","NoRusGas_constrained_ModelOptimal","nonCO2 emissions by sector","Tg",2010,0.1151708815,0.0004346071,"sector","ghg","emissGHGBySectorBuildingsGWPAR5"
"NoRusGas_constrained_ModelOptimal","EU-15","EU-15","Sources",2010,"Year","Vint_2010","GHG emissions - (MTCO2eq)","sum","N2O","comm others","pal_all","pal_all","NoRusGas_constrained_ModelOptimal","nonCO2 emissions by sector","Tg",2010,0.09928139935,0.00037464679,"sector","ghg","emissGHGBySectorBuildingsGWPAR5"
"NoRusGas_constrained_ModelOptimal","EU-15","EU-15","Sources",2010,"Year","Vint_2010","GHG emissions - (MTCO2eq)","sum","N2O","resid heating","pal_all","pal_all","NoRusGas_constrained_ModelOptimal","nonCO2 emissions by sector","Tg",2010,1.432673475,0.005406315,"sector","ghg","emissGHGBySectorBuildingsGWPAR5"
"NoRusGas_constrained_ModelOptimal","EU-15","EU-15","Sources",2010,"Year","Vint_2010","GHG emissions - (MTCO2eq)","sum","N2O","resid others","pal_all","pal_all","NoRusGas_constrained_ModelOptimal","nonCO2 emissions by sector","Tg",2010,0.363639625,0.001372225,"sector","ghg","emissGHGBySectorBuildingsGWPAR5"
"NoRusGas_constrained_ModelOptimal","EU-15","EU-15","Sources",2015,"Year","Vint_2015","GHG emissions - (MTCO2eq)","sum","CH4","comm cooling","pal_all","pal_all","NoRusGas_constrained_ModelOptimal","nonCO2 emissions by sector","Tg",2015,1.1746084e-06,4.19503e-08,"sector","ghg","emissGHGBySectorBuildingsGWPAR5"
"NoRusGas_constrained_ModelOptimal","EU-15","EU-15","Sources",2015,"Year","Vint_2015","GHG emissions - (MTCO2eq)","sum","CH4","comm heating","pal_all","pal_all","NoRusGas_constrained_ModelOptimal","nonCO2 emissions by sector","Tg",2015,1.0416290612,0.0372010379,"sector","ghg","emissGHGBySectorBuildingsGWPAR5"
"NoRusGas_constrained_ModelOptimal","EU-15","EU-15","Sources",2015,"Year","Vint_2015","GHG emissions - (MTCO2eq)","sum","CH4","comm others","pal_all","pal_all","NoRusGas_constrained_ModelOptimal","nonCO2 emissions by sector","Tg",2015,1.14788355472,0.04099584124,"sector","ghg","emissGHGBySectorBuildingsGWPAR5"
"NoRusGas_constrained_ModelOptimal","EU-15","EU-15","Sources",2015,"Year","Vint_2015","GHG emissions - (MTCO2eq)","sum","CH4","resid heating","pal_all","pal_all","NoRusGas_constrained_ModelOptimal","nonCO2 emissions by sector","Tg",2015,10.18740436,0.36383587,"sector","ghg","emissGHGBySectorBuildingsGWPAR5"
"NoRusGas_constrained_ModelOptimal","EU-15","EU-15","Sources",2015,"Year","Vint_2015","GHG emissions - (MTCO2eq)","sum","CH4","resid others","pal_all","pal_all","NoRusGas_constrained_ModelOptimal","nonCO2 emissions by sector","Tg",2015,3.15784672,0.11278024,"sector","ghg","emissGHGBySectorBuildingsGWPAR5"
"NoRusGas_constrained_ModelOptimal","EU-15","EU-15","Sources",2015,"Year","Vint_2015","GHG emissions - (MTCO2eq)","sum","HFCs","comm cooling","pal_all","pal_all","NoRusGas_constrained_ModelOptimal","nonCO2 emissions by sector","Gg",2015,46.61355816,13.112112,"sector","ghg","emissGHGBySectorBuildingsGWPAR5"
"NoRusGas_constrained_ModelOptimal","EU-15","EU-15","Sources",2015,"Year","Vint_2015","GHG emissions - (MTCO2eq)","sum","HFCs","resid cooling","pal_all","pal_all","NoRusGas_constrained_ModelOptimal","nonCO2 emissions by sector","Gg",2015,49.351203225,13.882195,"sector","ghg","emissGHGBySectorBuildingsGWPAR5"
"NoRusGas_constrained_ModelOptimal","EU-15","EU-15","Sources",2015,"Year","Vint_2015","GHG emissions - (MTCO2eq)","sum","N2O","comm heating","pal_all","pal_all","NoRusGas_constrained_ModelOptimal","nonCO2 emissions by sector","Tg",2015,0.15262726675,0.00057595195,"sector","ghg","emissGHGBySectorBuildingsGWPAR5"
"NoRusGas_constrained_ModelOptimal","EU-15","EU-15","Sources",2015,"Year","Vint_2015","GHG emissions - (MTCO2eq)","sum","N2O","comm others","pal_all","pal_all","NoRusGas_constrained_ModelOptimal","nonCO2 emissions by sector","Tg",2015,0.09821262785,0.00037061369,"sector","ghg","emissGHGBySectorBuildingsGWPAR5"
"NoRusGas_constrained_ModelOptimal","EU-15","EU-15","Sources",2015,"Year","Vint_2015","GHG emissions - (MTCO2eq)","sum","N2O","resid heating","pal_all","pal_all","NoRusGas_constrained_ModelOptimal","nonCO2 emissions by sector","Tg",2015,1.327801315,0.005010571,"sector","ghg","emissGHGBySectorBuildingsGWPAR5"
"NoRusGas_constrained_ModelOptimal","EU-15","EU-15","Sources",2015,"Year","Vint_2015","GHG emissions - (MTCO2eq)","sum","N2O","resid others","pal_all","pal_all","NoRusGas_constrained_ModelOptimal","nonCO2 emissions by sector","Tg",2015,0.316718036,0.0011951624,"sector","ghg","emissGHGBySectorBuildingsGWPAR5"
"NoRusGas_constrained_ModelOptimal","EU-15","EU-15","Sources",2020,"Year","Vint_2020","GHG emissions - (MTCO2eq)","sum","CH4","comm cooling","pal_all","pal_all","NoRusGas_constrained_ModelOptimal","nonCO2 emissions by sector","Tg",2020,1.011766e-06,3.61345e-08,"sector","ghg","emissGHGBySectorBuildingsGWPAR5"
"NoRusGas_constrained_ModelOptimal","EU-15","EU-15","Sources",2020,"Year","Vint_2020","GHG emissions - (MTCO2eq)","sum","CH4","comm heating","pal_all","pal_all","NoRusGas_constrained_ModelOptimal","nonCO2 emissions by sector","Tg",2020,1.1215890392,0.0400567514,"sector","ghg","emissGHGBySectorBuildingsGWPAR5"
"NoRusGas_constrained_ModelOptimal","EU-15","EU-15","Sources",2020,"Year","Vint_2020","GHG emissions - (MTCO2eq)","sum","CH4","comm others","pal_all","pal_all","NoRusGas_constrained_ModelOptimal","nonCO2 emissions by sector","Tg",2020,1.24456092824,0.04444860458,"sector","ghg","emissGHGBySectorBuildingsGWPAR5"
"NoRusGas_constrained_ModelOptimal","EU-15","EU-15","Sources",2020,"Year","Vint_2020","GHG emissions - (MTCO2eq)","sum","CH4","resid heating","pal_all","pal_all","NoRusGas_constrained_ModelOptimal","nonCO2 emissions by sector","Tg",2020,9.92869864,0.35459638,"sector","ghg","emissGHGBySectorBuildingsGWPAR5"
"NoRusGas_constrained_ModelOptimal","EU-15","EU-15","Sources",2020,"Year","Vint_2020","GHG emissions - (MTCO2eq)","sum","CH4","resid others","pal_all","pal_all","NoRusGas_constrained_ModelOptimal","nonCO2 emissions by sector","Tg",2020,3.19734016,0.11419072,"sector","ghg","emissGHGBySectorBuildingsGWPAR5"
"NoRusGas_constrained_ModelOptimal","EU-15","EU-15","Sources",2020,"Year","Vint_2020","GHG emissions - (MTCO2eq)","sum","HFCs","comm cooling","pal_all","pal_all","NoRusGas_constrained_ModelOptimal","nonCO2 emissions by sector","Gg",2020,47.24247985785,13.28902387,"sector","ghg","emissGHGBySectorBuildingsGWPAR5"
"NoRusGas_constrained_ModelOptimal","EU-15","EU-15","Sources",2020,"Year","Vint_2020","GHG emissions - (MTCO2eq)","sum","HFCs","resid cooling","pal_all","pal_all","NoRusGas_constrained_ModelOptimal","nonCO2 emissions by sector","Gg",2020,49.3152227856,13.87207392,"sector","ghg","emissGHGBySectorBuildingsGWPAR5"
"NoRusGas_constrained_ModelOptimal","EU-15","EU-15","Sources",2020,"Year","Vint_2020","GHG emissions - (MTCO2eq)","sum","N2O","comm heating","pal_all","pal_all","NoRusGas_constrained_ModelOptimal","nonCO2 emissions by sector","Tg",2020,0.14829705015,0.00055961151,"sector","ghg","emissGHGBySectorBuildingsGWPAR5"
"NoRusGas_constrained_ModelOptimal","EU-15","EU-15","Sources",2020,"Year","Vint_2020","GHG emissions - (MTCO2eq)","sum","N2O","comm others","pal_all","pal_all","NoRusGas_constrained_ModelOptimal","nonCO2 emissions by sector","Tg",2020,0.0940935182,0.00035506988,"sector","ghg","emissGHGBySectorBuildingsGWPAR5"
"NoRusGas_constrained_ModelOptimal","EU-15","EU-15","Sources",2020,"Year","Vint_2020","GHG emissions - (MTCO2eq)","sum","N2O","resid heating","pal_all","pal_all","NoRusGas_constrained_ModelOptimal","nonCO2 emissions by sector","Tg",2020,1.21892474,0.004599716,"sector","ghg","emissGHGBySectorBuildingsGWPAR5"
"NoRusGas_constrained_ModelOptimal","EU-15","EU-15","Sources",2020,"Year","Vint_2020","GHG emissions - (MTCO2eq)","sum","N2O","resid others","pal_all","pal_all","NoRusGas_constrained_ModelOptimal","nonCO2 emissions by sector","Tg",2020,0.29228387,0.001102958,"sector","ghg","emissGHGBySectorBuildingsGWPAR5"
"NoRusGas_constrained_ModelOptimal","EU-15","EU-15","Sources",2025,"Year","Vint_2025","GHG emissions - (MTCO2eq)","sum","CH4","comm cooling","pal_all","pal_all","NoRusGas_constrained_ModelOptimal","nonCO2 emissions by sector","Tg",2025,7.772968e-07,2.77606e-08,"sector","ghg","emissGHGBySectorBuildingsGWPAR5"
"NoRusGas_constrained_ModelOptimal","EU-15","EU-15","Sources",2025,"Year","Vint_2025","GHG emissions - (MTCO2eq)","sum","CH4","comm heating","pal_all","pal_all","NoRusGas_constrained_ModelOptimal","nonCO2 emissions by sector","Tg",2025,0.670524325128,0.023947297326,"sector","ghg","emissGHGBySectorBuildingsGWPAR5"
"NoRusGas_constrained_ModelOptimal","EU-15","EU-15","Sources",2025,"Year","Vint_2025","GHG emissions - (MTCO2eq)","sum","CH4","comm others","pal_all","pal_all","NoRusGas_constrained_ModelOptimal","nonCO2 emissions by sector","Tg",2025,0.607282188576,0.021688649592,"sector","ghg","emissGHGBySectorBuildingsGWPAR5"
"NoRusGas_constrained_ModelOptimal","EU-15","EU-15","Sources",2025,"Year","Vint_2025","GHG emissions - (MTCO2eq)","sum","CH4","resid heating","pal_all","pal_all","NoRusGas_constrained_ModelOptimal","nonCO2 emissions by sector","Tg",2025,13.00665884,0.46452353,"sector","ghg","emissGHGBySectorBuildingsGWPAR5"
"NoRusGas_constrained_ModelOptimal","EU-15","EU-15","Sources",2025,"Year","Vint_2025","GHG emissions - (MTCO2eq)","sum","CH4","resid others","pal_all","pal_all","NoRusGas_constrained_ModelOptimal","nonCO2 emissions by sector","Tg",2025,2.2352875608,0.0798316986,"sector","ghg","emissGHGBySectorBuildingsGWPAR5"
"NoRusGas_constrained_ModelOptimal","EU-15","EU-15","Sources",2025,"Year","Vint_2025","GHG emissions - (MTCO2eq)","sum","HFCs","comm cooling","pal_all","pal_all","NoRusGas_constrained_ModelOptimal","nonCO2 emissions by sector","Gg",2025,32.80103513955,9.22673281,"sector","ghg","emissGHGBySectorBuildingsGWPAR5"
"NoRusGas_constrained_ModelOptimal","EU-15","EU-15","Sources",2025,"Year","Vint_2025","GHG emissions - (MTCO2eq)","sum","HFCs","resid cooling","pal_all","pal_all","NoRusGas_constrained_ModelOptimal","nonCO2 emissions by sector","Gg",2025,33.99979713705,9.56393731,"sector","ghg","emissGHGBySectorBuildingsGWPAR5"
"NoRusGas_constrained_ModelOptimal","EU-15","EU-15","Sources",2025,"Year","Vint_2025","GHG emissions - (MTCO2eq)","sum","N2O","comm heating","pal_all","pal_all","NoRusGas_constrained_ModelOptimal","nonCO2 emissions by sector","Tg",2025,0.196444779575,0.000741301055,"sector","ghg","emissGHGBySectorBuildingsGWPAR5"
"NoRusGas_constrained_ModelOptimal","EU-15","EU-15","Sources",2025,"Year","Vint_2025","GHG emissions - (MTCO2eq)","sum","N2O","comm others","pal_all","pal_all","NoRusGas_constrained_ModelOptimal","nonCO2 emissions by sector","Tg",2025,0.0669715929595,0.0002527229923,"sector","ghg","emissGHGBySectorBuildingsGWPAR5"
"NoRusGas_constrained_ModelOptimal","EU-15","EU-15","Sources",2025,"Year","Vint_2025","GHG emissions - (MTCO2eq)","sum","N2O","resid heating","pal_all","pal_all","NoRusGas_constrained_ModelOptimal","nonCO2 emissions by sector","Tg",2025,2.2756928,0.00858752,"sector","ghg","emissGHGBySectorBuildingsGWPAR5"
"NoRusGas_constrained_ModelOptimal","EU-15","EU-15","Sources",2025,"Year","Vint_2025","GHG emissions - (MTCO2eq)","sum","N2O","resid others","pal_all","pal_all","NoRusGas_constrained_ModelOptimal","nonCO2 emissions by sector","Tg",2025,0.295726962,0.0011159508,"sector","ghg","emissGHGBySectorBuildingsGWPAR5"
"NoRusGas_constrained_ModelOptimal","EU-15","EU-15","Sources",2030,"Year","Vint_2030","GHG emissions - (MTCO2eq)","sum","CH4","comm cooling","pal_all","pal_all","NoRusGas_constrained_ModelOptimal","nonCO2 emissions by sector","Tg",2030,5.982956e-07,2.13677e-08,"sector","ghg","emissGHGBySectorBuildingsGWPAR5"
"NoRusGas_constrained_ModelOptimal","EU-15","EU-15","Sources",2030,"Year","Vint_2030","GHG emissions - (MTCO2eq)","sum","CH4","comm heating","pal_all","pal_all","NoRusGas_constrained_ModelOptimal","nonCO2 emissions by sector","Tg",2030,0.66352849696,0.02369744632,"sector","ghg","emissGHGBySectorBuildingsGWPAR5"
"NoRusGas_constrained_ModelOptimal","EU-15","EU-15","Sources",2030,"Year","Vint_2030","GHG emissions - (MTCO2eq)","sum","CH4","comm others","pal_all","pal_all","NoRusGas_constrained_ModelOptimal","nonCO2 emissions by sector","Tg",2030,0.61600002786,0.022000000995,"sector","ghg","emissGHGBySectorBuildingsGWPAR5"
"NoRusGas_constrained_ModelOptimal","EU-15","EU-15","Sources",2030,"Year","Vint_2030","GHG emissions - (MTCO2eq)","sum","CH4","resid heating","pal_all","pal_all","NoRusGas_constrained_ModelOptimal","nonCO2 emissions by sector","Tg",2030,15.23412016,0.54407572,"sector","ghg","emissGHGBySectorBuildingsGWPAR5"
"NoRusGas_constrained_ModelOptimal","EU-15","EU-15","Sources",2030,"Year","Vint_2030","GHG emissions - (MTCO2eq)","sum","CH4","resid others","pal_all","pal_all","NoRusGas_constrained_ModelOptimal","nonCO2 emissions by sector","Tg",2030,2.665562228,0.095198651,"sector","ghg","emissGHGBySectorBuildingsGWPAR5"
"NoRusGas_constrained_ModelOptimal","EU-15","EU-15","Sources",2030,"Year","Vint_2030","GHG emissions - (MTCO2eq)","sum","HFCs","comm cooling","pal_all","pal_all","NoRusGas_constrained_ModelOptimal","nonCO2 emissions by sector","Gg",2030,34.50797948115,9.70688593,"sector","ghg","emissGHGBySectorBuildingsGWPAR5"
"NoRusGas_constrained_ModelOptimal","EU-15","EU-15","Sources",2030,"Year","Vint_2030","GHG emissions - (MTCO2eq)","sum","HFCs","resid cooling","pal_all","pal_all","NoRusGas_constrained_ModelOptimal","nonCO2 emissions by sector","Gg",2030,35.43002006535,9.96625037,"sector","ghg","emissGHGBySectorBuildingsGWPAR5"
"NoRusGas_constrained_ModelOptimal","EU-15","EU-15","Sources",2030,"Year","Vint_2030","GHG emissions - (MTCO2eq)","sum","N2O","comm heating","pal_all","pal_all","NoRusGas_constrained_ModelOptimal","nonCO2 emissions by sector","Tg",2030,0.27806795719,0.001049313046,"sector","ghg","emissGHGBySectorBuildingsGWPAR5"
"NoRusGas_constrained_ModelOptimal","EU-15","EU-15","Sources",2030,"Year","Vint_2030","GHG emissions - (MTCO2eq)","sum","N2O","comm others","pal_all","pal_all","NoRusGas_constrained_ModelOptimal","nonCO2 emissions by sector","Tg",2030,0.085993722498,0.0003245046132,"sector","ghg","emissGHGBySectorBuildingsGWPAR5"
"NoRusGas_constrained_ModelOptimal","EU-15","EU-15","Sources",2030,"Year","Vint_2030","GHG emissions - (MTCO2eq)","sum","N2O","resid heating","pal_all","pal_all","NoRusGas_constrained_ModelOptimal","nonCO2 emissions by sector","Tg",2030,2.923645095,0.011032623,"sector","ghg","emissGHGBySectorBuildingsGWPAR5"
"NoRusGas_constrained_ModelOptimal","EU-15","EU-15","Sources",2030,"Year","Vint_2030","GHG emissions - (MTCO2eq)","sum","N2O","resid others","pal_all","pal_all","NoRusGas_constrained_ModelOptimal","nonCO2 emissions by sector","Tg",2030,0.40738096225,0.00153728665,"sector","ghg","emissGHGBySectorBuildingsGWPAR5"
